angle,vert_angle,dist,x,y,z,height
225.0,22.5,55.13053894042969,159.27938842773438,50.89347457885742,129.02308654785156,9.139041900634766
226.0,22.5,54.34292221069336,160.4789276123047,51.07152557373047,129.14840698242188,9.139041900634766
227.0,22.5,53.519264221191406,161.69528198242188,51.25771713256836,129.21812438964844,9.139041900634766
228.0,22.5,53.38250732421875,162.4464569091797,51.288631439208984,129.74659729003906,9.139041900634766
229.0,22.5,53.48146057128906,163.05148315429688,51.26626205444336,130.4310302734375,9.139041900634766
230.0,22.5,53.59434509277344,163.66073608398438,51.240745544433594,131.11618041992188,9.139041900634766
231.0,22.5,54.03382110595703,164.0789337158203,51.141395568847656,132.03562927246094,9.139041900634766
232.0,22.5,54.823585510253906,164.30430603027344,50.962867736816406,133.2176971435547,9.139041900634766
226.0,16.875,56.57075500488281,158.0468292236328,50.72065734863281,129.8162078857422,9.139041900634766
227.0,16.875,55.07361602783203,159.7548370361328,51.055057525634766,129.47862243652344,9.139041900634766
228.0,16.875,54.01008987426758,161.14361572265625,51.2926025390625,129.39602661132812,9.139041900634766
229.0,16.875,53.7376708984375,161.98916625976562,51.353450775146484,129.83822631835938,9.139041900634766
230.0,16.875,53.746620178222656,162.6544647216797,51.35145568847656,130.46542358398438,9.139041900634766
231.0,16.875,53.907161712646484,163.23324584960938,51.31559371948242,131.1920623779297,9.139041900634766
232.0,16.875,54.5089111328125,163.54873657226562,51.18118667602539,132.2384490966797,9.139041900634766
233.0,16.875,54.999351501464844,163.95896911621094,51.0716438293457,133.2017059326172,9.139041900634766
229.0,11.25,55.21611785888672,160.09689331054688,51.291099548339844,130.1012725830078,9.139041900634766
230.0,11.25,54.434776306152344,161.2981414794922,51.461830139160156,130.2022705078125,9.139041900634766
231.0,11.25,54.22218322753906,162.11599731445312,51.50828170776367,130.68214416503906,9.139041900634766
232.0,11.25,54.657020568847656,162.52047729492188,51.41326904296875,131.61814880371094,9.139041900634766
233.0,11.25,54.91701889038086,163.05770874023438,51.3564567565918,132.42214965820312,9.139041900634766
234.0,11.25,56.31830596923828,162.90328979492188,51.050262451171875,134.07838439941406,9.139041900634766
