angle,vert_angle,dist,x,y,z,height
43.0,22.5,47.8690185546875,56.89426040649414,11.909801483154297,150.81126403808594,18.096574783325195
44.0,22.5,45.26276397705078,55.28342056274414,12.271429061889648,148.64002990722656,18.096574783325195
45.0,22.5,42.96599197387695,53.861297607421875,12.590112686157227,146.70814514160156,18.096574783325195
46.0,22.5,41.47663116455078,53.04933166503906,12.79676342010498,145.27685546875,18.096574783325195
47.0,22.5,39.82994842529297,52.06722640991211,13.025246620178223,143.79754638671875,18.096574783325195
48.0,22.5,38.12663650512695,50.99654006958008,13.261589050292969,142.33033752441406,18.096574783325195
49.0,22.5,34.85334396362305,48.54705810546875,13.715764999389648,140.11557006835938,18.096574783325195
50.0,16.875,46.58312225341797,59.26666259765625,16.56696319580078,145.6005096435547,18.096574783325195
51.0,16.875,44.325294494628906,57.68431854248047,16.663166046142578,143.8081512451172,18.096574783325195
52.0,16.875,42.63465118408203,56.55405044555664,16.735198974609375,142.34181213378906,18.096574783325195
53.0,16.875,40.77635955810547,55.23525619506836,16.814374923706055,140.8463592529297,18.096574783325195
54.0,16.875,39.19851303100586,54.12872314453125,16.88160514831543,139.52474975585938,18.096574783325195
55.0,16.875,36.439720153808594,51.91565704345703,16.99915313720703,137.75450134277344,18.096574783325195
59.0,11.25,46.99077606201172,62.73480224609375,21.086807250976562,139.1230010986328,18.096574783325195
60.0,11.25,44.58269119262695,60.75360870361328,20.956897735595703,137.5440216064453,18.096574783325195
61.0,11.25,42.752906799316406,59.278343200683594,20.858184814453125,136.224609375,18.096574783325195
62.0,11.25,36.29985046386719,53.37221145629883,20.51005744934082,133.55821228027344,18.096574783325195
