angle,vert_angle,dist,x,y,z,height
56.0,-22.5,13.211687088012695,41.72493362426758,56.025184631347656,84.14940643310547,66.79119110107422
