angle,vert_angle,dist,x,y,z,height
224.0,-22.5,55.48799514770508,160.20486450195312,51.39337158203125,130.5619354248047,9.149113655090332
225.0,-22.5,54.58222579956055,161.4929962158203,51.59178924560547,130.56846618652344,9.149113655090332
226.0,-22.5,55.443275451660156,161.61375427246094,51.403167724609375,131.8209991455078,9.149113655090332
227.0,-22.5,55.227943420410156,162.4578399658203,51.450340270996094,132.28965759277344,9.149113655090332
228.0,-22.5,57.12135314941406,161.9816436767578,51.03557205200195,134.31475830078125,9.149113655090332
