angle,vert_angle,dist,x,y,z,height
344.0,-22.5,26.320837020874023,164.9051055908203,50.81893539428711,132.70700073242188,38.20658493041992
345.0,-22.5,25.423202514648438,164.46302795410156,50.87432861328125,133.60716247558594,38.20658493041992
346.0,-22.5,25.099231719970703,164.03187561035156,50.89432144165039,133.94227600097656,38.20658493041992
347.0,-22.5,25.026174545288086,163.5989532470703,50.89883041381836,134.03453063964844,38.20658493041992
348.0,-22.5,24.790325164794922,163.1804656982422,50.91338348388672,134.29632568359375,38.20658493041992
349.0,-22.5,24.704782485961914,162.7574920654297,50.918663024902344,134.41561889648438,38.20658493041992
350.0,-22.5,24.52352523803711,162.34823608398438,50.92985153198242,134.6371307373047,38.20658493041992
351.0,-22.5,24.61507225036621,161.91259765625,50.924198150634766,134.5951690673828,38.20658493041992
352.0,-22.5,24.799835205078125,161.46170043945312,50.91279602050781,134.46890258789062,38.20658493041992
353.0,-22.5,24.952415466308594,161.01055908203125,50.90338134765625,134.38272094726562,38.20658493041992
354.0,-22.5,24.996328353881836,160.5742645263672,50.900672912597656,134.4116668701172,38.20658493041992
355.0,-22.5,25.476306915283203,160.05438232421875,50.87105178833008,134.0211944580078,38.20658493041992
356.0,-22.5,25.890323638916016,159.53330993652344,50.84550094604492,133.70591735839844,38.20658493041992
357.0,-22.5,26.342453002929688,158.99119567871094,50.81760025024414,133.36428833007812,38.20658493041992
358.0,-22.5,26.85443878173828,158.42105102539062,50.78600311279297,132.97605895996094,38.20658493041992
359.0,-22.5,28.10483741760254,157.64422607421875,50.708839416503906,131.8883514404297,38.20658493041992
