angle,vert_angle,dist,x,y,z,height
81.0,22.5,31.61709976196289,19.527482986450195,36.651920318603516,103.0577392578125,14.957527160644531
71.0,16.875,21.866865158081055,16.180940628051758,29.616559982299805,109.0851821899414,14.957527160644531
72.0,16.875,33.03974914550781,20.12784194946289,38.544715881347656,103.64249420166016,14.957527160644531
61.0,11.25,20.04593276977539,15.61648941040039,28.48650360107422,110.62313842773438,14.957527160644531
62.0,11.25,27.700809478759766,18.342506408691406,34.72757339477539,107.12003326416016,14.957527160644531
63.0,11.25,36.45729064941406,21.353490829467773,41.866783142089844,103.02799987792969,14.957527160644531
52.0,5.625,21.814409255981445,16.287715911865234,30.11078453063965,110.2007827758789,14.957527160644531
53.0,5.625,28.59914207458496,18.6785945892334,35.69915771484375,107.17630004882812,14.957527160644531
54.0,5.625,37.452552795410156,21.728105545043945,42.99143600463867,103.17493438720703,14.957527160644531
43.0,0.0,19.128498077392578,15.362014770507812,27.90671157836914,111.43621063232422,14.957527160644531
44.0,0.0,23.322797775268555,16.823762893676758,31.363231658935547,109.5516586303711,14.957527160644531
45.0,0.0,31.686418533325195,19.78166961669922,38.25568389892578,105.84123992919922,14.957527160644531
46.0,0.0,42.56303787231445,23.53339385986328,47.21910095214844,100.94078063964844,14.957527160644531
37.0,-5.625,22.720291137695312,16.586347579956055,30.69615936279297,109.4687728881836,14.957527160644531
38.0,-5.625,31.05588722229004,19.527454376220703,37.502952575683594,105.65154266357422,14.957527160644531
32.0,-11.25,26.297245025634766,17.797626495361328,33.21287536621094,107.06318664550781,14.957527160644531
33.0,-11.25,35.573455810546875,20.988983154296875,40.64519119262695,102.5105972290039,14.957527160644531
28.0,-16.875,26.98613166809082,17.925678253173828,33.14181137084961,105.630859375,14.957527160644531
25.0,-22.5,21.628597259521484,15.818099975585938,28.311506271362305,107.31301879882812,14.957527160644531
