angle,vert_angle,dist,x,y,z,height
351.0,5.625,46.607940673828125,23.00930404663086,19.022396087646484,67.59447479248047,61.08598327636719
352.0,5.625,48.91384506225586,22.091625213623047,17.116519927978516,66.56359100341797,61.08598327636719
10.0,0.0,39.96333312988281,18.568004608154297,22.769615173339844,78.1619644165039,61.08598327636719
11.0,0.0,43.69408416748047,17.001264572143555,19.523189544677734,77.13546752929688,61.08598327636719
12.0,0.0,44.99836730957031,16.272031784057617,18.388229370117188,76.97222900390625,61.08598327636719
13.0,0.0,45.931190490722656,15.668950080871582,17.57650375366211,76.95204162597656,61.08598327636719
14.0,0.0,46.83555603027344,15.070924758911133,16.789546966552734,76.95756530761719,61.08598327636719
15.0,0.0,47.51054382324219,14.554885864257812,16.202186584472656,77.05181884765625,61.08598327636719
16.0,0.0,47.98948669433594,14.112171173095703,15.785419464111328,77.22008514404297,61.08598327636719
17.0,0.0,48.65418243408203,13.597590446472168,15.207012176513672,77.34317779541016,61.08598327636719
18.0,0.0,49.16891098022461,13.140937805175781,14.759109497070312,77.52405548095703,61.08598327636719
19.0,0.0,49.715301513671875,12.672235488891602,14.283649444580078,77.70731353759766,61.08598327636719
80.0,0.0,49.60696792602539,10.421794891357422,14.377922058105469,102.44390106201172,61.08598327636719
81.0,0.0,49.25297546386719,10.763273239135742,14.685955047607422,102.7513198852539,61.08598327636719
82.0,0.0,48.92467498779297,11.097442626953125,14.971637725830078,103.05580139160156,61.08598327636719
