angle,vert_angle,dist,x,y,z,height
292.0,22.5,9.425905227661133,7.075606822967529,13.183772087097168,117.39646911621094,12.949222564697266
295.0,16.875,9.971847534179688,7.3829145431518555,13.98946762084961,118.05997467041016,12.949222564697266
