angle,vert_angle,dist,x,y,z,height
337.0,11.25,11.75802993774414,33.03922653198242,54.29126739501953,85.54629516601562,65.13536071777344
107.0,5.625,31.354122161865234,20.027334213256836,39.305755615234375,110.52286529541016,65.13536071777344
201.0,5.625,48.758235931396484,60.810997009277344,26.625648498535156,114.18877410888672,65.13536071777344
343.0,5.625,12.470176696777344,31.771482467651367,53.06401443481445,85.9983901977539,65.13536071777344
101.0,0.0,48.18427658081055,13.523541450500488,24.478885650634766,116.19659423828125,65.13536071777344
349.0,0.0,14.543676376342773,30.200502395629883,50.779144287109375,86.01554107666016,65.13536071777344
354.0,-11.25,46.9783821105957,18.60118293762207,21.501972198486328,76.43852233886719,65.13536071777344
11.0,-16.875,34.73802947998047,19.84425163269043,31.07145881652832,87.93424987792969,65.13536071777344
12.0,-16.875,42.4002571105957,16.584163665771484,24.216541290283203,86.84740447998047,65.13536071777344
13.0,-16.875,43.73775100708008,15.903627395629883,23.019973754882812,86.92951202392578,65.13536071777344
14.0,-16.875,45.22706604003906,15.157464981079102,21.68756866455078,87.00891876220703,65.13536071777344
15.0,-16.875,46.88011932373047,14.339982986450195,20.208690643310547,87.08724975585938,65.13536071777344
16.0,-16.875,47.31640625,14.033851623535156,19.818374633789062,87.36860656738281,65.13536071777344
17.0,-16.875,48.071067810058594,13.596281051635742,19.14322280883789,87.61463165283203,65.13536071777344
18.0,-16.875,48.700374603271484,13.214875221252441,18.580219268798828,87.89021301269531,65.13536071777344
19.0,-16.875,48.97776412963867,12.988122940063477,18.332054138183594,88.2203369140625,65.13536071777344
20.0,-16.875,49.16431427001953,12.805802345275879,18.165164947509766,88.56693267822266,65.13536071777344
21.0,-16.875,49.41025924682617,12.603438377380371,17.94512939453125,88.91165924072266,65.13536071777344
22.0,-16.875,49.93029022216797,12.287338256835938,17.479888916015625,89.2342758178711,65.13536071777344
