angle,vert_angle,dist,x,y,z,height
304.0,22.5,11.648845672607422,6.2747368812561035,12.323357582092285,118.49295806884766,11.607041358947754
308.0,11.25,10.992361068725586,7.520222187042236,13.857001304626465,117.79923248291016,11.607041358947754
