angle,vert_angle,dist,x,y,z,height
123.0,-11.25,6.142716884613037,89.34190368652344,25.05086898803711,209.4788055419922,24.09292221069336
