angle,vert_angle,dist,x,y,z,height
342.0,22.5,9.641395568847656,32.493778228759766,53.33355712890625,85.07688903808594,62.571563720703125
206.0,16.875,49.965980529785156,61.250450134277344,25.617897033691406,116.77296447753906,62.571563720703125
348.0,16.875,9.800420761108398,31.54376792907715,52.553558349609375,85.64644622802734,62.571563720703125
114.0,11.25,36.00450897216797,17.281673431396484,32.69864273071289,111.49012756347656,62.571563720703125
353.0,0.0,45.22404479980469,22.172502517700195,21.18231964111328,70.67515563964844,62.571563720703125
354.0,0.0,48.417564392089844,20.99620246887207,18.502914428710938,69.32121276855469,62.571563720703125
14.0,-5.625,42.665950775146484,16.866878509521484,21.595420837402344,80.46854400634766,62.571563720703125
15.0,-5.625,44.92588424682617,15.788397789001465,19.60750961303711,80.11573791503906,62.571563720703125
16.0,-5.625,46.31975555419922,15.029143333435059,18.38140869140625,80.03507995605469,62.571563720703125
17.0,-5.625,47.450294494628906,14.365460395812988,17.386947631835938,80.04778289794922,62.571563720703125
18.0,-5.625,48.092742919921875,13.890921592712402,16.821826934814453,80.20732879638672,62.571563720703125
19.0,-5.625,48.65477752685547,13.448676109313965,16.327442169189453,80.40005493164062,62.571563720703125
20.0,-5.625,49.12540817260742,13.044548034667969,15.913459777832031,80.62702178955078,62.571563720703125
21.0,-5.625,49.49137496948242,12.685426712036133,15.591545104980469,80.88948822021484,62.571563720703125
22.0,-5.625,49.895668029785156,12.313529968261719,15.235908508300781,81.15188598632812,62.571563720703125
74.0,-5.625,49.9322509765625,11.098947525024414,15.203731536865234,101.93167114257812,62.571563720703125
75.0,-5.625,49.524723052978516,11.439722061157227,15.562210083007812,102.2347640991211,62.571563720703125
