angle,vert_angle,dist,x,y,z,height
33.0,22.5,27.252721786499023,16.789945602416992,29.776945114135742,104.8747329711914,12.00308609008789
30.0,16.875,35.00489044189453,19.461349487304688,34.64590072631836,99.24330139160156,12.00308609008789
27.0,11.25,18.325712203979492,13.174120903015137,21.942838668823242,108.14022064208984,12.00308609008789
23.0,0.0,35.78171920776367,19.428071975708008,30.832569122314453,94.10645294189453,12.00308609008789
24.0,0.0,17.676572799682617,12.582246780395508,19.938905715942383,106.84937286376953,12.00308609008789
23.0,-5.625,19.428064346313477,13.014203071594238,19.964282989501953,104.70613861083984,12.00308609008789
22.0,-11.25,25.708290100097656,15.02268123626709,21.91376495361328,98.8609848022461,12.00308609008789
23.0,-11.25,30.66990089416504,16.268199920654297,24.347572326660156,94.69862365722656,12.00308609008789
23.0,-16.875,25.204612731933594,14.053632736206055,20.080150604248047,98.073486328125,12.00308609008789
24.0,-16.875,28.688365936279297,14.693563461303711,21.569740295410156,94.96090698242188,12.00308609008789
24.0,-22.5,21.94727325439453,12.383477210998535,17.215490341186523,99.9531021118164,12.00308609008789
25.0,-22.5,24.39257049560547,12.677204132080078,18.097063064575195,97.66008758544922,12.00308609008789
