angle,vert_angle,dist,x,y,z,height
88.0,-22.5,46.01921081542969,37.09682083129883,67.99713897705078,94.66192626953125,8.55337905883789
89.0,-22.5,45.05858612060547,38.30731964111328,68.2108154296875,94.55150604248047,8.55337905883789
90.0,-22.5,44.49071502685547,39.239524841308594,68.3371353149414,94.68549346923828,8.55337905883789
91.0,-22.5,44.417869567871094,39.839683532714844,68.35334014892578,95.15135955810547,8.55337905883789
92.0,-22.5,44.417076110839844,40.40024185180664,68.353515625,95.65830993652344,8.55337905883789
93.0,-22.5,44.49695587158203,40.918296813964844,68.33574676513672,96.21504211425781,8.55337905883789
94.0,-22.5,44.89823913574219,41.24692153930664,68.2464828491211,97.0046615600586,8.55337905883789
95.0,-22.5,45.299964904785156,41.59431076049805,68.1571273803711,97.7930908203125,8.55337905883789
96.0,-22.5,46.01020050048828,41.77690887451172,67.9991455078125,98.81758880615234,8.55337905883789
97.0,-22.5,46.791160583496094,41.945796966552734,67.82542419433594,99.90135192871094,8.55337905883789
98.0,-22.5,48.17240905761719,41.80290603637695,67.51817321777344,101.46520233154297,8.55337905883789
99.0,-22.5,49.95891189575195,41.481719970703125,67.12078857421875,103.36975860595703,8.55337905883789
