angle,vert_angle,dist,x,y,z,height
297.0,-22.5,49.9161491394043,143.27407836914062,8.397521018981934,60.34172058105469,7.9953789710998535
298.0,-22.5,49.81132888793945,143.9823455810547,8.398895263671875,59.82536697387695,7.9953789710998535
299.0,-22.5,49.62926483154297,144.6404266357422,8.40128231048584,59.23127365112305,7.9953789710998535
300.0,-22.5,49.44843292236328,145.28598022460938,8.403654098510742,58.628482818603516,7.9953789710998535
301.0,-22.5,49.6202392578125,146.10887145996094,8.40140151977539,58.31283187866211,7.9953789710998535
302.0,-22.5,49.55656433105469,146.79791259765625,8.402235984802246,57.78538513183594,7.9953789710998535
303.0,-22.5,49.455657958984375,147.4555206298828,8.403558731079102,57.216026306152344,7.9953789710998535
304.0,-22.5,49.57215881347656,148.2285614013672,8.402031898498535,56.81277084350586,7.9953789710998535
305.0,-22.5,49.61591339111328,148.95260620117188,8.401457786560059,56.33658981323242,7.9953789710998535
306.0,-22.5,49.72832489013672,149.71084594726562,8.399984359741211,55.90167999267578,7.9953789710998535
307.0,-22.5,49.974266052246094,150.54644775390625,8.396759033203125,55.556549072265625,7.9953789710998535
