angle,vert_angle,dist,x,y,z,height
168.0,22.5,49.252891540527344,7.935928821563721,13.716177940368652,115.16155242919922,9.766448974609375
169.0,22.5,40.43899154663086,9.301100730895996,12.783027648925781,106.46958923339844,9.766448974609375
321.0,22.5,7.964268684387207,15.772075653076172,9.344843864440918,59.56342315673828,9.766448974609375
279.0,16.875,48.68403625488281,58.30348205566406,8.928300857543945,52.413917541503906,9.766448974609375
