angle,vert_angle,dist,x,y,z,height
62.0,22.5,35.5905876159668,25.71984100341797,53.60139465332031,105.97068786621094,25.159822463989258
47.0,16.875,35.896358489990234,26.144309997558594,54.217323303222656,107.2283935546875,25.159822463989258
38.0,11.25,21.8950138092041,21.05684471130371,41.71726989746094,110.99146270751953,25.159822463989258
39.0,11.25,19.365554809570312,20.12184715270996,39.45248794555664,111.63978576660156,25.159822463989258
28.0,5.625,34.47859191894531,25.404579162597656,52.72161102294922,106.67835235595703,25.159822463989258
25.0,0.0,20.638341903686523,20.34365463256836,40.10137176513672,109.80016326904297,25.159822463989258
20.0,-5.625,33.031837463378906,24.332386016845703,50.092185974121094,103.47357177734375,25.159822463989258
21.0,-5.625,24.50616455078125,21.443111419677734,42.870704650878906,106.97486114501953,25.159822463989258
19.0,-11.25,23.091358184814453,20.734817504882812,40.916900634765625,106.05973052978516,25.159822463989258
