angle,vert_angle,dist,x,y,z,height
359.0,-11.25,26.11286163330078,22.007673263549805,26.622997283935547,76.04650115966797,12.011866569519043
14.0,-22.5,29.33184051513672,26.2880916595459,32.61124038696289,75.25987243652344,12.011866569519043
15.0,-22.5,23.917131423950195,26.701904296875,28.45542335510254,71.80084991455078,12.011866569519043
16.0,-22.5,21.165271759033203,26.9822940826416,26.343351364135742,70.04112243652344,12.011866569519043
17.0,-22.5,18.623079299926758,27.20250701904297,24.3922061920166,68.41120910644531,12.011866569519043
18.0,-22.5,16.900022506713867,27.380313873291016,23.069751739501953,67.30313873291016,12.011866569519043
19.0,-22.5,14.950084686279297,27.5129337310791,21.573162078857422,66.04754638671875,12.011866569519043
65.0,-22.5,13.333911895751953,33.49099349975586,20.332740783691406,62.128170013427734,12.011866569519043
66.0,-22.5,20.768686294555664,37.217288970947266,26.038972854614258,65.1054458618164,12.011866569519043
