angle,vert_angle,dist,x,y,z,height
333.0,-22.5,27.761384963989258,163.434814453125,51.28604507446289,131.29042053222656,38.244991302490234
334.0,-22.5,26.525476455688477,163.03939819335938,51.343021392822266,132.5520477294922,38.244991302490234
335.0,-22.5,26.464523315429688,162.58380126953125,51.345829010009766,132.64955139160156,38.244991302490234
336.0,-22.5,26.408462524414062,162.1304931640625,51.34841537475586,132.75003051757812,38.244991302490234
337.0,-22.5,26.401567459106445,161.67393493652344,51.348731994628906,132.80955505371094,38.244991302490234
338.0,-22.5,26.19351577758789,161.24684143066406,51.35832214355469,133.0759735107422,38.244991302490234
339.0,-22.5,26.575868606567383,160.7350616455078,51.3406982421875,132.76686096191406,38.244991302490234
340.0,-22.5,26.953197479248047,160.21226501464844,51.32330322265625,132.4727783203125,38.244991302490234
341.0,-22.5,28.60364532470703,159.4337158203125,51.24721908569336,130.94097900390625,38.244991302490234
