angle,vert_angle,dist,x,y,z,height
79.0,22.5,18.136310577392578,14.946157455444336,26.87786102294922,110.72254180908203,15.273634910583496
80.0,22.5,30.505611419677734,19.3382625579834,36.73657989501953,104.67472076416016,15.273634910583496
69.0,16.875,22.73077392578125,16.722553253173828,31.072908401489258,109.54808044433594,15.273634910583496
70.0,16.875,31.39096450805664,19.757652282714844,38.17845916748047,105.62771606445312,15.273634910583496
58.0,11.25,20.062625885009766,15.83298110961914,29.195741653442383,111.43204498291016,15.273634910583496
59.0,11.25,27.60146713256836,18.53526496887207,35.49848937988281,108.29230499267578,15.273634910583496
60.0,11.25,35.176902770996094,21.142961502075195,41.831825256347656,105.04192352294922,15.273634910583496
48.0,5.625,21.637954711914062,16.458078384399414,30.675065994262695,111.1902847290039,15.273634910583496
49.0,5.625,27.89284324645996,18.680082321166992,35.9512939453125,108.66030883789062,15.273634910583496
50.0,5.625,35.66832733154297,21.380279541015625,42.51020050048828,105.46105194091797,15.273634910583496
39.0,0.0,16.154998779296875,14.377299308776855,26.039920806884766,113.2518081665039,15.273634910583496
40.0,0.0,25.72420310974121,17.905519485473633,34.105926513671875,109.49713897705078,15.273634910583496
41.0,0.0,33.645652770996094,20.68865966796875,40.78302764892578,106.25735473632812,15.273634910583496
42.0,0.0,42.36537170410156,23.653196334838867,48.13298797607422,102.60377502441406,15.273634910583496
32.0,-5.625,19.4578914642334,15.63586139678955,28.65389060974121,111.6263427734375,15.273634910583496
33.0,-5.625,24.197402954101562,17.295047760009766,32.607460021972656,109.59583282470703,15.273634910583496
34.0,-5.625,32.921356201171875,20.365386962890625,39.884735107421875,105.8816146850586,15.273634910583496
27.0,-11.25,18.89287757873535,15.343791961669922,27.865646362304688,111.14649200439453,15.273634910583496
28.0,-11.25,26.73961067199707,18.135040283203125,34.27954864501953,107.58375549316406,15.273634910583496
29.0,-11.25,35.11835479736328,20.99810218811035,41.12831115722656,103.68560791015625,15.273634910583496
24.0,-16.875,21.561260223388672,16.144031524658203,29.515363693237305,108.88016510009766,15.273634910583496
25.0,-16.875,38.700958251953125,22.18241310119629,43.102874755859375,100.3489761352539,15.273634910583496
