angle,vert_angle,dist,x,y,z,height
79.0,22.5,17.279335021972656,14.014426231384277,24.61197853088379,110.54219055175781,14.130319595336914
80.0,22.5,27.77545738220215,17.817094802856445,32.68247985839844,105.00729370117188,14.130319595336914
70.0,16.875,18.93231201171875,14.70714282989502,26.335498809814453,110.46484375,14.130319595336914
71.0,16.875,28.39632797241211,18.153226852416992,33.838626861572266,105.83277893066406,14.130319595336914
72.0,16.875,39.38044738769531,22.004655838012695,42.54690170288086,100.34553527832031,14.130319595336914
61.0,11.25,23.138370513916016,16.33808708190918,30.0465030670166,109.14948272705078,14.130319595336914
62.0,11.25,30.71412467956543,19.044466018676758,36.17584991455078,105.60357666015625,14.130319595336914
63.0,11.25,39.466426849365234,22.067852020263672,43.257102966308594,101.42681884765625,14.130319595336914
51.0,5.625,19.843769073486328,15.227068901062012,27.549121856689453,111.07611083984375,14.130319595336914
52.0,5.625,23.645301818847656,16.563615798950195,30.657066345214844,109.32872009277344,14.130319595336914
53.0,5.625,30.552330017089844,19.028736114501953,36.30390548706055,106.19561004638672,14.130319595336914
54.0,5.625,37.46179962158203,21.387413024902344,41.95274353027344,102.9732437133789,14.130319595336914
43.0,0.0,13.669609069824219,12.765799522399902,22.50967788696289,113.6581039428711,14.130319595336914
44.0,0.0,23.802734375,16.609920501708984,30.80011749267578,109.27583312988281,14.130319595336914
45.0,0.0,31.339086532592773,19.310081481933594,36.96600341796875,105.87543487548828,14.130319595336914
46.0,0.0,38.15827560424805,21.625106811523438,42.545143127441406,102.69178009033203,14.130319595336914
37.0,-5.625,23.11026954650879,16.352245330810547,30.065412521362305,109.26101684570312,14.130319595336914
38.0,-5.625,29.915210723876953,18.77484130859375,35.5833740234375,106.08888244628906,14.130319595336914
39.0,-5.625,37.07207489013672,21.22039031982422,41.38670349121094,102.67170715332031,14.130319595336914
32.0,-11.25,23.52606773376465,16.39048957824707,30.047664642333984,108.3429946899414,14.130319595336914
33.0,-11.25,33.46873474121094,19.93817901611328,37.95994186401367,103.46915435791016,14.130319595336914
28.0,-16.875,23.16353988647461,16.147228240966797,29.23220443725586,107.58399200439453,14.130319595336914
25.0,-22.5,25.81401252746582,17.014781951904297,30.50168228149414,105.02680969238281,14.130319595336914
