angle,vert_angle,dist,x,y,z,height
302.0,-11.25,5.37241792678833,7.5665507316589355,8.002197265625,55.537986755371094,8.46857738494873
303.0,-11.25,5.372413635253906,7.511255741119385,8.002197265625,55.613704681396484,8.46857738494873
314.0,-11.25,5.372416019439697,6.994143962860107,8.002197265625,56.50424575805664,8.46857738494873
315.0,-11.25,5.372412204742432,6.95579719543457,8.002197265625,56.58980941772461,8.46857738494873
316.0,-11.25,5.37241268157959,6.918947219848633,8.002197265625,56.676025390625,8.46857738494873
317.0,-11.25,5.37241268157959,6.883607864379883,8.002197265625,56.76287078857422,8.46857738494873
21.0,-16.875,6.276329517364502,7.237646102905273,8.217352867126465,62.96823501586914,8.46857738494873
37.0,-16.875,12.5850830078125,5.269292831420898,8.378752708435059,69.45018005371094,8.46857738494873
42.0,-16.875,17.544021606445312,4.001437187194824,8.505620002746582,74.41473388671875,8.46857738494873
198.0,-16.875,16.154054641723633,24.37053680419922,8.470059394836426,48.512123107910156,8.46857738494873
199.0,-16.875,15.215606689453125,23.474750518798828,8.446051597595215,48.90263366699219,8.46857738494873
201.0,-16.875,13.921680450439453,22.16776466369629,8.412947654724121,49.37470245361328,8.46857738494873
203.0,-16.875,12.536962509155273,20.844087600708008,8.377521514892578,49.98835754394531,8.46857738494873
211.0,-16.875,8.662710189819336,17.170730590820312,8.27840518951416,51.89070129394531,8.46857738494873
43.0,-22.5,9.994817733764648,7.517779350280762,8.66727352142334,67.7175064086914,8.46857738494873
193.0,-22.5,12.300548553466797,22.04487419128418,8.808110237121582,51.86275863647461,8.46857738494873
