angle,vert_angle,dist,x,y,z,height
83.0,-22.5,47.20012664794922,35.9028205871582,67.5897445678711,94.78329467773438,8.392441749572754
84.0,-22.5,45.49574661254883,37.68376541137695,67.96991729736328,94.32482147216797,8.392441749572754
85.0,-22.5,44.67182922363281,38.79294204711914,68.15370178222656,94.38015747070312,8.392441749572754
86.0,-22.5,44.34471130371094,39.53553771972656,68.2266616821289,94.73178100585938,8.392441749572754
87.0,-22.5,44.22576904296875,40.13274002075195,68.2531967163086,95.2055435180664,8.392441749572754
88.0,-22.5,44.19676971435547,40.67401123046875,68.2596664428711,95.72863006591797,8.392441749572754
89.0,-22.5,44.306785583496094,41.128692626953125,68.23512268066406,96.33819580078125,8.392441749572754
90.0,-22.5,44.7333984375,41.38217544555664,68.13996887207031,97.16426086425781,8.392441749572754
91.0,-22.5,45.052276611328125,41.72650909423828,68.06883239746094,97.91352844238281,8.392441749572754
92.0,-22.5,45.76169204711914,41.83477783203125,67.91059875488281,98.9446792602539,8.392441749572754
93.0,-22.5,46.42884063720703,41.99695587158203,67.76178741455078,99.95046997070312,8.392441749572754
94.0,-22.5,47.643123626708984,41.844852447509766,67.49092864990234,101.37113189697266,8.392441749572754
95.0,-22.5,49.026668548583984,41.63046646118164,67.18231964111328,102.93608856201172,8.392441749572754
