angle,vert_angle,dist,x,y,z,height
84.0,-22.5,46.24369812011719,36.872802734375,67.77214813232422,94.525634765625,8.410377502441406
85.0,-22.5,44.97995376586914,38.31173324584961,68.0555648803711,94.30672454833984,8.410377502441406
86.0,-22.5,44.4156494140625,39.228614807128906,68.18212127685547,94.50599670410156,8.410377502441406
87.0,-22.5,44.23154067993164,39.87291717529297,68.2234115600586,94.93658447265625,8.410377502441406
88.0,-22.5,44.17046356201172,40.436744689941406,68.23710632324219,95.43743133544922,8.410377502441406
89.0,-22.5,44.189449310302734,40.95366287231445,68.23284912109375,95.98312377929688,8.410377502441406
90.0,-22.5,44.460540771484375,41.31069564819336,68.17205047607422,96.69773864746094,8.410377502441406
91.0,-22.5,44.90473937988281,41.56924819946289,68.07243347167969,97.53327178955078,8.410377502441406
92.0,-22.5,45.29454040527344,41.88315963745117,67.98501586914062,98.3296127319336,8.410377502441406
93.0,-22.5,46.0911979675293,41.957679748535156,67.80635070800781,99.42557525634766,8.410377502441406
94.0,-22.5,46.97542190551758,42.00722885131836,67.6080551147461,100.59452056884766,8.410377502441406
95.0,-22.5,48.29855728149414,41.821739196777344,67.31133270263672,102.10600280761719,8.410377502441406
