angle,vert_angle,dist,x,y,z,height
26.0,22.5,31.78191375732422,18.402048110961914,33.004119873046875,102.15096282958984,11.662586212158203
23.0,16.875,20.739118576049805,14.224899291992188,24.013446807861328,107.23551177978516,11.662586212158203
22.0,11.25,17.992141723632812,12.912596702575684,21.296188354492188,107.84754180908203,11.662586212158203
20.0,5.625,40.757659912109375,21.20831871032715,34.56034469604492,91.2089614868164,11.662586212158203
19.0,0.0,31.910472869873047,17.767858505249023,27.318546295166016,95.79540252685547,11.662586212158203
20.0,0.0,37.600013732910156,19.309097290039062,30.541336059570312,91.33924865722656,11.662586212158203
19.0,-5.625,24.53970718383789,14.716056823730469,21.666690826416016,100.04766845703125,11.662586212158203
20.0,-5.625,32.079429626464844,16.832355499267578,25.483768463134766,93.88512420654297,11.662586212158203
20.0,-11.25,25.955547332763672,14.423504829406738,20.694961547851562,97.6393814086914,11.662586212158203
21.0,-11.25,29.68463897705078,15.141666412353516,22.34027099609375,94.34205627441406,11.662586212158203
21.0,-16.875,22.088008880615234,12.582841873168945,17.457809448242188,99.95616149902344,11.662586212158203
22.0,-16.875,24.338701248168945,12.838201522827148,18.29485321044922,97.84882354736328,11.662586212158203
23.0,-22.5,18.728609085083008,10.816499710083008,14.843403816223145,102.18665313720703,11.662586212158203
24.0,-22.5,20.892093658447266,10.991393089294434,15.490330696105957,100.10336303710938,11.662586212158203
25.0,-22.5,25.936622619628906,11.684142112731934,16.998746871948242,95.3239974975586,11.662586212158203
