angle,vert_angle,dist,x,y,z,height
130.0,-22.5,49.666656494140625,198.51229858398438,24.92415428161621,169.09326171875,8.755982398986816
131.0,-22.5,49.31240463256836,198.57896423339844,24.94953727722168,170.02203369140625,8.755982398986816
132.0,-22.5,49.01184844970703,198.6123504638672,24.971073150634766,170.92822265625,8.755982398986816
133.0,-22.5,48.67741012573242,198.69554138183594,24.995033264160156,171.8378143310547,8.755982398986816
134.0,-22.5,48.476985931396484,198.6668243408203,25.0093936920166,172.70628356933594,8.755982398986816
135.0,-22.5,48.35194396972656,198.58106994628906,25.018354415893555,173.55393981933594,8.755982398986816
136.0,-22.5,48.25757598876953,198.48077392578125,25.025114059448242,174.39413452148438,8.755982398986816
137.0,-22.5,48.020538330078125,198.53485107421875,25.042098999023438,175.26318359375,8.755982398986816
138.0,-22.5,47.97639846801758,198.41583251953125,25.04526138305664,176.09140014648438,8.755982398986816
139.0,-22.5,47.963951110839844,198.28025817871094,25.046152114868164,176.91549682617188,8.755982398986816
140.0,-22.5,47.989891052246094,198.12127685546875,25.044294357299805,177.73580932617188,8.755982398986816
141.0,-22.5,48.08203125,197.9111328125,25.03769302368164,178.55039978027344,8.755982398986816
142.0,-22.5,48.165157318115234,197.72396850585938,25.03173828125,179.3711700439453,8.755982398986816
143.0,-22.5,48.33953094482422,197.46043395996094,25.019243240356445,180.1875,8.755982398986816
144.0,-22.5,48.56229019165039,197.16281127929688,25.00328254699707,181.00735473632812,8.755982398986816
145.0,-22.5,48.89099884033203,196.7738037109375,24.9797306060791,181.829345703125,8.755982398986816
146.0,-22.5,49.15192794799805,196.46641540527344,24.961034774780273,182.66688537597656,8.755982398986816
147.0,-22.5,49.58402633666992,196.0028533935547,24.93007469177246,183.5092010498047,8.755982398986816
