angle,vert_angle,dist,x,y,z,height
0.0,22.5,10.32084846496582,0.9988255500793457,8.015100479125977,66.64364624023438,9.788877487182617
1.0,22.5,10.432350158691406,0.7881810665130615,8.008517265319824,66.67012023925781,9.788877487182617
2.0,22.5,10.539411544799805,0.5794023871421814,8.002197265625,66.70489501953125,9.788877487182617
3.0,22.5,10.51485824584961,0.4565354585647583,8.003646850585938,66.84325408935547,9.788877487182617
4.0,22.5,10.408772468566895,0.39117783308029175,8.009909629821777,67.04367065429688,9.788877487182617
5.0,22.5,10.399402618408203,0.26449429988861084,8.010462760925293,67.17365264892578,9.788877487182617
6.0,22.5,10.509119987487793,0.05721095949411392,8.003985404968262,67.22061157226562,9.788877487182617
67.0,22.5,5.627962112426758,1.9624114036560059,8.292159080505371,76.21183776855469,9.788877487182617
74.0,22.5,7.116737365722656,0.8080819845199585,8.204264640808105,77.42479705810547,9.788877487182617
347.0,22.5,7.860628128051758,4.030573844909668,8.160346984863281,67.63572692871094,9.788877487182617
348.0,22.5,10.229246139526367,2.860257625579834,8.020508766174316,65.57524871826172,9.788877487182617
349.0,22.5,10.198745727539062,2.7151124477386475,8.022309303283691,65.6826171875,9.788877487182617
350.0,22.5,10.116738319396973,2.5966997146606445,8.027151107788086,65.83753204345703,9.788877487182617
351.0,22.5,10.198168754577637,2.4024507999420166,8.022343635559082,65.85150146484375,9.788877487182617
352.0,22.5,10.229248046875,2.232598066329956,8.020508766174316,65.9129638671875,9.788877487182617
353.0,22.5,10.229240417480469,2.0794897079467773,8.020508766174316,66.00418090820312,9.788877487182617
354.0,22.5,10.229244232177734,1.927993655204773,8.020508766174316,66.0980453491211,9.788877487182617
355.0,22.5,10.229247093200684,1.7781569957733154,8.020508766174316,66.19454193115234,9.788877487182617
356.0,22.5,10.325557708740234,1.5758699178695679,8.014822959899902,66.21420288085938,9.788877487182617
357.0,22.5,10.438125610351562,1.363209843635559,8.008176803588867,66.22509765625,9.788877487182617
358.0,22.5,10.503454208374023,1.177087426185608,8.00432014465332,66.27886199951172,9.788877487182617
359.0,22.5,10.403360366821289,1.0910471677780151,8.010229110717773,66.46794128417969,9.788877487182617
