angle,vert_angle,dist,x,y,z,height
187.0,-11.25,49.80218505859375,60.918975830078125,26.478153228759766,114.3773422241211,67.29399108886719
