angle,vert_angle,dist,x,y,z,height
86.0,-22.5,46.42188262939453,36.7697868347168,68.05917358398438,94.8994369506836,8.452430725097656
87.0,-22.5,45.27973937988281,38.119022369384766,68.30712890625,94.71874237060547,8.452430725097656
88.0,-22.5,44.58238983154297,39.139923095703125,68.4585189819336,94.80286407470703,8.452430725097656
89.0,-22.5,44.49299240112305,39.73521423339844,68.4779281616211,95.2813949584961,8.452430725097656
90.0,-22.5,44.50997543334961,40.265724182128906,68.4742431640625,95.82327270507812,8.452430725097656
91.0,-22.5,44.60786437988281,40.75211715698242,68.45298767089844,96.4139175415039,8.452430725097656
92.0,-22.5,44.86537170410156,41.145999908447266,68.39708709716797,97.11314392089844,8.452430725097656
93.0,-22.5,45.28269577026367,41.453285217285156,68.30648803710938,97.92630767822266,8.452430725097656
94.0,-22.5,46.06895446777344,41.54933166503906,68.13578796386719,99.01504516601562,8.452430725097656
95.0,-22.5,46.723785400390625,41.75520706176758,67.9936294555664,100.0105209350586,8.452430725097656
96.0,-22.5,48.026710510253906,41.59895324707031,67.71076202392578,101.5086898803711,8.452430725097656
97.0,-22.5,49.59748840332031,41.32969284057617,67.3697509765625,103.23204040527344,8.452430725097656
