angle,vert_angle,dist,x,y,z,height
328.0,-22.5,28.16474723815918,164.71514892578125,50.927974700927734,130.8622589111328,38.25579833984375
329.0,-22.5,26.246213912963867,164.27175903320312,51.033668518066406,132.78514099121094,38.25579833984375
330.0,-22.5,25.43410301208496,163.8488311767578,51.078407287597656,133.610595703125,38.25579833984375
331.0,-22.5,25.389476776123047,163.4088134765625,51.08086395263672,133.67762756347656,38.25579833984375
332.0,-22.5,25.70573616027832,162.94308471679688,51.06344223022461,133.39300537109375,38.25579833984375
333.0,-22.5,25.63079833984375,162.5038299560547,51.067569732666016,133.50588989257812,38.25579833984375
334.0,-22.5,25.2044677734375,162.1071319580078,51.09105682373047,133.97494506835938,38.25579833984375
335.0,-22.5,25.122285842895508,161.68170166015625,51.095584869384766,134.1092071533203,38.25579833984375
336.0,-22.5,25.70723533630371,161.16258239746094,51.063358306884766,133.59173583984375,38.25579833984375
337.0,-22.5,25.403364181518555,160.76963806152344,51.08009719848633,133.9604949951172,38.25579833984375
338.0,-22.5,25.72369956970215,160.27574157714844,51.06245422363281,133.72215270996094,38.25579833984375
339.0,-22.5,26.228166580200195,159.7358856201172,51.03466033935547,133.3133087158203,38.25579833984375
340.0,-22.5,26.733396530151367,159.18020629882812,51.00682830810547,132.91502380371094,38.25579833984375
341.0,-22.5,27.673351287841797,158.5083465576172,50.955047607421875,132.1062469482422,38.25579833984375
