angle,vert_angle,dist,x,y,z,height
33.0,22.5,49.50971984863281,56.26570510864258,12.334118843078613,149.61778259277344,17.464168548583984
34.0,22.5,46.51277160644531,54.43788528442383,12.673856735229492,147.12423706054688,17.464168548583984
35.0,22.5,44.30696487426758,53.166202545166016,12.923911094665527,145.17344665527344,17.464168548583984
36.0,22.5,42.11354064941406,51.84811782836914,13.17255973815918,143.283203125,17.464168548583984
40.0,16.875,47.76414489746094,58.44747543334961,16.972728729248047,144.03688049316406,17.464168548583984
41.0,16.875,45.30966567993164,56.77107238769531,17.02277183532715,142.06948852539062,17.464168548583984
42.0,16.875,42.987571716308594,55.15391159057617,17.070119857788086,140.23435974121094,17.464168548583984
43.0,16.875,39.13296890258789,52.14192581176758,17.148712158203125,137.72598266601562,17.464168548583984
49.0,11.25,48.16680145263672,62.15683364868164,21.452138900756836,137.44970703125,17.464168548583984
50.0,11.25,39.48067092895508,54.42507553100586,20.81997299194336,133.46908569335938,17.464168548583984
