angle,vert_angle,dist,x,y,z,height
0.0,-5.625,2.837522029876709,36.80093765258789,69.68164825439453,102.03931427001953,69.45743560791016
1.0,-5.625,2.8383805751800537,36.842838287353516,69.68174743652344,102.06510162353516,69.45743560791016
2.0,-5.625,2.841701030731201,36.88399887084961,69.68213653564453,102.09229278564453,69.45743560791016
3.0,-5.625,2.8475096225738525,36.92451858520508,69.68281555175781,102.1209716796875,69.45743560791016
4.0,-5.625,2.8558247089385986,36.96448516845703,69.68379211425781,102.15119934082031,69.45743560791016
5.0,-5.625,2.866685152053833,37.003990173339844,69.68506622314453,102.18305969238281,69.45743560791016
6.0,-5.625,2.880154609680176,37.043113708496094,69.68665313720703,102.2166519165039,69.45743560791016
7.0,-5.625,2.896303176879883,37.08194351196289,69.68854522705078,102.25208282470703,69.45743560791016
8.0,-5.625,2.9152143001556396,37.120567321777344,69.69076538085938,102.28946685791016,69.45743560791016
9.0,-5.625,2.9369754791259766,37.15907287597656,69.69332122802734,102.32891845703125,69.45743560791016
10.0,-5.625,2.961716413497925,37.19754409790039,69.69622802734375,102.37059020996094,69.45743560791016
11.0,-5.625,2.9895660877227783,37.23607635498047,69.69950103759766,102.41463470458984,69.45743560791016
12.0,-5.625,3.0206801891326904,37.2747688293457,69.7031478881836,102.46122741699219,69.45743560791016
13.0,-5.625,3.055238723754883,37.31371307373047,69.70720672607422,102.51055908203125,69.45743560791016
357.0,-5.625,2.8497672080993652,36.669857025146484,69.6830825805664,101.96986389160156,69.45743560791016
358.0,-5.625,2.8431997299194336,36.71455001831055,69.68231201171875,101.99174499511719,69.45743560791016
359.0,-5.625,2.8391225337982178,36.758209228515625,69.68183135986328,102.01487731933594,69.45743560791016
