angle,vert_angle,dist,x,y,z,height
21.0,11.25,10.731030464172363,93.87727355957031,21.300474166870117,214.59439086914062,14.952463150024414
22.0,11.25,9.638047218322754,94.72382354736328,20.59593391418457,214.59657287597656,14.952463150024414
