angle,vert_angle,dist,x,y,z,height
296.0,22.5,55.31226348876953,157.5365753173828,49.29826354980469,126.78190612792969,9.123342514038086
297.0,22.5,53.48643493652344,159.46546936035156,49.769676208496094,126.30038452148438,9.123342514038086
298.0,22.5,52.564353942871094,160.72625732421875,50.007755279541016,126.35795593261719,9.123342514038086
299.0,22.5,51.899436950683594,161.79840087890625,50.179420471191406,126.55477905273438,9.123342514038086
300.0,22.5,51.60144805908203,162.61524963378906,50.25636672973633,126.97547149658203,9.123342514038086
301.0,22.5,51.31435775756836,163.42843627929688,50.33049011230469,127.38591003417969,9.123342514038086
302.0,22.5,51.10493469238281,164.19398498535156,50.384559631347656,127.83364868164062,9.123342514038086
303.0,22.5,51.17621994018555,164.7831268310547,50.36615753173828,128.46707153320312,9.123342514038086
304.0,22.5,51.25341033935547,165.38037109375,50.34622573852539,129.09519958496094,9.123342514038086
305.0,22.5,51.479915618896484,165.89675903320312,50.287742614746094,129.82415771484375,9.123342514038086
306.0,22.5,51.95762634277344,166.27597045898438,50.164398193359375,130.73500061035156,9.123342514038086
307.0,22.5,52.46363067626953,166.66050720214844,50.033756256103516,131.6656494140625,9.123342514038086
308.0,22.5,53.05408477783203,167.01885986328125,49.881309509277344,132.65977478027344,9.123342514038086
309.0,22.5,54.35032653808594,167.0016632080078,49.546627044677734,134.2050018310547,9.123342514038086
310.0,22.5,55.99803924560547,166.8344268798828,49.1212043762207,136.04110717773438,9.123342514038086
