angle,vert_angle,dist,x,y,z,height
294.0,22.5,55.185428619384766,157.40753173828125,48.88385772705078,126.23908233642578,9.132831573486328
295.0,22.5,53.420326232910156,159.29074096679688,49.35520935058594,125.81380462646484,9.132831573486328
296.0,22.5,52.38507843017578,160.62750244140625,49.631656646728516,125.80845642089844,9.132831573486328
297.0,22.5,51.76964569091797,161.65843200683594,49.79600143432617,126.04531860351562,9.132831573486328
298.0,22.5,51.305702209472656,162.58197021484375,49.919891357421875,126.35897064208984,9.132831573486328
299.0,22.5,50.96772384643555,163.420166015625,50.0101432800293,126.73743438720703,9.132831573486328
300.0,22.5,50.8018798828125,164.146484375,50.05442810058594,127.21751403808594,9.132831573486328
301.0,22.5,50.642120361328125,164.87506103515625,50.09709167480469,127.687255859375,9.132831573486328
302.0,22.5,50.86183166503906,165.3672332763672,50.038421630859375,128.4161376953125,9.132831573486328
303.0,22.5,50.92711639404297,165.97157287597656,50.02098846435547,129.02565002441406,9.132831573486328
304.0,22.5,51.30054473876953,166.3982391357422,49.921268463134766,129.85421752929688,9.132831573486328
305.0,22.5,51.60570526123047,166.88516235351562,49.83978271484375,130.62771606445312,9.132831573486328
306.0,22.5,52.05474853515625,167.3050537109375,49.71986770629883,131.5056915283203,9.132831573486328
307.0,22.5,52.869510650634766,167.5364227294922,49.502296447753906,132.6639404296875,9.132831573486328
308.0,22.5,53.839393615722656,167.71214294433594,49.24330139160156,133.94766235351562,9.132831573486328
309.0,22.5,55.12220764160156,167.7526092529297,48.9007453918457,135.48590087890625,9.132831573486328
