angle,vert_angle,dist,x,y,z,height
93.0,-16.875,57.40205383300781,40.571109771728516,67.48541259765625,104.05091094970703,10.89449405670166
94.0,-16.875,55.548824310302734,40.272464752197266,66.56317901611328,105.84688568115234,10.89449405670166
95.0,-16.875,54.63202667236328,39.75294876098633,66.10694885253906,106.87545776367188,10.89449405670166
96.0,-16.875,54.04927444458008,39.16029357910156,65.81695556640625,107.6376953125,10.89449405670166
97.0,-16.875,53.8056640625,38.478736877441406,65.69572448730469,108.13428497314453,10.89449405670166
98.0,-16.875,53.965538024902344,37.6722412109375,65.77528381347656,108.31928253173828,10.89449405670166
99.0,-16.875,54.667240142822266,36.675209045410156,66.12447357177734,108.09017944335938,10.89449405670166
87.0,-22.5,58.866912841796875,42.534366607666016,66.77234649658203,101.30673217773438,10.89449405670166
88.0,-22.5,55.0330924987793,42.59696578979492,64.95841979980469,104.7952651977539,10.89449405670166
89.0,-22.5,53.38069152832031,42.213043212890625,64.1766128540039,106.42816162109375,10.89449405670166
90.0,-22.5,52.193695068359375,41.75476837158203,63.61499786376953,107.6700210571289,10.89449405670166
91.0,-22.5,51.539283752441406,41.18229675292969,63.30537414550781,108.47042083740234,10.89449405670166
92.0,-22.5,50.840797424316406,40.64667892456055,62.97489929199219,109.31378936767578,10.89449405670166
93.0,-22.5,50.487884521484375,40.02649688720703,62.807918548583984,109.87850189208984,10.89449405670166
94.0,-22.5,50.25244140625,39.382442474365234,62.6965217590332,110.35604095458984,10.89449405670166
95.0,-22.5,50.06886291503906,38.73226547241211,62.60966491699219,110.80133056640625,10.89449405670166
96.0,-22.5,50.14151382446289,38.00049591064453,62.64404296875,111.05064392089844,10.89449405670166
97.0,-22.5,50.64956283569336,37.10968780517578,62.88441467285156,110.96569061279297,10.89449405670166
98.0,-22.5,51.2979850769043,36.15616226196289,63.19120788574219,110.78857421875,10.89449405670166
99.0,-22.5,52.44361877441406,34.99146270751953,63.733245849609375,110.24251556396484,10.89449405670166
