angle,vert_angle,dist,x,y,z,height
285.0,-16.875,38.010040283203125,161.8692626953125,51.5598030090332,130.86953735351562,34.6434211730957
286.0,-16.875,38.05477523803711,161.20596313476562,51.55706024169922,130.9005584716797,34.6434211730957
281.0,-22.5,36.62788009643555,164.31674194335938,51.09680938720703,132.10922241210938,34.6434211730957
282.0,-22.5,36.06028747558594,163.71388244628906,51.14009094238281,132.7065887451172,34.6434211730957
283.0,-22.5,35.81256103515625,163.10682678222656,51.15898132324219,132.9957275390625,34.6434211730957
284.0,-22.5,35.6762580871582,162.4987335205078,51.169376373291016,133.18443298339844,34.6434211730957
285.0,-22.5,35.41018295288086,161.9108428955078,51.189666748046875,133.51206970214844,34.6434211730957
286.0,-22.5,35.54622268676758,161.28160095214844,51.179290771484375,133.45176696777344,34.6434211730957
287.0,-22.5,35.66460418701172,160.65164184570312,51.170265197753906,133.42019653320312,34.6434211730957
288.0,-22.5,36.08378982543945,159.97010803222656,51.13829803466797,133.10406494140625,34.6434211730957
289.0,-22.5,36.771968841552734,159.2274932861328,51.08582305908203,132.53733825683594,34.6434211730957
290.0,-22.5,37.612308502197266,158.43331909179688,51.0217399597168,131.8372039794922,34.6434211730957
