angle,vert_angle,dist,x,y,z,height
334.0,-22.5,27.331642150878906,163.89614868164062,51.178897857666016,131.70236206054688,38.25887680053711
335.0,-22.5,27.28179168701172,163.42295837402344,51.18134307861328,131.7741241455078,38.25887680053711
336.0,-22.5,26.24141502380371,163.02357482910156,51.232330322265625,132.8408203125,38.25887680053711
337.0,-22.5,26.157363891601562,162.57518005371094,51.236446380615234,132.96153259277344,38.25887680053711
338.0,-22.5,26.076005935668945,162.130126953125,51.24043655395508,133.0872344970703,38.25887680053711
339.0,-22.5,25.80069351196289,161.71286010742188,51.253929138183594,133.41273498535156,38.25887680053711
340.0,-22.5,25.96274185180664,161.24415588378906,51.24598693847656,133.31240844726562,38.25887680053711
341.0,-22.5,26.220449447631836,160.75576782226562,51.23335647583008,133.12637329101562,38.25887680053711
342.0,-22.5,26.465784072875977,160.26197814941406,51.22133255004883,132.96180725097656,38.25887680053711
343.0,-22.5,26.89903450012207,159.72488403320312,51.20009994506836,132.62252807617188,38.25887680053711
344.0,-22.5,27.559749603271484,159.12672424316406,51.16771697998047,132.0720977783203,38.25887680053711
