angle,vert_angle,dist,x,y,z,height
242.0,22.5,55.11253356933594,160.23516845703125,51.28508377075195,130.00042724609375,9.124809265136719
243.0,22.5,54.403648376464844,161.3849334716797,51.44413375854492,130.15078735351562,9.124809265136719
244.0,22.5,54.21995544433594,162.18247985839844,51.485347747802734,130.6501007080078,9.124809265136719
245.0,22.5,54.6331787109375,162.6007080078125,51.39263916015625,131.56886291503906,9.124809265136719
246.0,22.5,54.9183349609375,163.1212921142578,51.32865905761719,132.38992309570312,9.124809265136719
247.0,22.5,56.312164306640625,162.97239685058594,51.015933990478516,134.0383758544922,9.124809265136719
