angle,vert_angle,dist,x,y,z,height
327.0,-22.5,28.251121520996094,164.28140258789062,51.081905364990234,130.77349853515625,38.23063659667969
328.0,-22.5,26.599384307861328,163.855224609375,51.16197204589844,132.43739318847656,38.23063659667969
329.0,-22.5,26.31965446472168,163.4081268310547,51.175533294677734,132.7389373779297,38.23063659667969
330.0,-22.5,26.114227294921875,162.9656982421875,51.18549346923828,132.97390747070312,38.23063659667969
331.0,-22.5,26.010940551757812,162.52154541015625,51.19049835205078,133.11468505859375,38.23063659667969
332.0,-22.5,25.926733016967773,162.07965087890625,51.194580078125,133.2440643310547,38.23063659667969
333.0,-22.5,25.583528518676758,161.6743927001953,51.211219787597656,133.63755798339844,38.23063659667969
334.0,-22.5,25.9156494140625,161.18466186523438,51.19511795043945,133.36978149414062,38.23063659667969
335.0,-22.5,26.104686737060547,160.70770263671875,51.18595504760742,133.2525177001953,38.23063659667969
336.0,-22.5,26.259044647216797,160.23171997070312,51.178470611572266,133.17823791503906,38.23063659667969
337.0,-22.5,26.756614685058594,159.68470764160156,51.15435028076172,132.776611328125,38.23063659667969
338.0,-22.5,27.41855239868164,159.08734130859375,51.12226486206055,132.2259521484375,38.23063659667969
