angle,vert_angle,dist,x,y,z,height
251.0,22.5,55.33491516113281,159.6721649169922,51.089481353759766,129.6835479736328,9.105026245117188
252.0,22.5,54.4024543762207,160.97344970703125,51.30224609375,129.6936798095703,9.105026245117188
253.0,22.5,54.03217315673828,161.88870239257812,51.38673400878906,130.06927490234375,9.105026245117188
254.0,22.5,53.962677001953125,162.60910034179688,51.402591705322266,130.64158630371094,9.105026245117188
255.0,22.5,54.38908386230469,163.02056884765625,51.305294036865234,131.56381225585938,9.105026245117188
256.0,22.5,54.843074798583984,163.4362335205078,51.20170593261719,132.50396728515625,9.105026245117188
257.0,22.5,55.3651123046875,163.83233642578125,51.08258819580078,133.49301147460938,9.105026245117188
