angle,vert_angle,dist,x,y,z,height
0.0,-22.5,68.19345092773438,163.76284790039062,46.64341354370117,141.1365509033203,15.621269226074219
1.0,-22.5,69.1680679321289,162.22683715820312,46.744056701660156,141.0931854248047,15.621269226074219
2.0,-22.5,70.57902526855469,160.40396118164062,46.889747619628906,140.74986267089844,15.621269226074219
3.0,-22.5,73.44117736816406,157.62872314453125,47.18528747558594,139.34817504882812,15.621269226074219
351.0,-22.5,71.59288024902344,171.15284729003906,46.99443435668945,132.432861328125,15.621269226074219
352.0,-22.5,69.23077392578125,171.199462890625,46.750526428222656,135.08079528808594,15.621269226074219
353.0,-22.5,67.86453247070312,170.832763671875,46.60945129394531,136.84945678710938,15.621269226074219
354.0,-22.5,67.12222290039062,170.19786071777344,46.53280258178711,138.08021545410156,15.621269226074219
355.0,-22.5,66.77220153808594,169.38877868652344,46.49665832519531,138.98422241210938,15.621269226074219
356.0,-22.5,66.68583679199219,168.45785522460938,46.48773956298828,139.67901611328125,15.621269226074219
357.0,-22.5,66.71085357666016,167.4785614013672,46.49032211303711,140.29725646972656,15.621269226074219
358.0,-22.5,66.81380462646484,166.46536254882812,46.500953674316406,140.86924743652344,15.621269226074219
359.0,-22.5,67.47244262695312,165.1360321044922,46.568965911865234,141.01266479492188,15.621269226074219
