angle,vert_angle,dist,x,y,z,height
349.0,22.5,8.916236877441406,31.64228057861328,52.670780181884766,85.59149932861328,61.84366989135742
348.0,5.625,43.28105163574219,25.921894073486328,22.974693298339844,68.37419891357422,61.84366989135742
8.0,0.0,43.69729995727539,18.479381561279297,20.622188568115234,75.5418472290039,61.84366989135742
9.0,0.0,45.95906066894531,17.432376861572266,18.67104721069336,74.93449401855469,61.84366989135742
10.0,0.0,47.79277420043945,16.505754470825195,17.089168548583984,74.51892852783203,61.84366989135742
11.0,0.0,48.65376663208008,15.897553443908691,16.346420288085938,74.4886474609375,61.84366989135742
12.0,0.0,49.377960205078125,15.33175277709961,15.721683502197266,74.52376556396484,61.84366989135742
