angle,vert_angle,dist,x,y,z,height
295.0,-22.5,49.94306182861328,141.82591247558594,8.358990669250488,61.1342658996582,7.967118263244629
296.0,-22.5,49.79155349731445,142.5294647216797,8.361092567443848,60.60012435913086,7.967118263244629
297.0,-22.5,49.506011962890625,143.15663146972656,8.365053176879883,59.9376335144043,7.967118263244629
298.0,-22.5,49.406463623046875,143.86032104492188,8.366435050964355,59.428070068359375,7.967118263244629
299.0,-22.5,49.338775634765625,144.56980895996094,8.367374420166016,58.93454360961914,7.967118263244629
300.0,-22.5,49.15007019042969,145.2057647705078,8.369993209838867,58.32651138305664,7.967118263244629
301.0,-22.5,49.38158416748047,146.0560302734375,8.366781234741211,58.06230545043945,7.967118263244629
302.0,-22.5,49.24553298950195,146.70033264160156,8.368668556213379,57.47576141357422,7.967118263244629
303.0,-22.5,49.17949295043945,147.37229919433594,8.369584083557129,56.9368782043457,7.967118263244629
304.0,-22.5,49.276031494140625,148.1289825439453,8.368246078491211,56.5188102722168,7.967118263244629
305.0,-22.5,49.3648681640625,148.875,8.367012023925781,56.080448150634766,7.967118263244629
306.0,-22.5,49.40186309814453,149.5826873779297,8.366498947143555,55.587242126464844,7.967118263244629
307.0,-22.5,49.58564376831055,150.3742218017578,8.3639497756958,55.1956787109375,7.967118263244629
308.0,-22.5,49.789794921875,151.17430114746094,8.361117362976074,54.803993225097656,7.967118263244629
309.0,-22.5,49.84230422973633,151.87100219726562,8.36038875579834,54.28136444091797,7.967118263244629
310.0,-22.5,49.95445251464844,152.59893798828125,8.358833312988281,53.79048538208008,7.967118263244629
