angle,vert_angle,dist,x,y,z,height
349.0,-16.875,6.5013885498046875,41.34382629394531,56.13688659667969,84.1037368774414,61.20209884643555
169.0,-22.5,49.835121154785156,55.77544021606445,26.79046630859375,123.86820220947266,61.20209884643555
336.0,-22.5,8.027655601501465,42.18825912475586,54.69160842895508,83.11381530761719,61.20209884643555
