angle,vert_angle,dist,x,y,z,height
68.0,22.5,29.38826560974121,19.883195877075195,38.763916015625,106.80889129638672,17.20848846435547
57.0,16.875,30.13239097595215,20.249319076538086,39.783782958984375,107.42610931396484,17.20848846435547
46.0,11.25,20.080921173095703,16.755661010742188,31.34646987915039,111.6535415649414,17.20848846435547
47.0,11.25,31.002721786499023,20.568483352661133,40.67853546142578,107.44499969482422,17.20848846435547
38.0,5.625,20.35849380493164,16.775236129760742,31.518207550048828,111.32120513916016,17.20848846435547
39.0,5.625,37.8128547668457,22.86635398864746,46.375892639160156,104.47525787353516,17.20848846435547
32.0,0.0,31.80449676513672,20.730010986328125,40.89844512939453,106.0210952758789,17.20848846435547
27.0,-5.625,29.509521484375,19.829973220825195,38.395652770996094,105.77935791015625,17.20848846435547
21.0,-16.875,24.97903060913086,17.957557678222656,33.11962127685547,105.175048828125,17.20848846435547
22.0,-16.875,15.443082809448242,14.53149127960205,25.89249038696289,110.37263488769531,17.20848846435547
