angle,vert_angle,dist,x,y,z,height
171.0,-11.25,48.946693420410156,55.289588928222656,28.693092346191406,121.57770538330078,67.69517517089844
333.0,-11.25,16.457298278808594,31.84616470336914,53.16300582885742,85.97697448730469,67.69517517089844
187.0,-16.875,47.909114837646484,60.53541946411133,27.536296844482422,111.12932586669922,67.69517517089844
