angle,vert_angle,dist,x,y,z,height
100.0,-16.875,48.21830368041992,36.989627838134766,69.08776092529297,96.4684829711914,8.927325248718262
101.0,-16.875,47.444759368896484,38.08663558959961,69.24028015136719,96.26490783691406,8.927325248718262
102.0,-16.875,47.22401428222656,38.89108657836914,69.28380584716797,96.5008316040039,8.927325248718262
103.0,-16.875,47.27602005004883,39.563350677490234,69.27355194091797,96.95279693603516,8.927325248718262
104.0,-16.875,47.63530349731445,40.09904098510742,69.20272064208984,97.6573715209961,8.927325248718262
105.0,-16.875,48.33522033691406,40.496578216552734,69.06471252441406,98.65079498291016,8.927325248718262
106.0,-16.875,49.43562316894531,40.74498748779297,68.8477554321289,99.99305725097656,8.927325248718262
95.0,-22.5,48.75859832763672,34.39393997192383,65.84382629394531,94.40792083740234,8.927325248718262
96.0,-22.5,46.35231018066406,36.41507339477539,66.47309875488281,93.01126861572266,8.927325248718262
97.0,-22.5,45.41911315917969,37.56650924682617,66.71713256835938,92.72331237792969,8.927325248718262
98.0,-22.5,44.75621032714844,38.55454635620117,66.89049530029297,92.62318420410156,8.927325248718262
99.0,-22.5,44.52478790283203,39.30561828613281,66.95101165771484,92.84967041015625,8.927325248718262
100.0,-22.5,44.28135681152344,40.06333923339844,67.0146713256836,93.05107879638672,8.927325248718262
101.0,-22.5,44.296119689941406,40.693260192871094,67.01081085205078,93.45110321044922,8.927325248718262
102.0,-22.5,44.48646545410156,41.24600601196289,66.9610366821289,93.98723602294922,8.927325248718262
103.0,-22.5,44.77471160888672,41.76526641845703,66.88565063476562,94.59799194335938,8.927325248718262
104.0,-22.5,45.163307189941406,42.25416946411133,66.7840347290039,95.28755950927734,8.927325248718262
105.0,-22.5,45.63593292236328,42.72425079345703,66.66043853759766,96.04386901855469,8.927325248718262
106.0,-22.5,46.4631462097168,43.065521240234375,66.4441146850586,97.10346984863281,8.927325248718262
107.0,-22.5,47.418785095214844,43.385780334472656,66.19419860839844,98.2754135131836,8.927325248718262
108.0,-22.5,48.74702453613281,43.595848083496094,65.84685516357422,99.77720642089844,8.927325248718262
