angle,vert_angle,dist,x,y,z,height
87.0,-16.875,58.93498992919922,160.15869140625,50.263038635253906,126.86771392822266,12.009719848632812
88.0,-16.875,58.187416076660156,161.35458374023438,50.14716339111328,126.50054168701172,12.009719848632812
89.0,-16.875,58.08656692504883,162.33827209472656,50.13153076171875,126.71749877929688,12.009719848632812
90.0,-16.875,58.06437301635742,163.30174255371094,50.128089904785156,126.99120330810547,12.009719848632812
91.0,-16.875,58.19292449951172,164.22938537597656,50.14801788330078,127.39137268066406,12.009719848632812
92.0,-16.875,59.094173431396484,164.97341918945312,50.28771209716797,128.51454162597656,12.009719848632812
93.0,-16.875,60.91199493408203,165.53887939453125,50.56947708129883,130.50839233398438,12.009719848632812
85.0,-22.5,57.76344299316406,157.8868865966797,48.439117431640625,125.00658416748047,12.009719848632812
86.0,-22.5,56.56822967529297,159.2471160888672,48.287837982177734,124.27523803710938,12.009719848632812
87.0,-22.5,56.000553131103516,160.3582305908203,48.21598815917969,124.09640502929688,12.009719848632812
88.0,-22.5,55.46187210083008,161.44729614257812,48.14781188964844,123.92200469970703,12.009719848632812
89.0,-22.5,55.138832092285156,162.4568634033203,48.10692596435547,123.92859649658203,12.009719848632812
90.0,-22.5,54.87771224975586,163.44273376464844,48.073875427246094,123.97447204589844,12.009719848632812
91.0,-22.5,54.95079040527344,164.33143615722656,48.08312225341797,124.31987762451172,12.009719848632812
92.0,-22.5,55.26219940185547,165.16456604003906,48.122535705566406,124.87802124023438,12.009719848632812
93.0,-22.5,55.607364654541016,166.00418090820312,48.16622543334961,125.45535278320312,12.009719848632812
94.0,-22.5,56.152374267578125,166.813720703125,48.23520278930664,126.21224212646484,12.009719848632812
95.0,-22.5,57.169498443603516,167.54510498046875,48.36393737792969,127.41441345214844,12.009719848632812
96.0,-22.5,58.21091842651367,168.30984497070312,48.495750427246094,128.63088989257812,12.009719848632812
