angle,vert_angle,dist,x,y,z,height
0.0,22.5,34.83769989013672,33.6119499206543,66.51183319091797,96.55622863769531,15.656423568725586
1.0,22.5,34.59313201904297,33.71372985839844,66.34738159179688,96.08344268798828,15.656423568725586
2.0,22.5,34.40924072265625,33.84333419799805,66.2237319946289,95.63581848144531,15.656423568725586
3.0,22.5,34.360347747802734,34.048927307128906,66.19085693359375,95.24040222167969,15.656423568725586
4.0,22.5,34.285003662109375,34.23040771484375,66.14019012451172,94.83203887939453,15.656423568725586
5.0,22.5,34.819129943847656,34.79637908935547,66.49935150146484,94.64442443847656,15.656423568725586
6.0,22.5,34.97690200805664,35.11783218383789,66.60543823242188,94.3074722290039,15.656423568725586
357.0,22.5,37.077449798583984,34.128910064697266,68.01789093017578,98.65876770019531,15.656423568725586
358.0,22.5,35.9676513671875,33.758819580078125,67.27163696289062,97.78678894042969,15.656423568725586
359.0,22.5,35.255313873291016,33.60422897338867,66.79264831542969,97.10436248779297,15.656423568725586
