angle,vert_angle,dist,x,y,z,height
205.0,5.625,46.76097106933594,59.65090560913086,26.432069778442383,119.14236450195312,61.18484878540039
206.0,5.625,48.256874084472656,60.72417068481445,25.419288635253906,119.79993438720703,61.18484878540039
207.0,5.625,49.20044708251953,61.61592483520508,24.780460357666016,120.08049774169922,61.18484878540039
208.0,5.625,49.67674255371094,62.340511322021484,24.457988739013672,120.04750061035156,61.18484878540039
216.0,0.0,41.9915771484375,61.105594635009766,26.776321411132812,110.34226989746094,61.18484878540039
217.0,0.0,45.349876403808594,62.95489501953125,24.27191925048828,111.70011138916016,61.18484878540039
218.0,0.0,46.891788482666016,64.0402603149414,23.12206268310547,112.10609436035156,61.18484878540039
219.0,0.0,47.930816650390625,64.9153823852539,22.34722137451172,112.23751068115234,61.18484878540039
220.0,0.0,49.10664367675781,65.86515045166016,21.470367431640625,112.41035461425781,61.18484878540039
229.0,-5.625,45.948551177978516,64.90298461914062,20.998817443847656,104.986572265625,61.18484878540039
230.0,-5.625,47.84456253051758,66.094482421875,19.468250274658203,105.2431640625,61.18484878540039
231.0,-5.625,49.029903411865234,66.95362091064453,18.511383056640625,105.22827911376953,61.18484878540039
353.0,-5.625,48.73067855834961,43.97005081176758,18.752933502197266,60.30122756958008,61.18484878540039
246.0,-11.25,45.700706481933594,65.04535675048828,18.742774963378906,96.3046875,61.18484878540039
247.0,-11.25,47.899314880371094,66.23693084716797,16.849781036376953,96.24888610839844,61.18484878540039
248.0,-11.25,49.6230354309082,67.20100402832031,15.365669250488281,96.08621978759766,61.18484878540039
299.0,-11.25,49.82904052734375,63.77519226074219,15.18829345703125,74.5808334350586,61.18484878540039
300.0,-11.25,49.0210075378418,63.18626403808594,15.884010314941406,74.46024322509766,61.18484878540039
301.0,-11.25,48.32762145996094,62.646263122558594,16.481014251708984,74.32079315185547,61.18484878540039
302.0,-11.25,47.45635223388672,62.03614044189453,17.23116683959961,74.25113677978516,61.18484878540039
303.0,-11.25,46.73295211791992,61.48830795288086,17.854015350341797,74.15108489990234,61.18484878540039
304.0,-11.25,45.31440353393555,60.67124938964844,19.07537841796875,74.29190063476562,61.18484878540039
305.0,-11.25,42.646568298339844,59.38391876220703,21.372371673583984,74.87174224853516,61.18484878540039
