angle,vert_angle,dist,x,y,z,height
169.0,-22.5,43.47858810424805,58.955101013183594,28.073158264160156,116.09074401855469,60.199119567871094
170.0,-22.5,46.36261749267578,60.51820755004883,26.080524444580078,117.58226776123047,60.199119567871094
171.0,-22.5,47.413490295410156,61.42325973510742,25.354446411132812,117.91088104248047,60.199119567871094
172.0,-22.5,48.56712341308594,62.38615036010742,24.557376861572266,118.27826690673828,60.199119567871094
173.0,-22.5,49.09275436401367,63.109336853027344,24.194210052490234,118.2470703125,60.199119567871094
174.0,-22.5,49.801517486572266,63.91442108154297,23.704509735107422,118.30704498291016,60.199119567871094
