angle,vert_angle,dist,x,y,z,height
23.0,22.5,1.2252709865570068,82.18688201904297,24.89069175720215,199.85472106933594,24.695486068725586
24.0,22.5,0.9461285471916199,82.46664428710938,24.889646530151367,199.85247802734375,24.695486068725586
25.0,22.5,0.7813733220100403,82.632080078125,24.88903045654297,199.85215759277344,24.695486068725586
19.0,16.875,1.2242443561553955,82.1856460571289,24.851280212402344,199.77064514160156,24.695486068725586
20.0,16.875,0.9449967741966248,82.46489715576172,24.859224319458008,199.78759765625,24.695486068725586
15.0,11.25,1.1731805801391602,82.24100494384766,24.815292358398438,199.69387817382812,24.695486068725586
16.0,11.25,0.9148974418640137,82.49729919433594,24.830883026123047,199.72714233398438,24.695486068725586
11.0,5.625,1.0873150825500488,82.33580017089844,24.786405563354492,199.63226318359375,24.695486068725586
6.0,0.0,1.283521056175232,82.16275024414062,24.729331970214844,199.510498046875,24.695486068725586
225.0,-16.875,1.5766507387161255,84.74798583984375,24.5623836517334,199.00506591796875,24.695486068725586
297.0,-22.5,49.82073211669922,72.46393585205078,13.455465316772461,152.5323944091797,24.695486068725586
298.0,-22.5,49.79899215698242,71.64625549316406,13.46045207977295,152.7511444091797,24.695486068725586
299.0,-22.5,49.76200485229492,70.83677673339844,13.468939781188965,152.9983673095703,24.695486068725586
300.0,-22.5,49.90177917480469,69.9847640991211,13.436868667602539,153.0941619873047,24.695486068725586
