angle,vert_angle,dist,x,y,z,height
81.0,22.5,36.51424026489258,37.63265609741211,68.83505249023438,104.33712005615234,8.682727813720703
82.0,22.5,35.76899719238281,36.78688430786133,69.02471923828125,103.91741180419922,8.682727813720703
83.0,22.5,35.258853912353516,36.15637969970703,69.15454864501953,103.46448516845703,8.682727813720703
84.0,22.5,35.064659118652344,35.813602447509766,69.20397186279297,102.94487762451172,8.682727813720703
85.0,22.5,34.961246490478516,35.54656219482422,69.23029327392578,102.4083023071289,8.682727813720703
86.0,22.5,34.883235931396484,35.29404067993164,69.2501449584961,101.87037658691406,8.682727813720703
87.0,22.5,34.99976348876953,35.210105895996094,69.22048950195312,101.2758560180664,8.682727813720703
88.0,22.5,35.1584358215332,35.15334701538086,69.18010711669922,100.66685485839844,8.682727813720703
89.0,22.5,35.367408752441406,35.13032150268555,69.12692260742188,100.03872680664062,8.682727813720703
90.0,22.5,35.69228744506836,35.19868850708008,69.04424285888672,99.36518859863281,8.682727813720703
91.0,22.5,36.03555679321289,35.269493103027344,68.95687866210938,98.67845916748047,8.682727813720703
92.0,22.5,36.42911911010742,35.37025833129883,68.8567123413086,97.96524047851562,8.682727813720703
93.0,22.5,36.92691421508789,35.54686737060547,68.73002624511719,97.20117950439453,8.682727813720703
94.0,22.5,37.84764099121094,36.07295227050781,68.49569702148438,96.24503326416016,8.682727813720703
95.0,22.5,38.734310150146484,36.545989990234375,68.27003479003906,95.2811279296875,8.682727813720703
