angle,vert_angle,dist,x,y,z,height
5.0,-16.875,15.145393371582031,24.374713897705078,20.20361328125,67.4239273071289,11.990056991577148
15.0,-22.5,19.176040649414062,25.773021697998047,24.15652084350586,69.44735717773438,11.990056991577148
