angle,vert_angle,dist,x,y,z,height
70.0,22.5,46.01045608520508,79.45486450195312,26.175291061401367,224.90399169921875,8.978020668029785
71.0,22.5,45.05950164794922,78.22728729248047,26.22382164001465,225.061767578125,8.978020668029785
72.0,22.5,44.82647705078125,77.48812103271484,26.235713958740234,224.71324157714844,8.978020668029785
73.0,22.5,44.60016632080078,76.75041961669922,26.247262954711914,224.37522888183594,8.978020668029785
74.0,22.5,44.742008209228516,76.24275970458984,26.24002456665039,223.76808166503906,8.978020668029785
75.0,22.5,45.11800765991211,75.8675537109375,26.220836639404297,222.9847869873047,8.978020668029785
76.0,22.5,45.77090835571289,75.64111328125,26.187517166137695,221.98414611816406,8.978020668029785
77.0,22.5,46.259605407714844,75.29105377197266,26.16257667541504,221.1129608154297,8.978020668029785
78.0,22.5,47.13336181640625,75.14110565185547,26.11798667907715,219.9291534423828,8.978020668029785
79.0,22.5,48.304847717285156,75.12552642822266,26.05820083618164,218.49378967285156,8.978020668029785
80.0,22.5,49.40230178833008,75.02734375,26.002195358276367,217.10935974121094,8.978020668029785
81.0,22.5,50.55846405029297,74.92024993896484,25.943191528320312,215.66693115234375,8.978020668029785
82.0,22.5,52.53679275512695,75.19730377197266,25.84223175048828,213.51429748535156,8.978020668029785
83.0,22.5,54.73855972290039,75.51968383789062,25.729867935180664,211.14682006835938,8.978020668029785
84.0,22.5,58.234344482421875,76.39961242675781,25.55146598815918,207.6278839111328,8.978020668029785
