angle,vert_angle,dist,x,y,z,height
4.0,11.25,37.03240966796875,14.534626960754395,23.560468673706055,104.45365905761719,15.3953218460083
16.0,-11.25,35.62385559082031,20.24661636352539,35.52298355102539,97.38142395019531,15.3953218460083
21.0,-16.875,32.984962463378906,21.679702758789062,36.3958740234375,93.10725402832031,15.3953218460083
26.0,-22.5,38.17993927001953,23.468505859375,42.453739166259766,94.13247680664062,15.3953218460083
27.0,-22.5,33.72803497314453,23.27405548095703,39.17389678955078,91.09872436523438,15.3953218460083
