angle,vert_angle,dist,x,y,z,height
69.0,22.5,17.915748596191406,16.4835147857666,30.735939025878906,111.39918518066406,18.597400665283203
57.0,16.875,20.483579635620117,17.539613723754883,33.172637939453125,111.07880401611328,18.597400665283203
58.0,16.875,40.78727340698242,24.49799346923828,50.54865646362305,103.20714569091797,18.597400665283203
47.0,11.25,19.69156265258789,17.21999740600586,32.59536361694336,111.57299041748047,18.597400665283203
48.0,11.25,14.604413032531738,15.324888229370117,28.215778350830078,113.342041015625,18.597400665283203
38.0,5.625,19.004779815673828,16.99222183227539,31.943565368652344,111.69757843017578,18.597400665283203
27.0,-5.625,20.246143341064453,17.212865829467773,32.379844665527344,109.75239562988281,18.597400665283203
24.0,-11.25,14.92183780670166,15.2371244430542,27.567119598388672,111.31200408935547,18.597400665283203
21.0,-16.875,24.424976348876953,18.369956970214844,34.30027770996094,105.25749969482422,18.597400665283203
19.0,-22.5,26.819236755371094,19.04133415222168,34.986427307128906,102.40339660644531,18.597400665283203
