angle,vert_angle,dist,x,y,z,height
343.0,-22.5,55.935577392578125,259.5649719238281,45.766849517822266,97.021240234375,16.459747314453125
344.0,-22.5,55.661476135253906,258.7138977050781,45.765892028808594,97.56816101074219,16.459747314453125
345.0,-22.5,56.70261764526367,257.4595642089844,45.76952362060547,96.88114929199219,16.459747314453125
