angle,vert_angle,dist,x,y,z,height
2.0,16.875,29.955759048461914,14.160040855407715,21.584556579589844,102.45691680908203,16.8488712310791
7.0,5.625,31.465091705322266,16.46040916442871,27.712051391601562,102.41305541992188,16.8488712310791
10.0,0.0,29.22798728942871,17.75885772705078,29.448875427246094,99.18256378173828,16.8488712310791
13.0,-5.625,31.921051025390625,18.894845962524414,33.3549919128418,99.99419403076172,16.8488712310791
17.0,-11.25,31.246238708496094,20.169504165649414,35.43345642089844,97.56922149658203,16.8488712310791
22.0,-16.875,30.618358612060547,21.445838928222656,37.255653381347656,94.93982696533203,16.8488712310791
27.0,-22.5,38.80873107910156,23.57415008544922,45.49038314819336,97.75196838378906,16.8488712310791
28.0,-22.5,32.62453079223633,22.993074417114258,40.78894805908203,93.7562255859375,16.8488712310791
29.0,-22.5,29.731834411621094,22.847164154052734,38.58982849121094,91.84966278076172,16.8488712310791
