angle,vert_angle,dist,x,y,z,height
265.0,-22.5,64.1470718383789,84.75287628173828,26.78494644165039,212.99554443359375,8.383914947509766
266.0,-22.5,60.34751892089844,83.00875091552734,26.872909545898438,216.54031372070312,8.383914947509766
267.0,-22.5,58.769657135009766,81.729736328125,26.909439086914062,217.9303436279297,8.383914947509766
268.0,-22.5,57.89441680908203,80.59703826904297,26.929702758789062,218.650390625,8.383914947509766
269.0,-22.5,57.2181510925293,79.51553344726562,26.94536018371582,219.19447326660156,8.383914947509766
270.0,-22.5,58.06256103515625,78.6075439453125,26.925811767578125,218.24598693847656,8.383914947509766
271.0,-22.5,60.06301498413086,77.76399230957031,26.879497528076172,216.16036987304688,8.383914947509766
