angle,vert_angle,dist,x,y,z,height
243.0,-5.625,48.330265045166016,57.16490173339844,27.423995971679688,121.26631164550781,64.93199157714844
244.0,-5.625,49.42601776123047,58.03416442871094,26.625080108642578,121.65055084228516,64.93199157714844
260.0,-11.25,45.428009033203125,60.33466339111328,27.210826873779297,113.48866271972656,64.93199157714844
261.0,-11.25,47.046409606933594,61.381858825683594,25.94786834716797,113.9154052734375,64.93199157714844
262.0,-11.25,48.43770217895508,62.35285568237305,24.862144470214844,114.207763671875,64.93199157714844
263.0,-11.25,49.42420196533203,63.164581298828125,24.092308044433594,114.29010772705078,64.93199157714844
277.0,-16.875,45.53915786743164,62.303916931152344,25.13143539428711,107.59422302246094,64.93199157714844
278.0,-16.875,48.005615234375,63.700138092041016,23.098758697509766,108.05880737304688,64.93199157714844
279.0,-16.875,49.576576232910156,64.70411682128906,21.8040771484375,108.18665313720703,64.93199157714844
297.0,-22.5,47.211570739746094,63.82566833496094,22.062026977539062,101.68183135986328,64.93199157714844
298.0,-22.5,49.61338424682617,65.12220764160156,19.99658966064453,101.7685546875,64.93199157714844
