angle,vert_angle,dist,x,y,z,height
154.0,22.5,48.82297897338867,3.5503711700439453,10.659611701965332,123.34724426269531,9.756436347961426
155.0,22.5,44.12569046020508,4.6872100830078125,10.451791763305664,118.72297668457031,9.756436347961426
156.0,22.5,40.90299606323242,5.596765518188477,10.309213638305664,115.5469970703125,9.756436347961426
157.0,22.5,37.403839111328125,6.401885509490967,10.154402732849121,112.07755279541016,9.756436347961426
5.0,16.875,10.169534683227539,2.8586058616638184,8.020712852478027,65.63151550292969,9.756436347961426
6.0,16.875,10.039867401123047,2.7604057788848877,8.026817321777344,65.82687377929688,9.756436347961426
7.0,16.875,9.981422424316406,2.6336917877197266,8.029569625854492,65.9603271484375,9.756436347961426
8.0,16.875,10.13139533996582,2.4077367782592773,8.02250862121582,65.91426086425781,9.756436347961426
9.0,16.875,10.17385482788086,2.233236789703369,8.020508766174316,65.96599578857422,9.756436347961426
10.0,16.875,10.173861503601074,2.0811808109283447,8.020508766174316,66.05731201171875,9.756436347961426
11.0,16.875,10.173858642578125,1.9307457208633423,8.020508766174316,66.15127563476562,9.756436347961426
12.0,16.875,10.173859596252441,1.7819719314575195,8.020508766174316,66.24784851074219,9.756436347961426
13.0,16.875,10.304452896118164,1.5610445737838745,8.014359474182129,66.2394790649414,9.756436347961426
14.0,16.875,10.463244438171387,1.3217830657958984,8.006881713867188,66.21334075927734,9.756436347961426
15.0,16.875,10.520556449890137,1.1401433944702148,8.004183769226074,66.27450561523438,9.756436347961426
16.0,16.875,10.36600399017334,1.0875972509384155,8.011460304260254,66.50735473632812,9.756436347961426
17.0,16.875,10.295045852661133,0.9892830848693848,8.014802932739258,66.67406463623047,9.756436347961426
18.0,16.875,10.455118179321289,0.7480954527854919,8.007265090942383,66.66358947753906,9.756436347961426
19.0,16.875,10.562746047973633,0.5386389493942261,8.002197265625,66.69895935058594,9.756436347961426
20.0,16.875,10.53258228302002,0.419596403837204,8.003617286682129,66.84231567382812,9.756436347961426
21.0,16.875,10.373075485229492,0.3907307982444763,8.011128425598145,67.08264923095703,9.756436347961426
22.0,16.875,10.406413078308105,0.23553259670734406,8.009557723999023,67.18179321289062,9.756436347961426
81.0,16.875,6.41152286529541,1.136512279510498,8.19766616821289,76.10831451416016,9.756436347961426
