angle,vert_angle,dist,x,y,z,height
134.0,16.875,49.33907699584961,67.8893051147461,18.254690170288086,107.31546783447266,49.73411178588867
