angle,vert_angle,dist,x,y,z,height
193.0,5.625,48.19507598876953,56.366634368896484,26.92104721069336,123.2655029296875,61.16452407836914
207.0,0.0,44.72514724731445,61.3536376953125,25.99776840209961,114.17745971679688,61.16452407836914
208.0,0.0,46.37454605102539,62.48378372192383,24.81395721435547,114.7675552368164,61.16452407836914
209.0,0.0,47.815731048583984,63.55027389526367,23.779590606689453,115.21163177490234,61.16452407836914
210.0,0.0,48.66042709350586,64.37552642822266,23.17333221435547,115.30418395996094,61.16452407836914
211.0,0.0,49.57234573364258,65.24038696289062,22.51883316040039,115.4115219116211,61.16452407836914
217.0,-5.625,40.786319732666016,61.651100158691406,26.21771812438965,106.30416107177734,61.16452407836914
218.0,-5.625,45.902523040771484,64.33121490478516,22.218685150146484,108.09918212890625,61.16452407836914
219.0,-5.625,47.23584747314453,65.29077911376953,21.17650604248047,108.26590728759766,61.16452407836914
220.0,-5.625,48.64754104614258,66.30007934570312,20.07306671142578,108.4360122680664,61.16452407836914
221.0,-5.625,49.40700149536133,67.00452423095703,19.47943878173828,108.32208251953125,61.16452407836914
230.0,-11.25,44.24207305908203,64.2298583984375,21.021682739257812,100.46361541748047,61.16452407836914
231.0,-11.25,47.03395080566406,65.78036499023438,18.682003021240234,100.78778839111328,61.16452407836914
232.0,-11.25,48.28272247314453,66.59302520751953,17.635486602783203,100.68893432617188,61.16452407836914
233.0,-11.25,49.8259391784668,67.55431365966797,16.342220306396484,100.63371276855469,61.16452407836914
315.0,-11.25,49.73899459838867,57.83541488647461,16.415084838867188,66.34425354003906,61.16452407836914
316.0,-11.25,49.02910614013672,57.23039245605469,17.009994506835938,66.415771484375,61.16452407836914
317.0,-11.25,47.43141555786133,56.38127517700195,18.34891128540039,66.91558837890625,61.16452407836914
318.0,-11.25,39.5447883605957,53.82635498046875,24.958160400390625,70.40259552001953,61.16452407836914
319.0,-11.25,42.86067581176758,54.382911682128906,22.179340362548828,68.63703155517578,61.16452407836914
