angle,vert_angle,dist,x,y,z,height
225.0,0.0,48.27894973754883,57.853572845458984,26.817493438720703,121.50916290283203,63.07695007324219
226.0,0.0,49.4724006652832,58.782920837402344,25.983562469482422,121.99652099609375,63.07695007324219
227.0,0.0,49.921661376953125,59.481666564941406,25.669639587402344,121.99178314208984,63.07695007324219
240.0,-5.625,43.41243362426758,60.35436248779297,27.48129653930664,112.32349395751953,63.07695007324219
241.0,-5.625,45.87188720703125,61.760902404785156,25.607696533203125,113.22611999511719,63.07695007324219
242.0,-5.625,47.51538848876953,62.855655670166016,24.35568618774414,113.68840026855469,63.07695007324219
243.0,-5.625,48.48395538330078,63.678306579589844,23.61783218383789,113.79537963867188,63.07695007324219
244.0,-5.625,49.55422592163086,64.55587768554688,22.802505493164062,113.92855072021484,63.07695007324219
13.0,-11.25,49.27513122558594,47.74209213256836,20.270339965820312,62.636112213134766,63.07695007324219
256.0,-11.25,43.56161117553711,62.46986389160156,24.941139221191406,105.81436157226562,63.07695007324219
257.0,-11.25,47.4293212890625,64.52388763427734,21.779293060302734,106.78986358642578,63.07695007324219
258.0,-11.25,48.70287322998047,65.40123748779297,20.73816680908203,106.8302001953125,63.07695007324219
259.0,-11.25,49.852577209472656,66.22773742675781,19.798282623291016,106.80431365966797,63.07695007324219
277.0,-16.875,46.76163864135742,64.55199432373047,20.088504791259766,98.66218566894531,63.07695007324219
278.0,-16.875,48.63021469116211,65.57443237304688,18.471572875976562,98.58647155761719,63.07695007324219
336.0,-16.875,49.21392822265625,61.81186294555664,17.966468811035156,75.10967254638672,63.07695007324219
337.0,-16.875,48.08368682861328,61.103939056396484,18.944496154785156,75.13818359375,63.07695007324219
338.0,-16.875,40.183799743652344,57.83151626586914,25.780498504638672,77.4001235961914,63.07695007324219
