angle,vert_angle,dist,x,y,z,height
92.0,-22.5,46.29059600830078,36.7901496887207,67.71640014648438,94.49017333984375,8.73682975769043
93.0,-22.5,45.23027038574219,38.05363464355469,67.96016693115234,94.22080993652344,8.73682975769043
94.0,-22.5,44.7156982421875,38.96073913574219,68.0784683227539,94.32783508300781,8.73682975769043
95.0,-22.5,44.51525115966797,39.67257308959961,68.12454986572266,94.6528549194336,8.73682975769043
96.0,-22.5,44.506317138671875,40.273895263671875,68.12660217285156,95.11122131347656,8.73682975769043
97.0,-22.5,44.61783981323242,40.81330108642578,68.10096740722656,95.65319061279297,8.73682975769043
98.0,-22.5,44.81211471557617,41.316871643066406,68.05630493164062,96.25235748291016,8.73682975769043
99.0,-22.5,45.41844177246094,41.60653305053711,67.91690826416016,97.17512512207031,8.73682975769043
100.0,-22.5,45.855613708496094,42.0116081237793,67.81639862060547,97.96113586425781,8.73682975769043
101.0,-22.5,46.79018020629883,42.1766471862793,67.60154724121094,99.15237426757812,8.73682975769043
102.0,-22.5,47.922569274902344,42.27538299560547,67.3412094116211,100.51314544677734,8.73682975769043
103.0,-22.5,49.875057220458984,42.009552001953125,66.892333984375,102.56975555419922,8.73682975769043
