angle,vert_angle,dist,x,y,z,height
344.0,-22.5,27.741186141967773,163.86569213867188,51.19367980957031,131.28103637695312,38.21958923339844
345.0,-22.5,27.38483428955078,163.40231323242188,51.208404541015625,131.6592559814453,38.21958923339844
346.0,-22.5,26.27850914001465,163.00656127929688,51.254112243652344,132.7924346923828,38.21958923339844
347.0,-22.5,26.20062255859375,162.55690002441406,51.25733184814453,132.9074249267578,38.21958923339844
348.0,-22.5,26.12564468383789,162.11033630371094,51.26042938232422,133.0272216796875,38.21958923339844
349.0,-22.5,25.90939712524414,161.68492126464844,51.26936340332031,133.294677734375,38.21958923339844
350.0,-22.5,25.999082565307617,161.22439575195312,51.26565933227539,133.26646423339844,38.21958923339844
351.0,-22.5,26.25777244567871,160.7349395751953,51.25497055053711,133.079833984375,38.21958923339844
352.0,-22.5,26.56230354309082,160.22975158691406,51.24238967895508,132.85745239257812,38.21958923339844
353.0,-22.5,27.025066375732422,159.68484497070312,51.223270416259766,132.4898223876953,38.21958923339844
