angle,vert_angle,dist,x,y,z,height
24.0,22.5,30.373733520507812,17.299846649169922,29.430747985839844,101.4621810913086,9.989712715148926
25.0,22.5,20.941635131835938,13.673705101013184,22.616546630859375,106.8912582397461,9.989712715148926
21.0,16.875,43.81723403930664,22.407062530517578,37.30947494506836,91.58329010009766,9.989712715148926
20.0,5.625,33.49323272705078,17.565778732299805,26.836925506591797,94.44620513916016,9.989712715148926
20.0,0.0,27.223926544189453,14.959750175476074,21.58020782470703,97.73381042480469,9.989712715148926
21.0,0.0,32.16244125366211,16.07946014404297,24.13671112060547,93.63567352294922,9.989712715148926
21.0,-5.625,23.097585678100586,12.934273719787598,17.941953659057617,99.85938262939453,9.989712715148926
22.0,-5.625,26.895811080932617,13.624351501464844,19.66114044189453,96.52094268798828,9.989712715148926
23.0,-11.25,17.75299835205078,10.59267807006836,14.290855407714844,103.53338623046875,9.989712715148926
24.0,-11.25,21.77588653564453,11.221145629882812,15.832563400268555,99.85748291015625,9.989712715148926
