angle,vert_angle,dist,x,y,z,height
146.0,22.5,49.63740921020508,0.8761960864067078,8.535351753234863,123.93411254882812,9.755759239196777
147.0,22.5,46.34819793701172,2.1104559898376465,8.538619995117188,120.77241516113281,9.755759239196777
148.0,22.5,42.940452575683594,3.2436776161193848,8.542008399963379,117.46564483642578,9.755759239196777
