angle,vert_angle,dist,x,y,z,height
13.0,-22.5,36.649314880371094,260.9012145996094,45.501609802246094,96.15232849121094,9.883607864379883
