angle,vert_angle,dist,x,y,z,height
310.0,-11.25,78.26374816894531,164.03184509277344,50.870018005371094,133.99412536621094,14.929414749145508
310.0,-16.875,74.77139282226562,167.46295166015625,49.060035705566406,135.46627807617188,14.929414749145508
311.0,-16.875,73.94190979003906,166.8494415283203,48.835670471191406,136.816162109375,14.929414749145508
312.0,-16.875,74.02691650390625,165.7727813720703,48.85865783691406,137.4429931640625,14.929414749145508
313.0,-16.875,74.7227783203125,164.36480712890625,49.04688262939453,137.61038208007812,14.929414749145508
314.0,-16.875,75.45327758789062,162.9306640625,49.244476318359375,137.78237915039062,14.929414749145508
309.0,-22.5,76.27947998046875,169.30630493164062,48.42583084106445,132.31919860839844,14.929414749145508
310.0,-22.5,73.06470489501953,169.79507446289062,47.600196838378906,135.63580322265625,14.929414749145508
311.0,-22.5,71.68021392822266,169.45181274414062,47.24462890625,137.4141845703125,14.929414749145508
312.0,-22.5,71.35266876220703,168.60369873046875,47.16050720214844,138.32859802246094,14.929414749145508
313.0,-22.5,71.1675033569336,167.69944763183594,47.11295700073242,139.14047241210938,14.929414749145508
314.0,-22.5,71.26620483398438,166.65492248535156,47.1383056640625,139.7413787841797,14.929414749145508
315.0,-22.5,71.96450805664062,165.2794647216797,47.31764221191406,139.89227294921875,14.929414749145508
316.0,-22.5,72.54212188720703,163.96751403808594,47.46598815917969,140.1673583984375,14.929414749145508
317.0,-22.5,74.15467834472656,162.0376434326172,47.880126953125,139.6825408935547,14.929414749145508
318.0,-22.5,77.7953109741211,158.8461456298828,48.81512451171875,137.72406005859375,14.929414749145508
