angle,vert_angle,dist,x,y,z,height
91.0,-16.875,48.93675994873047,36.47010040283203,69.76268005371094,98.75869750976562,8.357717514038086
92.0,-16.875,47.76564407348633,37.8802604675293,69.96167755126953,98.57205963134766,8.357717514038086
93.0,-16.875,47.82765197753906,38.41085433959961,69.95114135742188,99.20294189453125,8.357717514038086
94.0,-16.875,48.23516845703125,38.7158203125,69.88189697265625,100.06938171386719,8.357717514038086
95.0,-16.875,49.02039337158203,38.78620529174805,69.74847412109375,101.20659637451172,8.357717514038086
85.0,-22.5,47.70112991333008,35.17219543457031,66.57771301269531,94.2356948852539,8.357717514038086
86.0,-22.5,45.13543701171875,37.6165771484375,67.19628143310547,93.31761169433594,8.357717514038086
87.0,-22.5,44.22675323486328,38.778236389160156,67.41535949707031,93.34855651855469,8.357717514038086
88.0,-22.5,43.841880798339844,39.544437408447266,67.50814819335938,93.6783676147461,8.357717514038086
89.0,-22.5,43.57152557373047,40.228878021240234,67.57332611083984,94.06362915039062,8.357717514038086
90.0,-22.5,43.45586395263672,40.8063850402832,67.60121154785156,94.5351333618164,8.357717514038086
91.0,-22.5,43.58070373535156,41.221702575683594,67.57111358642578,95.15606689453125,8.357717514038086
92.0,-22.5,43.69830322265625,41.654258728027344,67.54276275634766,95.76622772216797,8.357717514038086
93.0,-22.5,43.945281982421875,42.0109748840332,67.48322296142578,96.45987701416016,8.357717514038086
94.0,-22.5,44.36918258666992,42.26481628417969,67.38101959228516,97.27488708496094,8.357717514038086
95.0,-22.5,44.855194091796875,42.4974479675293,67.26384735107422,98.13473510742188,8.357717514038086
96.0,-22.5,45.434532165527344,42.691307067871094,67.12417602539062,99.06385040283203,8.357717514038086
97.0,-22.5,46.35555648803711,42.693885803222656,66.9021224975586,100.24842834472656,8.357717514038086
98.0,-22.5,47.55310821533203,42.558799743652344,66.61339569091797,101.65018463134766,8.357717514038086
99.0,-22.5,48.8453483581543,42.406944274902344,66.30184936523438,103.13887786865234,8.357717514038086
