angle,vert_angle,dist,x,y,z,height
20.0,-22.5,15.870773315429688,23.948646545410156,20.61376953125,68.19896697998047,11.995201110839844
