angle,vert_angle,dist,x,y,z,height
86.0,-16.875,60.1236572265625,161.6988983154297,50.82868576049805,127.98019409179688,11.018239974975586
87.0,-16.875,59.6894645690918,162.81280517578125,50.75190734863281,127.95161437988281,11.018239974975586
88.0,-16.875,60.22303009033203,163.59982299804688,50.84626007080078,128.7984619140625,11.018239974975586
89.0,-16.875,60.39644241333008,164.52308654785156,50.876922607421875,129.29843139648438,11.018239974975586
83.0,-22.5,58.69636917114258,158.50677490234375,48.81586837768555,125.37439727783203,11.018239974975586
84.0,-22.5,57.23820877075195,160.0226593017578,48.601741790771484,124.48908233642578,11.018239974975586
85.0,-22.5,56.405513763427734,161.25357055664062,48.479461669921875,124.13478088378906,11.018239974975586
86.0,-22.5,56.03495788574219,162.2902374267578,48.425048828125,124.1759033203125,11.018239974975586
87.0,-22.5,55.778411865234375,163.28025817871094,48.38737487792969,124.30146789550781,11.018239974975586
88.0,-22.5,55.76640319824219,164.1836700439453,48.38561248779297,124.63481140136719,11.018239974975586
89.0,-22.5,55.88460159301758,165.04962158203125,48.40296936035156,125.07367706298828,11.018239974975586
90.0,-22.5,56.36180114746094,165.81260681152344,48.473045349121094,125.83487701416016,11.018239974975586
91.0,-22.5,56.752174377441406,166.6223602294922,48.530364990234375,126.50325775146484,11.018239974975586
92.0,-22.5,57.63140106201172,167.31307983398438,48.65947723388672,127.62310028076172,11.018239974975586
93.0,-22.5,58.58660125732422,168.017822265625,48.799747467041016,128.8073272705078,11.018239974975586
