angle,vert_angle,dist,x,y,z,height
357.0,22.5,24.68292808532715,12.011807441711426,17.955810546875,105.55364990234375,20.55295753479004
0.0,16.875,20.22970962524414,13.887709617614746,20.2563533782959,101.41567993164062,20.55295753479004
2.0,11.25,21.18804168701172,14.486712455749512,22.332351684570312,102.30558776855469,20.55295753479004
4.0,5.625,23.85489845275879,15.01302719116211,24.936031341552734,104.61914825439453,20.55295753479004
5.0,5.625,18.018983840942383,15.715898513793945,23.6817626953125,98.95208740234375,20.55295753479004
7.0,0.0,19.9859619140625,16.234031677246094,25.97845458984375,100.38384246826172,20.55295753479004
8.0,0.0,16.88205909729004,16.57621955871582,25.02032470703125,97.43560791015625,20.55295753479004
10.0,-5.625,19.3247013092041,17.092788696289062,27.528827667236328,99.08792877197266,20.55295753479004
11.0,-5.625,16.301753997802734,17.28152847290039,26.32123565673828,96.30854797363281,20.55295753479004
13.0,-11.25,19.909727096557617,17.86606216430664,29.493545532226562,98.72998046875,20.55295753479004
14.0,-11.25,17.18865966796875,17.95881462097168,28.16996955871582,96.33763122558594,20.55295753479004
16.0,-16.875,22.107284545898438,18.69280242919922,32.38099670410156,99.44564056396484,20.55295753479004
17.0,-16.875,19.133344650268555,18.688337326049805,30.689781188964844,96.98164367675781,20.55295753479004
18.0,-16.875,16.860000610351562,18.683815002441406,29.39698028564453,95.093994140625,20.55295753479004
20.0,-22.5,23.248336791992188,19.64494514465332,34.81493377685547,98.87773895263672,20.55295753479004
21.0,-22.5,20.38516616821289,19.541397094726562,32.96687316894531,96.67412567138672,20.55295753479004
22.0,-22.5,18.250690460205078,19.475465774536133,31.589160919189453,95.02498626708984,20.55295753479004
