angle,vert_angle,dist,x,y,z,height
23.0,11.25,18.208587646484375,20.39475440979004,40.08678436279297,112.04271697998047,26.714298248291016
15.0,5.625,34.574310302734375,26.04214096069336,54.318580627441406,106.15938568115234,26.714298248291016
18.0,5.625,19.675674438476562,20.779077529907227,41.07518768310547,110.54953002929688,26.714298248291016
14.0,0.0,31.436668395996094,24.522125244140625,50.71538543701172,104.71161651611328,26.714298248291016
