angle,vert_angle,dist,x,y,z,height
70.0,22.5,18.470500946044922,18.034080505371094,34.40994644165039,111.27543640136719,21.446958541870117
56.0,16.875,24.902074813842773,20.439611434936523,40.31251907348633,109.9450454711914,21.446958541870117
44.0,11.25,26.666427612304688,21.09166145324707,42.006710052490234,109.7986831665039,21.446958541870117
28.0,0.0,21.58658790588379,19.182863235473633,37.20508575439453,110.44081115722656,21.446958541870117
23.0,-5.625,35.890926361083984,23.92784309387207,48.91691970825195,103.58952331542969,21.446958541870117
25.0,-5.625,15.75384521484375,16.93700408935547,31.82486343383789,111.63218688964844,21.446958541870117
21.0,-11.25,20.9461727142334,18.587186813354492,35.64407730102539,108.33940124511719,21.446958541870117
20.0,-16.875,15.981389045715332,16.695966720581055,30.994489669799805,109.59368896484375,21.446958541870117
19.0,-22.5,14.90377426147461,16.147207260131836,29.500064849853516,109.20045471191406,21.446958541870117
