angle,vert_angle,dist,x,y,z,height
0.0,-22.5,24.017837524414062,163.34071350097656,50.515201568603516,135.08053588867188,38.195316314697266
1.0,-22.5,23.91985511779785,162.93214416503906,50.52268600463867,135.20933532714844,38.195316314697266
2.0,-22.5,23.91983985900879,162.51766967773438,50.52268600463867,135.24790954589844,38.195316314697266
3.0,-22.5,23.98743438720703,162.095947265625,50.51752471923828,135.22677612304688,38.195316314697266
4.0,-22.5,23.768186569213867,161.71163940429688,50.534271240234375,135.4965057373047,38.195316314697266
5.0,-22.5,24.098281860351562,161.25193786621094,50.509056091308594,135.2310791015625,38.195316314697266
6.0,-22.5,24.18507957458496,160.82333374023438,50.5024299621582,135.21368408203125,38.195316314697266
7.0,-22.5,24.21333885192871,160.40399169921875,50.50027084350586,135.26136779785156,38.195316314697266
8.0,-22.5,24.465904235839844,159.9392547607422,50.480979919433594,135.09754943847656,38.195316314697266
9.0,-22.5,24.596677780151367,159.49436950683594,50.47099304199219,135.06121826171875,38.195316314697266
10.0,-22.5,25.37116813659668,158.8934326171875,50.41183853149414,134.409912109375,38.195316314697266
11.0,-22.5,25.692785263061523,158.38363647460938,50.38727569580078,134.2090606689453,38.195316314697266
12.0,-22.5,26.116167068481445,157.8373565673828,50.35493850708008,133.92098999023438,38.195316314697266
13.0,-22.5,26.980072021484375,157.15200805664062,50.28895568847656,133.22410583496094,38.195316314697266
354.0,-22.5,25.843534469604492,165.91651916503906,50.37575912475586,133.225830078125,38.195316314697266
355.0,-22.5,25.314111709594727,165.45606994628906,50.41619873046875,133.74037170410156,38.195316314697266
356.0,-22.5,24.69097900390625,165.01356506347656,50.46379089355469,134.35641479492188,38.195316314697266
357.0,-22.5,24.291576385498047,164.5895538330078,50.494293212890625,134.75697326660156,38.195316314697266
358.0,-22.5,24.217899322509766,164.1692657470703,50.49992370605469,134.84010314941406,38.195316314697266
359.0,-22.5,24.151397705078125,163.75143432617188,50.505001068115234,134.92335510253906,38.195316314697266
