angle,vert_angle,dist,x,y,z,height
236.0,0.0,49.426658630371094,55.348548889160156,27.200061798095703,123.70690155029297,65.34777069091797
255.0,-5.625,44.265995025634766,59.23950958251953,28.528118133544922,114.03522491455078,65.34777069091797
256.0,-5.625,46.413997650146484,60.492271423339844,26.864288330078125,114.76081848144531,65.34777069091797
257.0,-5.625,48.228302001953125,61.63648223876953,25.45893096923828,115.29016876220703,65.34777069091797
258.0,-5.625,49.11820983886719,62.412017822265625,24.769611358642578,115.35301971435547,65.34777069091797
259.0,-5.625,49.96799850463867,63.17839813232422,24.111370086669922,115.37715911865234,65.34777069091797
273.0,-11.25,45.84945297241211,62.33055877685547,25.167423248291016,108.23648834228516,65.34777069091797
274.0,-11.25,48.29235076904297,63.72686004638672,23.161453247070312,108.69892883300781,65.34777069091797
275.0,-11.25,49.85065841674805,64.73383331298828,21.881858825683594,108.82467651367188,65.34777069091797
293.0,-16.875,45.82648468017578,63.01854705810547,23.415592193603516,101.64381408691406,65.34777069091797
294.0,-16.875,49.17044448852539,64.75611114501953,20.540512084960938,101.9192123413086,65.34777069091797
