angle,vert_angle,dist,x,y,z,height
95.0,-22.5,99.53841400146484,174.3423309326172,42.32294464111328,125.6618423461914,21.28595733642578
96.0,-22.5,98.54750061035156,175.21397399902344,42.401126861572266,127.44662475585938,21.28595733642578
97.0,-22.5,97.9728775024414,175.70281982421875,42.44646453857422,129.1820831298828,21.28595733642578
98.0,-22.5,97.55221557617188,176.06874084472656,42.47965621948242,130.89529418945312,21.28595733642578
99.0,-22.5,97.30744171142578,176.28927612304688,42.49897003173828,132.5936737060547,21.28595733642578
100.0,-22.5,97.27738189697266,176.32537841796875,42.50133514404297,134.2863006591797,21.28595733642578
101.0,-22.5,97.43255615234375,176.2064208984375,42.48909378051758,135.9830322265625,21.28595733642578
102.0,-22.5,97.78466033935547,175.92111206054688,42.4613151550293,137.69354248046875,21.28595733642578
103.0,-22.5,98.36187744140625,175.4420928955078,42.415771484375,139.42942810058594,21.28595733642578
104.0,-22.5,99.30902099609375,174.62664794921875,42.341041564941406,141.21365356445312,21.28595733642578
