angle,vert_angle,dist,x,y,z,height
245.0,0.0,45.05897903442383,59.07343673706055,27.907649993896484,116.37196350097656,64.01934051513672
246.0,0.0,47.104488372802734,60.29454803466797,26.391204833984375,117.19934844970703,64.01934051513672
247.0,0.0,48.02794647216797,61.107730865478516,25.706592559814453,117.38154602050781,64.01934051513672
248.0,0.0,49.05399703979492,61.974029541015625,24.9459228515625,117.59814453125,64.01934051513672
249.0,0.0,49.748687744140625,62.71687698364258,24.430919647216797,117.61685180664062,64.01934051513672
261.0,-5.625,44.88412857055664,61.90304946899414,25.668968200683594,110.14389038085938,64.01934051513672
262.0,-5.625,46.89667510986328,63.12737274169922,24.07076644897461,110.62757873535156,64.01934051513672
263.0,-5.625,48.34201431274414,64.11715698242188,22.922996520996094,110.84444427490234,64.01934051513672
264.0,-5.625,49.431549072265625,64.95689392089844,22.057777404785156,110.89128875732422,64.01934051513672
8.0,-11.25,49.525821685791016,56.30598068237305,19.748443603515625,68.33606719970703,64.01934051513672
279.0,-11.25,46.9566535949707,64.18184661865234,21.904590606689453,104.26898193359375,64.01934051513672
280.0,-11.25,48.79204177856445,65.27313995361328,20.364261627197266,104.37611389160156,64.01934051513672
303.0,-16.875,47.63851547241211,64.56692504882812,19.568065643310547,96.43443298339844,64.01934051513672
343.0,-16.875,49.31992721557617,63.37103271484375,18.094684600830078,80.4831771850586,64.01934051513672
344.0,-16.875,48.13850021362305,62.67689895629883,19.12993621826172,80.38272857666016,64.01934051513672
345.0,-16.875,45.93587112426758,61.55558395385742,21.060039520263672,80.54179382324219,64.01934051513672
346.0,-16.875,40.79631805419922,59.221046447753906,25.56368637084961,81.44436645507812,64.01934051513672
