angle,vert_angle,dist,x,y,z,height
250.0,-22.5,66.86567687988281,83.00360107421875,27.19603729248047,213.3005828857422,8.182271003723145
251.0,-22.5,64.6362533569336,81.1159896850586,27.230220794677734,214.9505157470703,8.182271003723145
252.0,-22.5,64.5621109008789,80.03470611572266,27.23135757446289,214.62313842773438,8.182271003723145
253.0,-22.5,68.1689682006836,80.15385437011719,27.176054000854492,210.83731079101562,8.182271003723145
