angle,vert_angle,dist,x,y,z,height
70.0,22.5,24.260072708129883,17.626867294311523,33.43135070800781,109.73661041259766,15.972996711730957
71.0,22.5,33.59080505371094,20.875885009765625,41.28003692626953,105.8665771484375,15.972996711730957
57.0,16.875,17.359107971191406,15.20020580291748,27.92473602294922,113.2800521850586,15.972996711730957
58.0,16.875,28.972383499145508,19.455589294433594,37.8929328918457,109.1044921875,15.972996711730957
59.0,16.875,34.984169006347656,21.497276306152344,43.05311965942383,106.77494049072266,15.972996711730957
45.0,11.25,18.211214065551758,15.58078670501709,28.818466186523438,113.47709655761719,15.972996711730957
46.0,11.25,28.239620208740234,19.279754638671875,37.51569366455078,110.11798095703125,15.972996711730957
47.0,11.25,33.979061126708984,21.261445999145508,42.49327087402344,108.0418701171875,15.972996711730957
48.0,11.25,40.942222595214844,23.622970581054688,48.532135009765625,105.48336029052734,15.972996711730957
35.0,5.625,18.274309158325195,15.608223915100098,28.88344955444336,113.4892578125,15.972996711730957
36.0,5.625,28.276247024536133,19.299415588378906,37.56333541870117,110.15574645996094,15.972996711730957
37.0,5.625,34.03562545776367,21.290557861328125,42.56144332885742,108.08280181884766,15.972996711730957
38.0,5.625,41.02543258666992,23.66443634033203,48.627342224121094,105.52702331542969,15.972996711730957
28.0,0.0,22.53200912475586,17.147192001342773,32.4027099609375,111.57099914550781,15.972996711730957
29.0,0.0,30.18012237548828,19.875083923339844,38.98027420043945,108.77067565917969,15.972996711730957
30.0,0.0,36.67293930053711,22.081558227539062,44.56425476074219,106.28168487548828,15.972996711730957
23.0,-5.625,15.89793586730957,14.552373886108398,26.441631317138672,113.15016174316406,15.972996711730957
24.0,-5.625,31.13515853881836,20.06906509399414,39.301025390625,107.11538696289062,15.972996711730957
25.0,-5.625,41.426143646240234,23.583528518676758,47.986061096191406,102.84501647949219,15.972996711730957
20.0,-11.25,25.892009735107422,18.089923858642578,34.24934387207031,107.85899353027344,15.972996711730957
21.0,-11.25,39.839542388916016,22.90630340576172,45.68268585205078,101.47794342041016,15.972996711730957
18.0,-16.875,34.816436767578125,21.045127868652344,40.447418212890625,101.77875518798828,15.972996711730957
16.0,-22.5,23.427902221679688,16.88465690612793,30.547603607177734,106.08990478515625,15.972996711730957
