angle,vert_angle,dist,x,y,z,height
114.0,22.5,39.67536926269531,38.60201644897461,69.71694946289062,101.62774658203125,9.071215629577637
115.0,22.5,38.70216369628906,37.45567321777344,69.92021942138672,101.43012237548828,9.071215629577637
116.0,22.5,38.588035583496094,37.063194274902344,69.94405364990234,100.88838958740234,9.071215629577637
117.0,22.5,38.59931945800781,36.77067947387695,69.94170379638672,100.29808044433594,9.071215629577637
118.0,22.5,38.80283737182617,36.63251876831055,69.8991928100586,99.62216186523438,9.071215629577637
119.0,22.5,38.99422073364258,36.4705924987793,69.85922241210938,98.9516372680664,9.071215629577637
120.0,22.5,39.888526916503906,36.88568115234375,69.67243194580078,97.92903137207031,9.071215629577637
121.0,22.5,41.912445068359375,38.21361541748047,69.24971008300781,96.30386352539062,9.071215629577637
