angle,vert_angle,dist,x,y,z,height
305.0,22.5,55.561805725097656,157.68499755859375,49.73912048339844,127.5271224975586,9.120857238769531
306.0,22.5,53.54277801513672,159.75303649902344,50.241661071777344,126.89689636230469,9.120857238769531
307.0,22.5,52.85884094238281,160.85150146484375,50.41189193725586,127.09910583496094,9.120857238769531
308.0,22.5,52.30401611328125,161.8563690185547,50.54998779296875,127.36176300048828,9.120857238769531
309.0,22.5,51.92189407348633,162.74217224121094,50.64509963989258,127.71993255615234,9.120857238769531
310.0,22.5,51.76953887939453,163.476806640625,50.683021545410156,128.22006225585938,9.120857238769531
311.0,22.5,51.701595306396484,164.16314697265625,50.69993591308594,128.76602172851562,9.120857238769531
312.0,22.5,51.683650970458984,164.82611083984375,50.70439910888672,129.33554077148438,9.120857238769531
313.0,22.5,52.05516052246094,165.25466918945312,50.61193084716797,130.18084716796875,9.120857238769531
314.0,22.5,52.49175262451172,165.66281127929688,50.50326156616211,131.07135009765625,9.120857238769531
315.0,22.5,52.996891021728516,166.05104064941406,50.377532958984375,132.0113067626953,9.120857238769531
316.0,22.5,53.790733337402344,166.2928924560547,50.17994689941406,133.1719970703125,9.120857238769531
317.0,22.5,54.96674346923828,166.34657287597656,49.88723373413086,134.63462829589844,9.120857238769531
