angle,vert_angle,dist,x,y,z,height
244.0,22.5,35.80442428588867,26.22441291809082,37.41307830810547,124.32391357421875,67.8360366821289
