angle,vert_angle,dist,x,y,z,height
82.0,-16.875,60.42708206176758,159.65902709960938,50.32319641113281,127.08515167236328,10.517524719238281
83.0,-16.875,59.28113555908203,161.06822204589844,50.121849060058594,126.49836730957031,10.517524719238281
84.0,-16.875,58.860321044921875,162.1638641357422,50.04791259765625,126.53349304199219,10.517524719238281
85.0,-16.875,58.434932708740234,163.25503540039062,49.973175048828125,126.54251098632812,10.517524719238281
86.0,-16.875,58.67893981933594,164.09747314453125,50.01604461669922,127.1427001953125,10.517524719238281
87.0,-16.875,58.90559387207031,164.9601593017578,50.05586624145508,127.7136001586914,10.517524719238281
88.0,-16.875,59.97256851196289,165.55967712402344,50.24333572387695,129.05030822753906,10.517524719238281
80.0,-22.5,61.005428314208984,156.58937072753906,48.59917449951172,126.49491119384766,10.517524719238281
81.0,-22.5,58.03460693359375,158.873291015625,48.166099548339844,124.37892150878906,10.517524719238281
82.0,-22.5,56.93902587890625,160.2489776611328,48.00638961791992,123.86174011230469,10.517524719238281
83.0,-22.5,56.142852783203125,161.47128295898438,47.89032745361328,123.57990264892578,10.517524719238281
84.0,-22.5,55.7617301940918,162.50631713867188,47.83477020263672,123.6448974609375,10.517524719238281
85.0,-22.5,55.371246337890625,163.5399932861328,47.77784729003906,123.68064880371094,10.517524719238281
86.0,-22.5,55.32672119140625,164.43743896484375,47.77135467529297,124.01214599609375,10.517524719238281
87.0,-22.5,55.40147018432617,165.29672241210938,47.782249450683594,124.43749237060547,10.517524719238281
88.0,-22.5,55.67932891845703,166.09445190429688,47.822757720947266,125.03656768798828,10.517524719238281
89.0,-22.5,56.06443405151367,166.87173461914062,47.8788948059082,125.72332763671875,10.517524719238281
90.0,-22.5,56.80778121948242,167.55523681640625,47.98725509643555,126.73484802246094,10.517524719238281
91.0,-22.5,57.608909606933594,168.2514190673828,48.104042053222656,127.79277801513672,10.517524719238281
92.0,-22.5,59.10606002807617,168.78460693359375,48.322288513183594,129.50294494628906,10.517524719238281
