angle,vert_angle,dist,x,y,z,height
244.0,0.0,45.7459831237793,58.670841217041016,27.930709838867188,117.44338989257812,64.5072250366211
245.0,0.0,47.679447174072266,59.84296798706055,26.498504638671875,118.22634887695312,64.5072250366211
246.0,0.0,48.64341354370117,60.67470932006836,25.78445053100586,118.44171905517578,64.5072250366211
247.0,0.0,49.32569122314453,61.40835189819336,25.279056549072266,118.48270416259766,64.5072250366211
260.0,-5.625,43.975799560546875,60.976646423339844,26.919544219970703,110.48604583740234,64.5072250366211
261.0,-5.625,46.341224670410156,62.34196853637695,25.042442321777344,111.14745330810547,64.5072250366211
262.0,-5.625,48.11935043334961,63.47353744506836,23.631393432617188,111.52394104003906,64.5072250366211
263.0,-5.625,49.17720031738281,64.29734802246094,22.79193115234375,111.57465362548828,64.5072250366211
8.0,-11.25,49.54265594482422,56.11501693725586,20.264129638671875,68.65879821777344,64.5072250366211
278.0,-11.25,45.14006805419922,62.91905212402344,23.95669937133789,104.5166015625,64.5072250366211
279.0,-11.25,47.83629608154297,64.40447235107422,21.695301055908203,104.89647674560547,64.5072250366211
280.0,-11.25,49.741455078125,65.53455352783203,20.097389221191406,105.01546478271484,64.5072250366211
303.0,-16.875,49.183929443359375,65.11285400390625,18.740692138671875,96.97048950195312,64.5072250366211
344.0,-16.875,49.15082550048828,62.92270278930664,18.769683837890625,80.49444580078125,64.5072250366211
345.0,-16.875,46.950462341308594,61.79637145996094,20.69680404663086,80.64585876464844,64.5072250366211
346.0,-16.875,41.672630310058594,59.39592361450195,25.31922149658203,81.57613372802734,64.5072250366211
