angle,vert_angle,dist,x,y,z,height
316.0,-22.5,27.949018478393555,162.21051025390625,51.4565315246582,131.19729614257812,38.270530700683594
317.0,-22.5,27.84352684020996,161.73788452148438,51.46091842651367,131.35340881347656,38.270530700683594
318.0,-22.5,27.151203155517578,161.34695434570312,51.48971939086914,132.0987548828125,38.270530700683594
319.0,-22.5,27.399511337280273,160.8412628173828,51.479393005371094,131.9197540283203,38.270530700683594
320.0,-22.5,28.439815521240234,160.1968994140625,51.43611145019531,130.96995544433594,38.270530700683594
