angle,vert_angle,dist,x,y,z,height
0.0,-22.5,25.755870819091797,158.5787353515625,50.42594909667969,134.10598754882812,38.20708465576172
1.0,-22.5,25.94154930114746,158.0967559814453,50.41067886352539,134.0421142578125,38.20708465576172
2.0,-22.5,26.60283660888672,157.47740173339844,50.356300354003906,133.53265380859375,38.20708465576172
343.0,-22.5,29.599756240844727,166.3067626953125,50.10986328125,129.50962829589844,38.20708465576172
344.0,-22.5,25.69483757019043,165.6782989501953,50.430965423583984,133.3800811767578,38.20708465576172
345.0,-22.5,25.19017219543457,165.2255096435547,50.47246551513672,133.87380981445312,38.20708465576172
346.0,-22.5,24.621152877807617,164.79052734375,50.519256591796875,134.4395294189453,38.20708465576172
347.0,-22.5,24.370075225830078,164.36807250976562,50.53990173339844,134.69583129882812,38.20708465576172
348.0,-22.5,24.29126739501953,163.94760131835938,50.546382904052734,134.78778076171875,38.20708465576172
349.0,-22.5,24.18916130065918,163.53147888183594,50.554779052734375,134.91017150878906,38.20708465576172
350.0,-22.5,24.078561782836914,163.11996459960938,50.563873291015625,135.04812622070312,38.20708465576172
351.0,-22.5,23.950979232788086,162.71441650390625,50.574363708496094,135.20993041992188,38.20708465576172
352.0,-22.5,24.033599853515625,162.2908935546875,50.567569732666016,135.17034912109375,38.20708465576172
353.0,-22.5,24.004114151000977,161.87957763671875,50.56999588012695,135.2491455078125,38.20708465576172
354.0,-22.5,24.08885955810547,161.45370483398438,50.563026428222656,135.22239685058594,38.20708465576172
355.0,-22.5,24.30955696105957,161.0040283203125,50.54487609863281,135.06961059570312,38.20708465576172
356.0,-22.5,24.30423355102539,160.58834838867188,50.54531478881836,135.14695739746094,38.20708465576172
357.0,-22.5,24.44669532775879,160.14524841308594,50.53360366821289,135.0871124267578,38.20708465576172
358.0,-22.5,24.61086082458496,159.69410705566406,50.520103454589844,135.01438903808594,38.20708465576172
359.0,-22.5,24.892824172973633,159.2119598388672,50.496917724609375,134.8359375,38.20708465576172
