angle,vert_angle,dist,x,y,z,height
79.0,22.5,20.2153377532959,14.821013450622559,26.115144729614258,108.72374725341797,13.631786346435547
80.0,22.5,30.655677795410156,18.58529281616211,34.01313018798828,103.01993560791016,13.631786346435547
70.0,16.875,18.629220962524414,14.330390930175781,25.358850479125977,110.32879638671875,13.631786346435547
71.0,16.875,26.50032615661621,17.208600997924805,31.500667572021484,106.32791137695312,13.631786346435547
72.0,16.875,36.22655487060547,20.648244857788086,39.09003448486328,101.29956817626953,13.631786346435547
61.0,11.25,13.14738941192627,12.21204662322998,21.29564094543457,113.3854751586914,13.631786346435547
62.0,11.25,26.45506477355957,17.292829513549805,31.8964786529541,107.14521789550781,13.631786346435547
63.0,11.25,33.6485710144043,19.82278060913086,37.62679672241211,103.5943832397461,13.631786346435547
53.0,5.625,23.268293380737305,16.159114837646484,29.5585994720459,109.06687927246094,13.631786346435547
54.0,5.625,29.795997619628906,18.50126075744629,34.814842224121094,105.97310638427734,13.631786346435547
55.0,5.625,36.850215911865234,20.936811447143555,40.49504852294922,102.5550765991211,13.631786346435547
45.0,0.0,23.051223754882812,16.115459442138672,29.40387535095215,109.23722076416016,13.631786346435547
46.0,0.0,28.144248962402344,17.91554069519043,33.509315490722656,106.8055191040039,13.631786346435547
47.0,0.0,34.944461822509766,20.28265953063965,38.99090576171875,103.53492736816406,13.631786346435547
38.0,-5.625,13.530917167663574,12.371793746948242,21.636371612548828,113.2792739868164,13.631786346435547
39.0,-5.625,26.107481002807617,17.173599243164062,31.687541961669922,107.43756866455078,13.631786346435547
40.0,-5.625,32.30597686767578,19.333389282226562,36.6413688659668,104.3864974975586,13.631786346435547
33.0,-11.25,12.72732162475586,11.99252986907959,20.808452606201172,113.27409362792969,13.631786346435547
34.0,-11.25,28.33953094482422,17.898677825927734,33.05793380737305,105.60265350341797,13.631786346435547
35.0,-11.25,36.85800552368164,20.865036010742188,39.74160385131836,101.21904754638672,13.631786346435547
29.0,-16.875,20.089040756225586,14.801828384399414,26.139636993408203,108.98715209960938,13.631786346435547
30.0,-16.875,30.13579559326172,18.438371658325195,33.79991912841797,103.5917739868164,13.631786346435547
26.0,-22.5,19.52729034423828,14.472147941589355,25.13549041748047,108.39969635009766,13.631786346435547
