angle,vert_angle,dist,x,y,z,height
24.0,-22.5,28.963993072509766,164.62803649902344,50.962440490722656,130.77490234375,38.2506103515625
25.0,-22.5,28.340469360351562,164.15347290039062,51.104671478271484,131.3916473388672,38.2506103515625
26.0,-22.5,28.01209259033203,163.68704223632812,51.17958068847656,131.7291259765625,38.2506103515625
27.0,-22.5,27.685855865478516,163.23199462890625,51.253997802734375,132.0723114013672,38.2506103515625
28.0,-22.5,27.20551872253418,162.80072021484375,51.36356735229492,132.57252502441406,38.2506103515625
29.0,-22.5,27.16765785217285,162.3439178466797,51.37220001220703,132.65074157714844,38.2506103515625
30.0,-22.5,27.159255981445312,161.8858642578125,51.374114990234375,132.70835876464844,38.2506103515625
31.0,-22.5,27.226476669311523,161.41921997070312,51.35878372192383,132.7009735107422,38.2506103515625
32.0,-22.5,27.14364242553711,160.973388671875,51.37767791748047,132.84632873535156,38.2506103515625
33.0,-22.5,27.422462463378906,160.4724884033203,51.31407928466797,132.65208435058594,38.2506103515625
34.0,-22.5,27.59238052368164,159.9832000732422,51.27531814575195,132.5716552734375,38.2506103515625
35.0,-22.5,27.94637680053711,159.4535675048828,51.1945686340332,132.32479858398438,38.2506103515625
36.0,-22.5,28.320125579833984,158.90960693359375,51.109310150146484,132.06973266601562,38.2506103515625
37.0,-22.5,29.847190856933594,158.0900115966797,50.7609748840332,130.73446655273438,38.2506103515625
