angle,vert_angle,dist,x,y,z,height
114.0,22.5,49.83123779296875,175.96197509765625,8.44682502746582,246.17391967773438,7.949517250061035
115.0,22.5,49.54716110229492,175.2628936767578,8.449898719787598,246.76040649414062,7.949517250061035
116.0,22.5,49.96644592285156,174.29986572265625,8.445361137390137,246.71139526367188,7.949517250061035
117.0,22.5,49.82486343383789,173.56076049804688,8.446893692016602,247.1930694580078,7.949517250061035
118.0,22.5,49.94654083251953,172.71966552734375,8.445577621459961,247.4486541748047,7.949517250061035
