angle,vert_angle,dist,x,y,z,height
160.0,-11.25,47.465946197509766,61.44929504394531,24.906829833984375,120.55696868896484,55.16023254394531
161.0,-11.25,48.70876693725586,62.61216735839844,24.295690536499023,121.15093994140625,55.16023254394531
162.0,-11.25,49.529056549072266,63.6153564453125,23.89232063293457,121.39781951904297,55.16023254394531
165.0,-16.875,45.974395751953125,64.4343032836914,23.14459228515625,115.35660552978516,55.16023254394531
166.0,-16.875,47.41391372680664,65.70064544677734,22.358579635620117,115.9194564819336,55.16023254394531
167.0,-16.875,48.6778564453125,66.90270233154297,21.668437957763672,116.33143615722656,55.16023254394531
168.0,-16.875,49.568572998046875,67.92938995361328,21.18208122253418,116.46792602539062,55.16023254394531
167.0,-22.5,45.04047393798828,65.59376525878906,21.44639015197754,111.47063446044922,55.16023254394531
168.0,-22.5,46.763362884521484,66.99481964111328,20.42118263244629,112.07788848876953,55.16023254394531
169.0,-22.5,47.93803024291992,68.1228256225586,19.722187042236328,112.32266998291016,55.16023254394531
170.0,-22.5,49.02194595336914,69.21607208251953,19.07720184326172,112.48401641845703,55.16023254394531
171.0,-22.5,49.97435760498047,70.2479019165039,18.510469436645508,112.5409927368164,55.16023254394531
