angle,vert_angle,dist,x,y,z,height
90.0,22.5,8.460193634033203,0.2979397773742676,8.21876049041748,79.33872985839844,9.75447940826416
336.0,22.5,12.84578800201416,5.365414142608643,8.047443389892578,62.05230712890625,9.75447940826416
337.0,22.5,13.222213745117188,5.078866481781006,8.032739639282227,61.71909713745117,9.75447940826416
338.0,22.5,11.459342002868652,5.189731121063232,8.101603507995605,63.49018859863281,9.75447940826416
339.0,22.5,13.65682601928711,4.535602569580078,8.015761375427246,61.382755279541016,9.75447940826416
340.0,22.5,13.883771896362305,4.251923561096191,8.006896018981934,61.21358108520508,9.75447940826416
341.0,22.5,14.004066467285156,3.987349510192871,8.002197265625,61.15369415283203,9.75447940826416
342.0,22.5,14.004061698913574,3.7509543895721436,8.002197265625,61.21504592895508,9.75447940826416
343.0,22.5,14.004068374633789,3.515662908554077,8.002197265625,61.28050231933594,9.75447940826416
344.0,22.5,14.004070281982422,3.281552791595459,8.002197265625,61.350059509277344,9.75447940826416
345.0,22.5,14.004054069519043,3.0486960411071777,8.002197265625,61.423709869384766,9.75447940826416
346.0,22.5,14.00406551361084,2.817145824432373,8.002197265625,61.50138854980469,9.75447940826416
347.0,22.5,14.004068374633789,2.5869956016540527,8.002197265625,61.58310317993164,9.75447940826416
348.0,22.5,6.99137544631958,4.874972820281982,8.276137351989746,68.2086410522461,9.75447940826416
349.0,22.5,14.00406551361084,2.131150245666504,8.002197265625,61.75852584838867,9.75447940826416
350.0,22.5,14.00405502319336,1.90559720993042,8.002197265625,61.8521842956543,9.75447940826416
351.0,22.5,14.004066467285156,1.6816980838775635,8.002197265625,61.94974899291992,9.75447940826416
352.0,22.5,14.004067420959473,1.4595458507537842,8.002197265625,62.051212310791016,9.75447940826416
353.0,22.5,14.004057884216309,1.2392029762268066,8.002197265625,62.15654754638672,9.75447940826416
354.0,22.5,14.00406265258789,1.020727515220642,8.002197265625,62.26569747924805,9.75447940826416
355.0,22.5,14.004070281982422,0.8041860461235046,8.002197265625,62.37864303588867,9.75447940826416
356.0,22.5,14.004072189331055,0.5896467566490173,8.002197265625,62.495357513427734,9.75447940826416
357.0,22.5,14.004066467285156,0.3771873116493225,8.002197265625,62.61580276489258,9.75447940826416
358.0,22.5,14.004064559936523,0.16685687005519867,8.002197265625,62.73993682861328,9.75447940826416
