angle,vert_angle,dist,x,y,z,height
84.0,-22.5,46.88437271118164,36.49549865722656,68.19530487060547,95.19512939453125,8.383650779724121
85.0,-22.5,45.56129455566406,37.991153717041016,68.47402954101562,94.95504760742188,8.383650779724121
86.0,-22.5,44.929203033447266,38.965415954589844,68.60719299316406,95.12391662597656,8.383650779724121
87.0,-22.5,44.73511505126953,39.62199401855469,68.64807891845703,95.55976867675781,8.383650779724121
88.0,-22.5,44.71835708618164,40.159095764160156,68.651611328125,96.10210418701172,8.383650779724121
89.0,-22.5,44.774818420410156,40.654747009277344,68.63971710205078,96.68537139892578,8.383650779724121
90.0,-22.5,45.013648986816406,41.03733825683594,68.58940124511719,97.38880920410156,8.383650779724121
91.0,-22.5,45.480003356933594,41.283382415771484,68.49115753173828,98.25090789794922,8.383650779724121
92.0,-22.5,46.1646728515625,41.40748596191406,68.346923828125,99.27254486083984,8.383650779724121
93.0,-22.5,46.934547424316406,41.503501892089844,68.18473815917969,100.3624496459961,8.383650779724121
94.0,-22.5,48.17976760864258,41.32976531982422,67.92240905761719,101.81497192382812,8.383650779724121
