angle,vert_angle,dist,x,y,z,height
72.0,22.5,32.873565673828125,36.68716049194336,68.33684539794922,105.34941864013672,10.89426040649414
73.0,22.5,32.385311126708984,36.28921127319336,68.5119400024414,104.77326202392578,10.89426040649414
74.0,22.5,31.85036277770996,35.837127685546875,68.70377349853516,104.20864868164062,10.89426040649414
75.0,22.5,31.4986572265625,35.54539108276367,68.82990264892578,103.67108917236328,10.89426040649414
76.0,22.5,31.111591339111328,35.21104431152344,68.96871185302734,103.14299011230469,10.89426040649414
77.0,22.5,31.040761947631836,35.16241455078125,68.99411010742188,102.63471221923828,10.89426040649414
78.0,22.5,30.89571189880371,35.03562545776367,69.04612731933594,102.1279525756836,10.89426040649414
79.0,22.5,30.84649085998535,34.98945999145508,69.06378173828125,101.62500762939453,10.89426040649414
80.0,22.5,30.80552864074707,34.94224548339844,69.0784683227539,101.12354278564453,10.89426040649414
81.0,22.5,30.817394256591797,34.935577392578125,69.07421112060547,100.6214828491211,10.89426040649414
82.0,22.5,30.86497688293457,34.95341491699219,69.0571517944336,100.11737060546875,10.89426040649414
83.0,22.5,31.04616928100586,35.086734771728516,68.99217224121094,99.60240173339844,10.89426040649414
84.0,22.5,31.146867752075195,35.13599395751953,68.95606231689453,99.08948516845703,10.89426040649414
85.0,22.5,31.30389976501465,35.228370666503906,68.89974975585938,98.56818389892578,10.89426040649414
86.0,22.5,31.468505859375,35.318328857421875,68.84071350097656,98.04187774658203,10.89426040649414
87.0,22.5,31.717037200927734,35.476192474365234,68.7515869140625,97.49981689453125,10.89426040649414
88.0,22.5,31.98871612548828,35.64524459838867,68.65415954589844,96.947509765625,10.89426040649414
89.0,22.5,32.466796875,35.9932975769043,68.48271179199219,96.352783203125,10.89426040649414
90.0,22.5,32.80739212036133,36.203670501708984,68.3605728149414,95.77005767822266,10.89426040649414
91.0,22.5,33.293128967285156,36.53495407104492,68.18638610839844,95.1489486694336,10.89426040649414
92.0,22.5,34.17812728881836,37.21592712402344,67.86901092529297,94.42728424072266,10.89426040649414
93.0,22.5,34.93372344970703,37.76377868652344,67.5980453491211,93.71014404296875,10.89426040649414
