angle,vert_angle,dist,x,y,z,height
22.0,16.875,22.024690628051758,22.7251033782959,45.36387634277344,111.72844696044922,28.302295684814453
15.0,0.0,19.96674346923828,21.159942626953125,42.24144744873047,107.94426727294922,28.302295684814453
