angle,vert_angle,dist,x,y,z,height
285.0,-16.875,38.01027297973633,161.8692169189453,51.55986404418945,130.8693084716797,34.61031723022461
286.0,-16.875,38.0549430847168,161.2059326171875,51.557125091552734,130.900390625,34.61031723022461
281.0,-22.5,36.62876510620117,164.31668090820312,51.09681701660156,132.10833740234375,34.61031723022461
282.0,-22.5,36.06058883666992,163.7138671875,51.140140533447266,132.70628356933594,34.61031723022461
283.0,-22.5,35.81269073486328,163.1068115234375,51.15904235839844,132.99559020996094,34.61031723022461
284.0,-22.5,35.67642593383789,162.49871826171875,51.16943359375,133.18426513671875,34.61031723022461
285.0,-22.5,35.4105339050293,161.9108123779297,51.1897087097168,133.51171875,34.61031723022461
286.0,-22.5,35.54634475708008,161.28158569335938,51.17935562133789,133.45164489746094,34.61031723022461
287.0,-22.5,35.66488265991211,160.651611328125,51.17031478881836,133.419921875,34.61031723022461
288.0,-22.5,36.08403396606445,159.97006225585938,51.13835144042969,133.10382080078125,34.61031723022461
289.0,-22.5,36.772335052490234,159.22743225097656,51.08586502075195,132.53697204589844,34.61031723022461
290.0,-22.5,37.61252975463867,158.43325805664062,51.02180099487305,131.8369903564453,34.61031723022461
