angle,vert_angle,dist,x,y,z,height
185.0,22.5,49.9606819152832,52.86117172241211,9.04190444946289,151.29139709472656,-3.4238197803497314
186.0,22.5,49.10924530029297,51.9727897644043,8.812524795532227,150.53228759765625,-3.4238197803497314
187.0,22.5,47.72154235839844,50.5595817565918,8.438669204711914,149.86085510253906,-3.4238197803497314
187.0,16.875,49.31321334838867,52.241188049316406,8.756824493408203,150.97950744628906,-3.4238197803497314
188.0,16.875,47.87715530395508,50.787109375,8.373165130615234,150.29498291015625,-3.4238197803497314
188.0,11.25,49.15758514404297,52.1925163269043,8.478466987609863,151.43533325195312,-3.4238197803497314
