angle,vert_angle,dist,x,y,z,height
345.0,-22.5,73.07466125488281,168.41680908203125,48.98269271850586,132.51171875,15.619796752929688
346.0,-22.5,71.0788803100586,168.34359741210938,48.72613525390625,134.85009765625,15.619796752929688
347.0,-22.5,70.0832290649414,167.81613159179688,48.59814453125,136.32962036132812,15.619796752929688
348.0,-22.5,69.70658111572266,166.99537658691406,48.54972839355469,137.2936553955078,15.619796752929688
349.0,-22.5,69.89080047607422,165.88650512695312,48.57341003417969,137.8068084716797,15.619796752929688
350.0,-22.5,70.12956237792969,164.75318908691406,48.604103088378906,138.29666137695312,15.619796752929688
351.0,-22.5,70.74047088623047,163.4086151123047,48.68263244628906,138.5098114013672,15.619796752929688
352.0,-22.5,71.5648193359375,161.93231201171875,48.788604736328125,138.5834503173828,15.619796752929688
353.0,-22.5,73.58255004882812,159.71865844726562,49.04798126220703,137.75807189941406,15.619796752929688
