angle,vert_angle,dist,x,y,z,height
261.0,22.5,65.37767028808594,264.679931640625,43.08637237548828,94.53973388671875,9.847700119018555
262.0,22.5,61.70764923095703,265.1085205078125,42.85918426513672,98.34209442138672,9.847700119018555
263.0,22.5,60.1424560546875,264.7823486328125,42.76229476928711,100.2022476196289,9.847700119018555
264.0,22.5,58.74376678466797,264.4411315917969,42.67570877075195,101.90650939941406,9.847700119018555
265.0,22.5,58.17900848388672,263.7770080566406,42.6407470703125,102.86239624023438,9.847700119018555
266.0,22.5,57.596168518066406,263.1468200683594,42.604671478271484,103.84119415283203,9.847700119018555
267.0,22.5,57.43872833251953,262.33856201171875,42.59492492675781,104.45378112792969,9.847700119018555
268.0,22.5,57.353214263916016,261.50787353515625,42.58962631225586,105.0167236328125,9.847700119018555
269.0,22.5,57.65869903564453,260.4889221191406,42.60853958129883,105.25792694091797,9.847700119018555
270.0,22.5,58.23486328125,259.3276672363281,42.64420700073242,105.28987884521484,9.847700119018555
271.0,22.5,59.118099212646484,257.99285888671875,42.698883056640625,105.08967590332031,9.847700119018555
272.0,22.5,60.89745330810547,256.1450500488281,42.80902862548828,104.17753601074219,9.847700119018555
