angle,vert_angle,dist,x,y,z,height
98.0,22.5,30.647079467773438,163.0020294189453,51.19154739379883,129.94041442871094,37.87330627441406
99.0,22.5,29.630550384521484,162.62661743164062,51.39506149291992,130.9970703125,37.87330627441406
100.0,22.5,29.3458194732666,162.17100524902344,51.452064514160156,131.3498992919922,37.87330627441406
101.0,22.5,29.378393173217773,161.6708221435547,51.44554138183594,131.4039306640625,37.87330627441406
102.0,22.5,29.349870681762695,161.18284606933594,51.451255798339844,131.52548217773438,37.87330627441406
103.0,22.5,29.188432693481445,160.72528076171875,51.48357391357422,131.7826690673828,37.87330627441406
104.0,22.5,29.91796875,160.07411193847656,51.337520599365234,131.1976776123047,37.87330627441406
105.0,22.5,30.32788848876953,159.4780731201172,51.255455017089844,130.93055725097656,37.87330627441406
99.0,16.875,31.361656188964844,162.98779296875,51.11540222167969,129.22279357910156,37.87330627441406
100.0,16.875,29.92429542541504,162.656005859375,51.40010452270508,130.6889190673828,37.87330627441406
101.0,16.875,29.571521759033203,162.20494079589844,51.46997833251953,131.10736083984375,37.87330627441406
102.0,16.875,29.52892303466797,161.71359252929688,51.478416442871094,131.23333740234375,37.87330627441406
103.0,16.875,29.677074432373047,161.18905639648438,51.44906997680664,131.18429565429688,37.87330627441406
104.0,16.875,29.62142562866211,160.7033233642578,51.4600944519043,131.3402099609375,37.87330627441406
105.0,16.875,30.00775909423828,160.12269592285156,51.38357162475586,131.08251953125,37.87330627441406
106.0,16.875,30.481386184692383,159.51028442382812,51.28976058959961,130.75360107421875,37.87330627441406
102.0,11.25,30.859277725219727,162.0650634765625,51.339622497558594,129.82618713378906,37.87330627441406
103.0,11.25,29.78472900390625,161.7276611328125,51.54811477661133,130.9517059326172,37.87330627441406
104.0,11.25,29.865262985229492,161.21116638183594,51.53248977661133,130.96739196777344,37.87330627441406
105.0,11.25,30.825672149658203,160.5137481689453,51.34614181518555,130.14817810058594,37.87330627441406
106.0,11.25,30.2899169921875,160.1170654296875,51.450096130371094,130.77474975585938,37.87330627441406
