angle,vert_angle,dist,x,y,z,height
118.0,22.5,38.29198455810547,37.491146087646484,69.84168243408203,102.0038833618164,8.9760103225708
119.0,22.5,38.123741149902344,37.068138122558594,69.87744140625,101.4817123413086,8.9760103225708
120.0,22.5,38.076499938964844,36.74326705932617,69.88748168945312,100.91708374023438,8.9760103225708
121.0,22.5,38.13943862915039,36.50459289550781,69.87410736083984,100.30947875976562,8.9760103225708
122.0,22.5,38.36769104003906,36.39699935913086,69.8255844116211,99.62846374511719,8.9760103225708
123.0,22.5,38.54281234741211,36.230411529541016,69.78836822509766,98.97147369384766,8.9760103225708
124.0,22.5,39.50051498413086,36.71079635620117,69.58479309082031,97.92851257324219,8.9760103225708
125.0,22.5,40.72028350830078,37.38320541381836,69.32551574707031,96.73004913330078,8.9760103225708
