angle,vert_angle,dist,x,y,z,height
136.0,22.5,37.045162200927734,63.578983306884766,9.151728630065918,52.15330123901367,12.036579132080078
137.0,22.5,34.81937789916992,61.29099655151367,9.238996505737305,51.8309326171875,12.036579132080078
138.0,22.5,36.026851654052734,62.38994598388672,9.191655158996582,51.037471771240234,12.036579132080078
348.0,16.875,15.892966270446777,14.55134391784668,11.19743824005127,66.84510803222656,12.036579132080078
