angle,vert_angle,dist,x,y,z,height
88.0,-22.5,46.385772705078125,36.98179244995117,68.34827423095703,95.20398712158203,8.542719841003418
89.0,-22.5,45.405818939208984,38.213539123535156,68.55591583251953,95.09110260009766,8.542719841003418
90.0,-22.5,44.88566589355469,39.11906051635742,68.66613006591797,95.26827239990234,8.542719841003418
91.0,-22.5,44.79444885253906,39.73521041870117,68.68545532226562,95.7300796508789,8.542719841003418
92.0,-22.5,44.83927917480469,40.269203186035156,68.67595672607422,96.27882385253906,8.542719841003418
93.0,-22.5,44.98394012451172,40.749267578125,68.64530944824219,96.89230346679688,8.542719841003418
94.0,-22.5,45.35711669921875,41.098289489746094,68.56623840332031,97.66999816894531,8.542719841003418
95.0,-22.5,45.98888397216797,41.306705474853516,68.432373046875,98.64192199707031,8.542719841003418
96.0,-22.5,46.63543701171875,41.53157424926758,68.29537200927734,99.62815856933594,8.542719841003418
97.0,-22.5,47.984588623046875,41.36914825439453,68.00950622558594,101.16541290283203,8.542719841003418
98.0,-22.5,49.502159118652344,41.15531921386719,67.68795013427734,102.85211181640625,8.542719841003418
