angle,vert_angle,dist,x,y,z,height
299.0,22.5,57.63097381591797,156.00222778320312,49.2771110534668,128.6775665283203,9.13054370880127
300.0,22.5,54.04651641845703,159.21694946289062,50.1640510559082,127.05953979492188,9.13054370880127
301.0,22.5,52.949363708496094,160.61141967773438,50.43553161621094,126.99795532226562,9.13054370880127
302.0,22.5,52.63029479980469,161.45338439941406,50.51448440551758,127.42643737792969,9.13054370880127
303.0,22.5,52.122093200683594,162.42747497558594,50.64023208618164,127.70578002929688,9.13054370880127
304.0,22.5,51.85601806640625,163.23843383789062,50.70606994628906,128.132080078125,9.13054370880127
305.0,22.5,51.757476806640625,163.94358825683594,50.73044967651367,128.66061401367188,9.13054370880127
306.0,22.5,51.68235778808594,164.64157104492188,50.74904251098633,129.192626953125,9.13054370880127
307.0,22.5,52.11480712890625,165.02793884277344,50.64203643798828,130.08511352539062,9.13054370880127
308.0,22.5,52.359291076660156,165.55140686035156,50.581539154052734,130.83502197265625,9.13054370880127
309.0,22.5,52.9053955078125,165.9088897705078,50.446414947509766,131.80677795410156,9.13054370880127
310.0,22.5,53.63422393798828,166.18258666992188,50.26606750488281,132.91815185546875,9.13054370880127
311.0,22.5,54.81342315673828,166.22549438476562,49.97428894042969,134.38247680664062,9.13054370880127
