angle,vert_angle,dist,x,y,z,height
35.0,22.5,20.03285026550293,22.771263122558594,45.57255554199219,111.57623291015625,30.193986892700195
