angle,vert_angle,dist,x,y,z,height
88.0,-22.5,46.097328186035156,36.86692810058594,67.70796966552734,94.45174407958984,8.571128845214844
89.0,-22.5,44.91319274902344,38.22886276245117,67.97843933105469,94.18356323242188,8.571128845214844
90.0,-22.5,44.429588317871094,39.10188674926758,68.08889770507812,94.37230682373047,8.571128845214844
91.0,-22.5,44.20106887817383,39.80426025390625,68.1410903930664,94.72325897216797,8.571128845214844
92.0,-22.5,44.19153594970703,40.36846923828125,68.14327239990234,95.21894836425781,8.571128845214844
93.0,-22.5,44.26573944091797,40.88816833496094,68.12632751464844,95.76659393310547,8.571128845214844
94.0,-22.5,44.46839141845703,41.3387565612793,68.08003234863281,96.40238189697266,8.571128845214844
95.0,-22.5,45.028079986572266,41.586612701416016,67.95219421386719,97.30436706542969,8.571128845214844
96.0,-22.5,45.39942932128906,41.96931076049805,67.86737823486328,98.06229400634766,8.571128845214844
97.0,-22.5,46.249229431152344,42.09309005737305,67.67327117919922,99.19161987304688,8.571128845214844
98.0,-22.5,47.188514709472656,42.197628021240234,67.45873260498047,100.39801788330078,8.571128845214844
99.0,-22.5,48.58015441894531,42.0867919921875,67.140869140625,101.97447204589844,8.571128845214844
