angle,vert_angle,dist,x,y,z,height
80.0,22.5,36.23652648925781,37.391014099121094,68.48251342773438,105.00308227539062,8.668776512145996
81.0,22.5,35.413604736328125,36.48337173461914,68.7014389038086,104.59236145019531,8.668776512145996
82.0,22.5,35.03297424316406,35.985015869140625,68.80269622802734,104.10508728027344,8.668776512145996
83.0,22.5,34.78656768798828,35.60463333129883,68.86824798583984,103.59845733642578,8.668776512145996
84.0,22.5,34.46413040161133,35.14628601074219,68.95403289794922,103.12319946289062,8.668776512145996
85.0,22.5,34.54811096191406,35.05516815185547,68.93169403076172,102.54418182373047,8.668776512145996
86.0,22.5,34.4747314453125,34.80957794189453,68.95121002197266,102.01331329345703,8.668776512145996
87.0,22.5,34.62543487548828,34.75892639160156,68.91111755371094,101.41631317138672,8.668776512145996
88.0,22.5,34.688865661621094,34.61813735961914,68.89424133300781,100.8471908569336,8.668776512145996
89.0,22.5,34.82319259643555,34.530696868896484,68.85850524902344,100.25470733642578,8.668776512145996
90.0,22.5,35.24610900878906,34.68931579589844,68.7459945678711,99.5558090209961,8.668776512145996
91.0,22.5,35.57805633544922,34.752464294433594,68.65768432617188,98.88250732421875,8.668776512145996
92.0,22.5,35.99319076538086,34.87462615966797,68.5472412109375,98.16998291015625,8.668776512145996
93.0,22.5,36.5617561340332,35.115028381347656,68.39598083496094,97.38572692871094,8.668776512145996
94.0,22.5,37.17134475708008,35.37294387817383,68.23381042480469,96.57118225097656,8.668776512145996
95.0,22.5,38.027427673339844,35.822967529296875,68.00605773925781,95.63385009765625,8.668776512145996
96.0,22.5,39.3951530456543,36.683746337890625,67.64219665527344,94.44164276123047,8.668776512145996
