angle,vert_angle,dist,x,y,z,height
3.0,-22.5,70.06576538085938,172.28790283203125,46.147254943847656,133.49037170410156,15.636180877685547
4.0,-22.5,68.40084838867188,172.0069580078125,45.98781967163086,135.5186767578125,15.636180877685547
5.0,-22.5,66.9572982788086,171.67791748046875,45.849586486816406,137.34591674804688,15.636180877685547
6.0,-22.5,66.3004150390625,171.0041046142578,45.78668212890625,138.49192810058594,15.636180877685547
7.0,-22.5,65.89557647705078,170.228759765625,45.74791717529297,139.42991638183594,15.636180877685547
8.0,-22.5,65.67002868652344,169.37974548339844,45.726314544677734,140.22718811035156,15.636180877685547
9.0,-22.5,65.58718872070312,168.46945190429688,45.7183837890625,140.91868591308594,15.636180877685547
10.0,-22.5,65.73412322998047,167.44276428222656,45.73244857788086,141.4368438720703,15.636180877685547
11.0,-22.5,66.1286392211914,166.27975463867188,45.77022933959961,141.77389526367188,15.636180877685547
12.0,-22.5,66.74504089355469,164.98562622070312,45.82925796508789,141.9578857421875,15.636180877685547
13.0,-22.5,67.3621826171875,163.6859130859375,45.88835525512695,142.17030334472656,15.636180877685547
14.0,-22.5,68.27631378173828,162.19729614257812,45.975894927978516,142.180908203125,15.636180877685547
15.0,-22.5,70.16167449951172,160.08070373535156,46.156436920166016,141.48243713378906,15.636180877685547
16.0,-22.5,72.64253234863281,157.54156494140625,46.39400863647461,140.39193725585938,15.636180877685547
