angle,vert_angle,dist,x,y,z,height
52.0,22.5,20.239280700683594,14.594304084777832,26.059368133544922,110.38504791259766,12.836478233337402
53.0,22.5,26.8865966796875,17.07497215270996,31.356191635131836,107.21688079833984,12.836478233337402
54.0,22.5,32.417755126953125,19.01235580444336,35.76361083984375,104.47611236572266,12.836478233337402
55.0,22.5,41.06986999511719,22.04594612121582,42.657928466796875,100.20143127441406,12.836478233337402
44.0,16.875,14.000154495239258,12.123644828796387,21.093387603759766,113.2436752319336,12.836478233337402
45.0,16.875,23.68022918701172,15.899089813232422,28.810672760009766,108.77935791015625,12.836478233337402
46.0,16.875,29.546415328979492,18.018945693969727,33.48740005493164,105.92904663085938,12.836478233337402
47.0,16.875,35.755531311035156,20.173641204833984,38.43751525878906,102.84294891357422,12.836478233337402
38.0,11.25,19.733882904052734,14.393527030944824,25.520858764648438,110.37794494628906,12.836478233337402
39.0,11.25,24.71590805053711,16.212627410888672,29.456432342529297,107.91246795654297,12.836478233337402
40.0,11.25,31.811182022094727,18.769502639770508,35.061378479003906,104.37977600097656,12.836478233337402
33.0,5.625,19.693889617919922,14.312064170837402,25.19607925415039,109.85658264160156,12.836478233337402
34.0,5.625,26.52847671508789,16.83197784423828,30.493345260620117,106.34031677246094,12.836478233337402
35.0,5.625,34.185638427734375,19.547199249267578,36.428165435791016,102.32186889648438,12.836478233337402
29.0,0.0,19.52719497680664,14.179496765136719,24.630420684814453,109.22672271728516,12.836478233337402
30.0,0.0,27.126976013183594,16.959117889404297,30.350894927978516,105.05821228027344,12.836478233337402
26.0,-5.625,14.452203750610352,12.08564281463623,20.382598876953125,111.25588989257812,12.836478233337402
27.0,-5.625,29.080615997314453,17.555051803588867,30.960630416870117,102.75634002685547,12.836478233337402
24.0,-11.25,16.737777709960938,12.841521263122559,21.423324584960938,109.13557434082031,12.836478233337402
23.0,-16.875,12.523911476135254,11.033113479614258,17.98955535888672,111.0665054321289,12.836478233337402
22.0,-22.5,15.92979621887207,12.116863250732422,19.39432144165039,107.99112701416016,12.836478233337402
