angle,vert_angle,dist,x,y,z,height
242.0,22.5,55.67361831665039,159.05181884765625,50.95237731933594,129.517822265625,9.124135971069336
243.0,22.5,54.774871826171875,160.33387756347656,51.15743637084961,129.568603515625,9.124135971069336
244.0,22.5,53.81340789794922,161.64793395996094,51.376808166503906,129.54225158691406,9.124135971069336
245.0,22.5,53.901031494140625,162.25587463378906,51.356815338134766,130.2316131591797,9.124135971069336
246.0,22.5,53.90992736816406,162.9279327392578,51.35478210449219,130.85411071777344,9.124135971069336
247.0,22.5,54.45826721191406,163.26788330078125,51.22967529296875,131.86264038085938,9.124135971069336
248.0,22.5,54.907371520996094,163.69432067871094,51.12720489501953,132.79685974121094,9.124135971069336
