angle,vert_angle,dist,x,y,z,height
0.0,-5.625,2.9851016998291016,37.11701965332031,69.69865417480469,102.3377914428711,69.48461151123047
1.0,-5.625,3.1745734214782715,37.09482192993164,69.7308578491211,102.53059387207031,69.48461151123047
359.0,-5.625,2.8355228900909424,37.129634857177734,69.67322540283203,102.1826400756836,69.48461151123047
