angle,vert_angle,dist,x,y,z,height
84.0,-22.5,46.626461029052734,36.42109298706055,67.69842529296875,94.59925079345703,8.42103385925293
85.0,-22.5,45.272003173828125,37.930641174316406,68.0021743774414,94.32685089111328,8.42103385925293
86.0,-22.5,44.552345275878906,38.962711334228516,68.16356658935547,94.42781829833984,8.42103385925293
87.0,-22.5,44.28790283203125,39.66550827026367,68.22286987304688,94.80635070800781,8.42103385925293
88.0,-22.5,44.19739532470703,40.25050735473633,68.24317169189453,95.28783416748047,8.42103385925293
89.0,-22.5,44.19528579711914,40.782196044921875,68.24364471435547,95.8192367553711,8.42103385925293
90.0,-22.5,44.36860656738281,41.20505905151367,68.20477294921875,96.4649658203125,8.42103385925293
91.0,-22.5,44.821693420410156,41.45659637451172,68.10315704345703,97.30579376220703,8.42103385925293
92.0,-22.5,45.16899108886719,41.79698944091797,68.02527618408203,98.07023620605469,8.42103385925293
93.0,-22.5,45.94756317138672,41.88136672973633,67.85066986083984,99.15141296386719,8.42103385925293
94.0,-22.5,46.69366455078125,42.014930725097656,67.683349609375,100.21513366699219,8.42103385925293
95.0,-22.5,47.92109680175781,41.88396453857422,67.4080810546875,101.65074920654297,8.42103385925293
96.0,-22.5,49.60841369628906,41.52078628540039,67.0296859741211,103.45620727539062,8.42103385925293
