angle,vert_angle,dist,x,y,z,height
266.0,22.5,28.52802276611328,161.56332397460938,51.61301803588867,130.71376037597656,38.280059814453125
