angle,vert_angle,dist,x,y,z,height
250.0,22.5,55.23394012451172,159.96133422851562,51.214012145996094,129.86944580078125,9.109081268310547
251.0,22.5,54.42640686035156,161.17779541015625,51.396636962890625,129.95803833007812,9.109081268310547
252.0,22.5,54.179718017578125,162.0142822265625,51.45241928100586,130.4166717529297,9.109081268310547
253.0,22.5,54.40704345703125,162.54762268066406,51.40100860595703,131.20187377929688,9.109081268310547
254.0,22.5,54.747894287109375,163.0252227783203,51.32392883300781,132.06390380859375,9.109081268310547
255.0,22.5,55.51654052734375,163.25531005859375,51.15010452270508,133.24124145507812,9.109081268310547
