angle,vert_angle,dist,x,y,z,height
55.0,16.875,26.82453155517578,22.39263153076172,45.19096374511719,109.07957458496094,24.417003631591797
33.0,5.625,30.82965660095215,23.761943817138672,48.7437744140625,107.83594512939453,24.417003631591797
26.0,0.0,37.314632415771484,25.874622344970703,54.016029357910156,104.46405792236328,24.417003631591797
27.0,0.0,30.5405330657959,23.433238983154297,48.0966682434082,106.6937026977539,24.417003631591797
22.0,-11.25,17.77806282043457,18.696651458740234,36.04440689086914,109.07264709472656,24.417003631591797
