angle,vert_angle,dist,x,y,z,height
0.0,22.5,9.838874816894531,1.2581175565719604,8.020508766174316,67.05506134033203,9.779674530029297
1.0,22.5,9.872954368591309,1.1034138202667236,8.018369674682617,67.13688659667969,9.779674530029297
2.0,22.5,9.926308631896973,0.937189519405365,8.015020370483398,67.2071762084961,9.779674530029297
3.0,22.5,9.838872909545898,0.8647721409797668,8.020508766174316,67.38607025146484,9.779674530029297
4.0,22.5,9.838876724243164,0.7375733852386475,8.020508766174316,67.50092315673828,9.779674530029297
5.0,22.5,9.83887767791748,0.612399697303772,8.020508766174316,67.61798095703125,9.779674530029297
6.0,22.5,9.912744522094727,0.4375409483909607,8.015871047973633,67.68470001220703,9.779674530029297
7.0,22.5,10.00682258605957,0.24855974316596985,8.009964942932129,67.74124908447266,9.779674530029297
8.0,22.5,10.101000785827637,0.05938578397035599,8.004053115844727,67.80220031738281,9.779674530029297
66.0,22.5,5.5793304443359375,1.992794156074524,8.287917137145996,76.13301849365234,9.779674530029297
72.0,22.5,7.2750372886657715,0.5845036506652832,8.181463241577148,77.2835693359375,9.779674530029297
73.0,22.5,6.905612468719482,0.9729338884353638,8.204654693603516,77.26619720458984,9.779674530029297
348.0,22.5,7.8263020515441895,3.8866705894470215,8.146855354309082,67.74591827392578,9.779674530029297
349.0,22.5,8.76950454711914,3.3294458389282227,8.087642669677734,66.97361755371094,9.779674530029297
350.0,22.5,9.475881576538086,2.8574111461639404,8.043296813964844,66.42644500732422,9.779674530029297
351.0,22.5,9.574663162231445,2.6644906997680664,8.03709602355957,66.42093658447266,9.779674530029297
352.0,22.5,9.753761291503906,2.4292380809783936,8.02585220336914,66.35064697265625,9.779674530029297
353.0,22.5,9.838869094848633,2.2392477989196777,8.020508766174316,66.36599731445312,9.779674530029297
354.0,22.5,9.838872909545898,2.0940380096435547,8.020508766174316,66.45701599121094,9.779674530029297
355.0,22.5,9.838873863220215,1.9504387378692627,8.020508766174316,66.5505599975586,9.779674530029297
356.0,22.5,9.838872909545898,1.8084906339645386,8.020508766174316,66.64659881591797,9.779674530029297
357.0,22.5,9.882129669189453,1.6431279182434082,8.017793655395508,66.7099838256836,9.779674530029297
358.0,22.5,9.838875770568848,1.529740333557129,8.020508766174316,66.84602355957031,9.779674530029297
359.0,22.5,9.838872909545898,1.3930208683013916,8.020508766174316,66.94935607910156,9.779674530029297
