angle,vert_angle,dist,x,y,z,height
48.0,22.5,48.11637496948242,57.82181167602539,11.600308418273926,152.08798217773438,18.39152717590332
49.0,22.5,45.322933197021484,56.02571487426758,12.020425796508789,149.84072875976562,18.39152717590332
50.0,22.5,43.28866958618164,54.788841247558594,12.32636833190918,148.0803680419922,18.39152717590332
51.0,22.5,41.440277099609375,53.65708541870117,12.60435676574707,146.47024536132812,18.39152717590332
52.0,22.5,40.17961502075195,52.97538757324219,12.793952941894531,145.2115478515625,18.39152717590332
53.0,22.5,38.766746520996094,52.13105773925781,13.006440162658691,143.906982421875,18.39152717590332
54.0,22.5,37.460731506347656,51.34373092651367,13.202856063842773,142.6905975341797,18.39152717590332
55.0,22.5,35.5604133605957,50.008445739746094,13.488654136657715,141.22665405273438,18.39152717590332
55.0,16.875,47.38207244873047,60.658775329589844,16.307817459106445,147.09213256835938,18.39152717590332
56.0,16.875,44.455745697021484,58.460201263427734,16.46400260925293,145.0076446533203,18.39152717590332
57.0,16.875,42.77455520629883,57.31349563598633,16.55373191833496,143.5650634765625,18.39152717590332
58.0,16.875,41.300376892089844,56.31521224975586,16.632413864135742,142.25852966308594,18.39152717590332
59.0,16.875,39.685829162597656,55.155967712402344,16.71858787536621,140.9344024658203,18.39152717590332
60.0,16.875,38.40796661376953,54.270225524902344,16.786792755126953,139.79129028320312,18.39152717590332
61.0,16.875,36.73389434814453,52.99079895019531,16.876142501831055,138.5318603515625,18.39152717590332
64.0,11.25,47.3779296875,63.71261978149414,20.929059982299805,140.32583618164062,18.39152717590332
65.0,11.25,44.89154052734375,61.630367279052734,20.819255828857422,138.75074768066406,18.39152717590332
66.0,11.25,43.01223373413086,60.08534240722656,20.73626136779785,137.4374237060547,18.39152717590332
67.0,11.25,41.4050178527832,58.76837158203125,20.665281295776367,136.26051330566406,18.39152717590332
68.0,11.25,39.20564270019531,56.8536491394043,20.568153381347656,134.97398376464844,18.39152717590332
