angle,vert_angle,dist,x,y,z,height
163.0,22.5,42.32904815673828,6.763078689575195,12.489547729492188,116.8607177734375,9.728046417236328
164.0,22.5,38.547340393066406,7.4891037940979,12.136483192443848,113.10009765625,9.728046417236328
165.0,22.5,35.258392333984375,8.093469619750977,11.82942008972168,109.81863403320312,9.728046417236328
157.0,16.875,47.18851852416992,1.7004338502883911,8.498551368713379,121.56523132324219,9.728046417236328
158.0,16.875,44.4929313659668,2.797222137451172,8.500783920288086,118.97625732421875,9.728046417236328
