angle,vert_angle,dist,x,y,z,height
207.0,11.25,49.839996337890625,56.875606536865234,25.910564422607422,124.41433715820312,61.29737091064453
222.0,5.625,44.25882339477539,61.02416229248047,26.37694549560547,113.98395538330078,61.29737091064453
223.0,5.625,46.26727294921875,62.29492950439453,24.93238067626953,114.77976989746094,61.29737091064453
224.0,5.625,47.57599639892578,63.29962158203125,23.9910888671875,115.15522766113281,61.29737091064453
225.0,5.625,48.52869415283203,64.16756439208984,23.305870056152344,115.31092071533203,61.29737091064453
226.0,5.625,49.42063522338867,65.0198974609375,22.66434097290039,115.4117431640625,61.29737091064453
235.0,0.0,45.16584396362305,63.903255462646484,22.822307586669922,107.78428649902344,61.29737091064453
236.0,0.0,46.88851547241211,65.03719329833984,21.472583770751953,108.1146240234375,61.29737091064453
237.0,0.0,48.51866149902344,66.14458465576172,20.19536590576172,108.37409973144531,61.29737091064453
238.0,0.0,49.215084075927734,66.81498718261719,19.64971160888672,108.2374038696289,61.29737091064453
250.0,-5.625,41.621795654296875,62.93940353393555,23.238605499267578,99.60120391845703,61.29737091064453
251.0,-5.625,46.85891342163086,65.65596008300781,18.83829116821289,100.52839660644531,61.29737091064453
252.0,-5.625,48.34870910644531,66.57970428466797,17.58654022216797,100.4813461303711,61.29737091064453
253.0,-5.625,49.83299255371094,67.50579071044922,16.339420318603516,100.4041748046875,61.29737091064453
333.0,-5.625,49.85749053955078,58.365806579589844,16.318836212158203,66.88040924072266,61.29737091064453
334.0,-5.625,49.02600860595703,57.72532653808594,17.01746368408203,66.98992919921875,61.29737091064453
335.0,-5.625,47.727256774902344,56.9564323425293,18.10869598388672,67.32807159423828,61.29737091064453
336.0,-5.625,45.88713073730469,56.049537658691406,19.654800415039062,67.93580627441406,61.29737091064453
337.0,-5.625,43.426727294921875,54.99640655517578,21.722064971923828,68.857421875,61.29737091064453
