angle,vert_angle,dist,x,y,z,height
71.0,22.5,30.93480682373047,22.459163665771484,45.43834686279297,105.48892211914062,22.07802391052246
73.0,22.5,15.370781898498535,17.085559844970703,32.19995880126953,111.6750717163086,22.07802391052246
59.0,16.875,36.75056838989258,24.586904525756836,50.88263702392578,104.37510681152344,22.07802391052246
61.0,16.875,16.30978012084961,17.49229621887207,33.219451904296875,111.83763885498047,22.07802391052246
48.0,11.25,33.687374114990234,23.621719360351562,48.411407470703125,105.99657440185547,22.07802391052246
39.0,5.625,26.460063934326172,21.136539459228516,42.04498291015625,108.36461639404297,22.07802391052246
32.0,0.0,36.150306701660156,24.317358016967773,50.022789001464844,103.78064727783203,22.07802391052246
24.0,-11.25,26.451045989990234,20.685834884643555,40.47667694091797,105.00940704345703,22.07802391052246
