angle,vert_angle,dist,x,y,z,height
4.0,-22.5,46.574363708496094,81.3246841430664,25.616165161132812,225.9850616455078,9.012638092041016
5.0,-22.5,43.77602767944336,78.78336334228516,25.79503631591797,227.38467407226562,9.012638092041016
6.0,-22.5,42.79442596435547,77.55929565429688,25.85778045654297,227.55662536621094,9.012638092041016
7.0,-22.5,42.42877960205078,76.7694320678711,25.881153106689453,227.3115234375,9.012638092041016
8.0,-22.5,42.24620819091797,76.10216522216797,25.892822265625,226.94859313964844,9.012638092041016
9.0,-22.5,42.296791076660156,75.58345794677734,25.889589309692383,226.42364501953125,9.012638092041016
10.0,-22.5,42.516258239746094,75.16314697265625,25.875560760498047,225.7779998779297,9.012638092041016
11.0,-22.5,42.962806701660156,74.87106323242188,25.847015380859375,224.9610595703125,9.012638092041016
12.0,-22.5,43.307334899902344,74.49608612060547,25.824995040893555,224.2248077392578,9.012638092041016
13.0,-22.5,43.86396408081055,74.230712890625,25.789413452148438,223.32235717773438,9.012638092041016
14.0,-22.5,44.76686096191406,74.14454650878906,25.731700897216797,222.13906860351562,9.012638092041016
15.0,-22.5,45.735877990722656,74.06269836425781,25.66975975036621,220.8942413330078,9.012638092041016
16.0,-22.5,46.66838073730469,73.92488098144531,25.61015510559082,219.67173767089844,9.012638092041016
17.0,-22.5,47.903568267822266,73.9163589477539,25.531200408935547,218.18931579589844,9.012638092041016
18.0,-22.5,49.19310760498047,73.89248657226562,25.448772430419922,216.64968872070312,9.012638092041016
19.0,-22.5,50.80278015136719,73.98674011230469,25.345882415771484,214.82493591308594,9.012638092041016
20.0,-22.5,52.7431755065918,74.18958282470703,25.221853256225586,212.6985626220703,9.012638092041016
21.0,-22.5,55.316524505615234,74.63130950927734,25.057363510131836,209.99948120117188,9.012638092041016
