angle,vert_angle,dist,x,y,z,height
341.0,16.875,5.071713447570801,16.569934844970703,13.464635848999023,68.44491577148438,13.516626358032227
152.0,11.25,2.932297945022583,21.880308151245117,13.618629455566406,62.540069580078125,13.516626358032227
15.0,0.0,34.97841262817383,16.40841293334961,24.549022674560547,97.4038314819336,13.516626358032227
18.0,-5.625,34.81355285644531,17.75493049621582,27.45883560180664,96.1820297241211,13.516626358032227
10.0,-11.25,6.43848180770874,18.503772735595703,16.35207176208496,69.9612045288086,13.516626358032227
11.0,-11.25,7.447756767272949,18.422117233276367,16.847646713256836,70.84294128417969,13.516626358032227
16.0,-16.875,3.0528743267059326,19.379735946655273,14.923049926757812,66.977294921875,13.516626358032227
18.0,-16.875,8.379000663757324,19.006088256835938,17.9454345703125,71.34928894042969,13.516626358032227
26.0,-22.5,3.7194323539733887,19.73956298828125,15.565302848815918,67.3509292602539,13.516626358032227
30.0,-22.5,38.51543045043945,21.88823890686035,37.78057861328125,94.0537338256836,13.516626358032227
116.0,-22.5,10.262155532836914,27.62932586669922,19.742462158203125,64.46431732177734,13.516626358032227
117.0,-22.5,5.800404071807861,24.194355010986328,16.893884658813477,64.39679718017578,13.516626358032227
