angle,vert_angle,dist,x,y,z,height
0.0,-22.5,22.852081298828125,162.5020751953125,50.09103012084961,136.36883544921875,38.19899368286133
1.0,-22.5,22.73737907409668,162.12208557128906,50.1025505065918,136.52793884277344,38.19899368286133
2.0,-22.5,22.73505401611328,161.73109436035156,50.102779388427734,136.58270263671875,38.19899368286133
3.0,-22.5,22.899887084960938,161.3147430419922,50.08623123168945,136.48007202148438,38.19899368286133
4.0,-22.5,23.18402671813965,160.8729248046875,50.05770492553711,136.2683563232422,38.19899368286133
5.0,-22.5,23.468191146850586,160.4226531982422,50.0291748046875,136.0652618408203,38.19899368286133
6.0,-22.5,23.609710693359375,159.993896484375,50.01496887207031,136.0098114013672,38.19899368286133
7.0,-22.5,23.735668182373047,159.56536865234375,50.002323150634766,135.9774627685547,38.19899368286133
8.0,-22.5,24.005836486816406,159.0991668701172,49.975196838378906,135.81398010253906,38.19899368286133
9.0,-22.5,24.453649520874023,158.57949829101562,49.930240631103516,135.48922729492188,38.19899368286133
10.0,-22.5,24.897075653076172,158.04794311523438,49.88572311401367,135.1798858642578,38.19899368286133
11.0,-22.5,25.216773986816406,157.53997802734375,49.8536262512207,134.9997100830078,38.19899368286133
12.0,-22.5,26.40442657470703,156.7548370361328,49.73439025878906,134.0094451904297,38.19899368286133
349.0,-22.5,25.879100799560547,167.11553955078125,49.787132263183594,133.31947326660156,38.19899368286133
350.0,-22.5,25.332496643066406,166.63079833984375,49.84200668334961,133.82789611816406,38.19899368286133
351.0,-22.5,24.355567932128906,166.1431121826172,49.940086364746094,134.7728729248047,38.19899368286133
352.0,-22.5,23.988365173339844,165.7086639404297,49.976951599121094,135.12059020996094,38.19899368286133
353.0,-22.5,23.624406814575195,165.2867889404297,50.013492584228516,135.47276306152344,38.19899368286133
354.0,-22.5,23.479583740234375,164.8769073486328,50.02803421020508,135.6142578125,38.19899368286133
355.0,-22.5,23.38365364074707,164.4711151123047,50.037662506103516,135.71421813964844,38.19899368286133
356.0,-22.5,23.207904815673828,164.0717315673828,50.0553092956543,135.9005584716797,38.19899368286133
357.0,-22.5,23.2066650390625,163.66921997070312,50.05543518066406,135.9203338623047,38.19899368286133
358.0,-22.5,23.07908058166504,163.27621459960938,50.068241119384766,136.072509765625,38.19899368286133
359.0,-22.5,22.93532943725586,162.8895721435547,50.08267593383789,136.2473602294922,38.19899368286133
