angle,vert_angle,dist,x,y,z,height
1.0,16.875,26.04230499267578,14.522247314453125,22.235210418701172,101.9991455078125,18.51221466064453
3.0,11.25,29.947145462036133,15.116297721862793,25.637432098388672,105.39230346679688,18.51221466064453
6.0,5.625,24.476327896118164,16.680179595947266,26.649219512939453,99.47586059570312,18.51221466064453
9.0,0.0,23.196022033691406,17.725194931030273,28.32567596435547,97.42752075195312,18.51221466064453
12.0,-5.625,24.234024047851562,18.670690536499023,30.849369049072266,97.24317169189453,18.51221466064453
15.0,-11.25,27.574716567993164,19.72747230529785,34.77583312988281,98.58297729492188,18.51221466064453
16.0,-11.25,23.445648193359375,19.685863494873047,32.362064361572266,95.21387481689453,18.51221466064453
19.0,-16.875,29.237730026245117,20.932945251464844,37.964447021484375,97.99234008789062,18.51221466064453
20.0,-16.875,25.561866760253906,20.79945945739746,35.53695297241211,95.21208953857422,18.51221466064453
21.0,-16.875,23.096036911010742,20.753870010375977,33.908546447753906,93.33380889892578,18.51221466064453
24.0,-22.5,31.51016616821289,22.361902236938477,41.65345764160156,97.2737045288086,18.51221466064453
25.0,-22.5,27.82596778869629,22.085826873779297,38.964595794677734,94.74547576904297,18.51221466064453
26.0,-22.5,25.519115447998047,21.97856330871582,37.280975341796875,93.14030456542969,18.51221466064453
