angle,vert_angle,dist,x,y,z,height
103.0,-16.875,49.47725296020508,173.7862091064453,8.572334289550781,245.63002014160156,7.92289400100708
98.0,-22.5,49.09786605834961,178.1029510498047,8.341957092285156,245.00369262695312,7.92289400100708
99.0,-22.5,48.513267517089844,177.3815155029297,8.348868370056152,245.74307250976562,7.92289400100708
100.0,-22.5,47.6616096496582,176.74195861816406,8.358941078186035,246.75323486328125,7.92289400100708
101.0,-22.5,47.2473030090332,176.0307159423828,8.363838195800781,247.34619140625,7.92289400100708
102.0,-22.5,47.42355728149414,175.18666076660156,8.361754417419434,247.3786163330078,7.92289400100708
103.0,-22.5,47.043365478515625,174.4912872314453,8.366250038146973,247.9621124267578,7.92289400100708
104.0,-22.5,46.89036560058594,173.74713134765625,8.368058204650879,248.3382568359375,7.92289400100708
105.0,-22.5,47.431983947753906,172.80055236816406,8.361654281616211,248.06500244140625,7.92289400100708
106.0,-22.5,47.28356170654297,172.0620574951172,8.363409042358398,248.4646759033203,7.92289400100708
107.0,-22.5,47.662193298339844,171.15509033203125,8.358932495117188,248.38027954101562,7.92289400100708
108.0,-22.5,47.89657211303711,170.29165649414062,8.356162071228027,248.44891357421875,7.92289400100708
109.0,-22.5,48.49998474121094,169.28904724121094,8.349026679992676,248.1913299560547,7.92289400100708
110.0,-22.5,49.05168914794922,168.2923583984375,8.34250259399414,248.00294494628906,7.92289400100708
