angle,vert_angle,dist,x,y,z,height
71.0,22.5,20.35243034362793,16.293691635131836,29.9516658782959,108.98931884765625,16.780075073242188
62.0,16.875,20.764625549316406,16.524477005004883,30.550701141357422,109.29585266113281,16.780075073242188
54.0,11.25,30.018146514892578,19.777631759643555,38.16474151611328,105.15715789794922,16.780075073242188
46.0,5.625,17.352027893066406,15.337695121765137,27.85277557373047,111.02171325683594,16.780075073242188
40.0,0.0,20.48979949951172,16.38507652282715,30.179590225219727,109.14457702636719,16.780075073242188
35.0,-5.625,18.31315803527832,15.546875,28.11429214477539,109.64151763916016,16.780075073242188
31.0,-11.25,24.82958984375,17.753305435180664,32.56702423095703,105.31105041503906,16.780075073242188
