angle,vert_angle,dist,x,y,z,height
208.0,-22.5,26.845684051513672,61.17715835571289,16.352304458618164,222.02952575683594,13.608613967895508
