angle,vert_angle,dist,x,y,z,height
21.0,-5.625,24.19100570678711,21.85724449157715,43.35957336425781,103.48377227783203,27.436540603637695
