angle,vert_angle,dist,x,y,z,height
154.0,22.5,46.73751449584961,3.81630539894104,10.30076789855957,121.29229736328125,9.738443374633789
155.0,22.5,42.88481903076172,4.857068061828613,10.158586502075195,117.50421142578125,9.738443374633789
156.0,22.5,39.4797248840332,5.745828628540039,10.032923698425293,114.1420669555664,9.738443374633789
157.0,22.5,36.0745849609375,6.516408920288086,9.907258033752441,110.76292419433594,9.738443374633789
4.0,16.875,10.120546340942383,3.0178349018096924,8.026018142700195,65.61227416992188,9.738443374633789
5.0,16.875,8.137986183166504,3.7468369007110596,8.133745193481445,67.4595718383789,9.738443374633789
6.0,16.875,10.15673828125,2.6857635974884033,8.024051666259766,65.73836517333984,9.738443374633789
7.0,16.875,10.09916877746582,2.5572118759155273,8.027179718017578,65.87227630615234,9.738443374633789
8.0,16.875,10.221949577331543,2.3428587913513184,8.020508766174316,65.85138702392578,9.738443374633789
9.0,16.875,10.221940040588379,2.188791036605835,8.020508766174316,65.9408187866211,9.738443374633789
10.0,16.875,10.221943855285645,2.036302328109741,8.020508766174316,66.03291320800781,9.738443374633789
11.0,16.875,10.221946716308594,1.8854453563690186,8.020508766174316,66.12765502929688,9.738443374633789
12.0,16.875,10.240120887756348,1.7262154817581177,8.019521713256836,66.20990753173828,9.738443374633789
13.0,16.875,10.366235733032227,1.506930947303772,8.01266860961914,66.2064208984375,9.738443374633789
14.0,16.875,10.49393081665039,1.2849043607711792,8.005729675292969,66.20674133300781,9.738443374633789
15.0,16.875,10.503965377807617,1.1312177181243896,8.0051851272583,66.30653381347656,9.738443374633789
16.0,16.875,10.387374877929688,1.05635666847229,8.011519432067871,66.50923156738281,9.738443374633789
17.0,16.875,10.360725402832031,0.9305773377418518,8.012968063354492,66.64179229736328,9.738443374633789
18.0,16.875,10.487845420837402,0.7095521092414856,8.006060600280762,66.6579818725586,9.738443374633789
19.0,16.875,10.558944702148438,0.5235772728919983,8.002197265625,66.72190856933594,9.738443374633789
20.0,16.875,10.512513160705566,0.4157775938510895,8.004719734191895,66.87760162353516,9.738443374633789
21.0,16.875,10.390111923217773,0.362684965133667,8.011370658874512,67.09042358398438,9.738443374633789
22.0,16.875,10.450121879577637,0.1891929656267166,8.008110046386719,67.17084503173828,9.738443374633789
89.0,16.875,7.2088727951049805,0.6526116132736206,8.184229850769043,77.25973510742188,9.738443374633789
