angle,vert_angle,dist,x,y,z,height
248.0,22.5,3.4580185413360596,68.3211898803711,15.576515197753906,198.95448303222656,13.989709854125977
239.0,16.875,3.5371994972229004,68.0615463256836,15.454717636108398,199.181396484375,13.989709854125977
240.0,16.875,3.1960949897766113,68.0744400024414,15.269013404846191,198.891357421875,13.989709854125977
241.0,16.875,4.64479398727417,68.30514526367188,16.057723999023438,200.0857696533203,13.989709854125977
243.0,16.875,7.001617908477783,68.80718994140625,17.340845108032227,202.00515747070312,13.989709854125977
232.0,11.25,3.2050280570983887,67.8297119140625,15.104229927062988,199.02359008789062,13.989709854125977
233.0,11.25,2.9002978801727295,67.86272430419922,14.954451560974121,198.7562255859375,13.989709854125977
226.0,5.625,2.8416829109191895,67.65048217773438,14.761772155761719,198.7943572998047,13.989709854125977
227.0,0.0,18.706621170043945,68.13198852539062,20.48762321472168,213.5939483642578,13.989709854125977
220.0,-5.625,14.543198585510254,66.70344543457031,17.987382888793945,210.0408172607422,13.989709854125977
215.0,-11.25,14.609366416931152,65.71821594238281,17.008703231811523,210.28265380859375,13.989709854125977
7.0,-16.875,8.398544311523438,72.49785614013672,14.935837745666504,189.47682189941406,13.989709854125977
11.0,-16.875,4.178316593170166,69.85363006591797,14.22889232635498,192.71484375,13.989709854125977
205.0,-16.875,2.863737106323242,66.87462615966797,14.008678436279297,198.93043518066406,13.989709854125977
210.0,-16.875,10.40162181854248,65.53036499023438,15.271380424499512,206.2542724609375,13.989709854125977
15.0,-22.5,4.399499416351318,69.68817901611328,13.947924613952637,192.32553100585938,13.989709854125977
203.0,-22.5,4.408892631530762,66.29995727539062,13.948816299438477,200.3896484375,13.989709854125977
207.0,-22.5,19.92871856689453,62.64822006225586,15.426752090454102,215.415283203125,13.989709854125977
