angle,vert_angle,dist,x,y,z,height
334.0,-22.5,26.11979103088379,166.4922637939453,50.124969482421875,133.02377319335938,38.23512649536133
335.0,-22.5,25.303089141845703,166.00418090820312,50.202178955078125,133.81265258789062,38.23512649536133
336.0,-22.5,24.662757873535156,165.54856872558594,50.26271438598633,134.4348907470703,38.23512649536133
337.0,-22.5,24.323549270629883,165.117431640625,50.29478073120117,134.76541137695312,38.23512649536133
338.0,-22.5,23.966808319091797,164.6981658935547,50.32850646972656,135.120849609375,38.23512649536133
339.0,-22.5,23.925371170043945,164.28292846679688,50.33242416381836,135.16966247558594,38.23512649536133
340.0,-22.5,23.891462326049805,163.86898803710938,50.335628509521484,135.21820068359375,38.23512649536133
341.0,-22.5,23.731857299804688,163.4642791748047,50.3507194519043,135.39881896972656,38.23512649536133
342.0,-22.5,23.659809112548828,163.0586395263672,50.3575325012207,135.4993896484375,38.23512649536133
343.0,-22.5,23.620891571044922,162.65289306640625,50.361209869384766,135.57408142089844,38.23512649536133
344.0,-22.5,23.563720703125,162.25125122070312,50.366615295410156,135.673828125,38.23512649536133
345.0,-22.5,23.35752296447754,161.8718719482422,50.3861083984375,135.92752075195312,38.23512649536133
346.0,-22.5,23.48793601989746,161.4507293701172,50.373779296875,135.8559112548828,38.23512649536133
347.0,-22.5,23.706254959106445,161.0116729736328,50.3531379699707,135.70571899414062,38.23512649536133
348.0,-22.5,23.895885467529297,160.57154846191406,50.33521270751953,135.59194946289062,38.23512649536133
349.0,-22.5,24.123104095458984,160.11878967285156,50.3137321472168,135.44984436035156,38.23512649536133
350.0,-22.5,24.302623748779297,159.67007446289062,50.29676055908203,135.3628387451172,38.23512649536133
351.0,-22.5,24.610410690307617,159.1869354248047,50.267662048339844,135.16024780273438,38.23512649536133
352.0,-22.5,24.950258255004883,158.6871795654297,50.23553466796875,134.93650817871094,38.23512649536133
353.0,-22.5,25.094850540161133,158.22994995117188,50.221866607666016,134.91033935546875,38.23512649536133
354.0,-22.5,26.074155807495117,157.5333251953125,50.1292839050293,134.0962677001953,38.23512649536133
355.0,-22.5,27.020112991333008,156.81634521484375,50.03985595703125,133.33111572265625,38.23512649536133
