angle,vert_angle,dist,x,y,z,height
49.0,-22.5,99.92877197265625,177.0275115966797,41.121177673339844,128.64744567871094,16.94304084777832
50.0,-22.5,99.0473861694336,177.5438232421875,41.1650390625,130.52249145507812,16.94304084777832
51.0,-22.5,98.43628692626953,177.8297576904297,41.19545364379883,132.32618713378906,16.94304084777832
52.0,-22.5,98.13703918457031,177.8412628173828,41.21034240722656,134.0653076171875,16.94304084777832
53.0,-22.5,98.01103210449219,177.71255493164062,41.21661376953125,135.774658203125,16.94304084777832
54.0,-22.5,97.99878692626953,177.501220703125,41.21722412109375,137.46995544433594,16.94304084777832
55.0,-22.5,98.31595611572266,176.99232482910156,41.201438903808594,139.13397216796875,16.94304084777832
56.0,-22.5,98.59351348876953,176.5514373779297,41.187625885009766,140.8155975341797,16.94304084777832
57.0,-22.5,99.15022277832031,175.86146545410156,41.15991973876953,142.4899444580078,16.94304084777832
342.0,-22.5,53.66728210449219,264.43292236328125,43.423240661621094,96.80652618408203,16.94304084777832
343.0,-22.5,51.13426971435547,264.04144287109375,43.549285888671875,99.46751403808594,16.94304084777832
344.0,-22.5,49.92928695678711,263.44158935546875,43.609249114990234,100.8329086303711,16.94304084777832
345.0,-22.5,49.26171875,262.75634765625,43.64247131347656,101.68283081054688,16.94304084777832
346.0,-22.5,48.70829391479492,262.06781005859375,43.67000961303711,102.43155670166016,16.94304084777832
347.0,-22.5,48.44292449951172,261.32257080078125,43.68321228027344,102.91301727294922,16.94304084777832
348.0,-22.5,48.260555267333984,260.5660705566406,43.69228744506836,103.32681274414062,16.94304084777832
349.0,-22.5,48.31093978881836,259.7481384277344,43.689781188964844,103.53170013427734,16.94304084777832
350.0,-22.5,48.59033203125,258.8586730957031,43.675880432128906,103.53482055664062,16.94304084777832
351.0,-22.5,49.087371826171875,257.8905029296875,43.651145935058594,103.3508071899414,16.94304084777832
352.0,-22.5,49.77375411987305,256.8434753417969,43.61698913574219,103.01016235351562,16.94304084777832
353.0,-22.5,50.9461669921875,255.5977783203125,43.558650970458984,102.24210357666016,16.94304084777832
354.0,-22.5,53.59282684326172,253.74505615234375,43.426944732666016,100.14818572998047,16.94304084777832
