angle,vert_angle,dist,x,y,z,height
12.0,-16.875,74.97936248779297,164.1000518798828,51.04637908935547,133.27734375,15.635129928588867
13.0,-16.875,76.11029052734375,162.39682006835938,51.22193145751953,133.068603515625,15.635129928588867
4.0,-22.5,73.44886779785156,173.71343994140625,44.12024688720703,128.8254852294922,15.635129928588867
5.0,-22.5,68.16010284423828,174.8641815185547,43.78090286254883,134.1217498779297,15.635129928588867
6.0,-22.5,66.19889068603516,174.68673706054688,43.655067443847656,136.39501953125,15.635129928588867
7.0,-22.5,64.87348937988281,174.2823028564453,43.57002639770508,138.09463500976562,15.635129928588867
8.0,-22.5,63.72164535522461,173.8441925048828,43.496116638183594,139.63844299316406,15.635129928588867
9.0,-22.5,63.08539581298828,173.1939697265625,43.45529556274414,140.73382568359375,15.635129928588867
10.0,-22.5,62.643150329589844,172.47308349609375,43.426918029785156,141.6686553955078,15.635129928588867
11.0,-22.5,62.17034149169922,171.79132080078125,43.396583557128906,142.63780212402344,15.635129928588867
12.0,-22.5,62.12332534790039,170.90264892578125,43.3935661315918,143.257568359375,15.635129928588867
13.0,-22.5,62.15042495727539,169.984375,43.395301818847656,143.83090209960938,15.635129928588867
14.0,-22.5,62.28824234008789,169.01258850097656,43.40414810180664,144.32984924316406,15.635129928588867
15.0,-22.5,62.449546813964844,168.0339813232422,43.41449737548828,144.8280792236328,15.635129928588867
16.0,-22.5,62.99884033203125,166.82940673828125,43.44974136352539,145.035400390625,15.635129928588867
17.0,-22.5,63.8882942199707,165.4124755859375,43.50680923461914,145.00169372558594,15.635129928588867
18.0,-22.5,64.43180847167969,164.19985961914062,43.54168701171875,145.27098083496094,15.635129928588867
19.0,-22.5,65.62236022949219,162.57054138183594,43.618072509765625,145.07211303710938,15.635129928588867
20.0,-22.5,66.78887939453125,160.93792724609375,43.69292449951172,144.9332733154297,15.635129928588867
21.0,-22.5,68.82139587402344,158.71063232421875,43.823333740234375,144.19325256347656,15.635129928588867
22.0,-22.5,72.00408935546875,155.6631317138672,44.02754592895508,142.67539978027344,15.635129928588867
