angle,vert_angle,dist,x,y,z,height
150.0,-11.25,48.33060836791992,64.0718994140625,23.47346305847168,116.09396362304688,54.324432373046875
150.0,-16.875,45.75629425048828,63.89328384399414,23.287874221801758,112.30448150634766,54.324432373046875
151.0,-16.875,49.10875701904297,66.26232147216797,21.524394989013672,114.03996276855469,54.324432373046875
150.0,-22.5,47.612571716308594,66.15714263916016,21.0357608795166,111.33895111083984,54.324432373046875
151.0,-22.5,49.92529296875,67.9952621459961,19.757247924804688,112.2544937133789,54.324432373046875
