angle,vert_angle,dist,x,y,z,height
355.0,22.5,34.69630432128906,10.789426803588867,16.77080726623535,108.80754852294922,17.144386291503906
0.0,11.25,26.547170639038086,14.639862060546875,21.788286209106445,100.56777954101562,17.144386291503906
5.0,0.0,26.91858673095703,16.753082275390625,26.86361312866211,99.48198699951172,17.144386291503906
8.0,-5.625,25.918514251708984,17.869779586791992,28.73863410949707,97.45948791503906,17.144386291503906
11.0,-11.25,28.87246322631836,18.958959579467773,32.557281494140625,98.52851867675781,17.144386291503906
15.0,-16.875,28.87131118774414,20.169952392578125,34.793678283691406,96.70862579345703,17.144386291503906
19.0,-22.5,34.898284912109375,21.826923370361328,41.154693603515625,98.79668426513672,17.144386291503906
20.0,-22.5,28.791545867919922,21.40366554260254,36.79510498046875,94.52384185791016,17.144386291503906
