angle,vert_angle,dist,x,y,z,height
95.0,-22.5,46.75008773803711,36.72140884399414,68.06322479248047,94.91960144042969,8.821667671203613
96.0,-22.5,45.828834533691406,37.89628601074219,68.26740264892578,94.70220947265625,8.821667671203613
97.0,-22.5,45.24816131591797,38.855918884277344,68.3960952758789,94.72089385986328,8.821667671203613
98.0,-22.5,45.07526779174805,39.57535171508789,68.43441772460938,95.03962707519531,8.821667671203613
99.0,-22.5,45.153594970703125,40.15814971923828,68.41706085205078,95.54530334472656,8.821667671203613
100.0,-22.5,45.29335021972656,40.71748352050781,68.3860855102539,96.09127044677734,8.821667671203613
101.0,-22.5,45.684837341308594,41.15540313720703,68.29931640625,96.83511352539062,8.821667671203613
102.0,-22.5,46.22170639038086,41.53723907470703,68.18032836914062,97.6952896118164,8.821667671203613
103.0,-22.5,47.07066345214844,41.78615951538086,67.99217224121094,98.81491088867188,8.821667671203613
104.0,-22.5,48.129981994628906,41.96521759033203,67.75739288330078,100.1153564453125,8.821667671203613
