angle,vert_angle,dist,x,y,z,height
21.0,22.5,18.162858963012695,280.4054870605469,15.544804573059082,143.0253143310547,14.968070983886719
22.0,22.5,12.393257141113281,283.14874267578125,15.210870742797852,137.953857421875,14.968070983886719
13.0,16.875,21.37869644165039,276.3700866699219,17.144641876220703,144.2175750732422,14.968070983886719
17.0,16.875,10.567632675170898,283.08453369140625,15.8040132522583,135.7865753173828,14.968070983886719
12.0,11.25,9.554488182067871,282.8738708496094,16.29878044128418,134.32577514648438,14.968070983886719
2.0,5.625,14.99325942993164,277.77239990234375,18.27264404296875,136.6111602783203,14.968070983886719
359.0,-5.625,7.530569076538086,282.8331604003906,17.282981872558594,130.9617156982422,14.968070983886719
258.0,-11.25,24.76913833618164,279.3363037109375,25.00851821899414,106.2642822265625,14.968070983886719
259.0,-11.25,14.989492416381836,282.7107238769531,20.856882095336914,114.45643615722656,14.968070983886719
263.0,-16.875,29.968446731567383,276.6214904785156,28.71469497680664,103.17555236816406,14.968070983886719
264.0,-16.875,26.20746421813965,277.744873046875,26.929973602294922,106.31929779052734,14.968070983886719
265.0,-16.875,8.588136672973633,284.81146240234375,18.568958282470703,120.12692260742188,14.968070983886719
266.0,-16.875,19.776264190673828,279.83319091796875,23.878131866455078,111.62728881835938,14.968070983886719
267.0,-16.875,15.267005920410156,281.5902404785156,21.73832893371582,115.19641876220703,14.968070983886719
269.0,-22.5,31.873695373535156,274.8741455078125,31.067415237426758,103.15318298339844,14.968070983886719
270.0,-22.5,28.928821563720703,275.75439453125,29.53612518310547,105.55266571044922,14.968070983886719
271.0,-22.5,26.516454696655273,276.4737854003906,28.281734466552734,107.5272445678711,14.968070983886719
272.0,-22.5,23.751571655273438,277.4212646484375,26.844036102294922,109.72266387939453,14.968070983886719
273.0,-22.5,21.86827850341797,278.0217590332031,25.86474609375,111.25323486328125,14.968070983886719
274.0,-22.5,19.92985725402832,278.6990051269531,24.856800079345703,112.79586791992188,14.968070983886719
275.0,-22.5,18.140451431274414,279.3520812988281,23.926342010498047,114.20655822753906,14.968070983886719
276.0,-22.5,9.211731910705566,283.70916748046875,19.283536911010742,120.4690933227539,14.968070983886719
277.0,-22.5,14.488753318786621,280.8336486816406,22.027509689331055,116.99365997314453,14.968070983886719
