angle,vert_angle,dist,x,y,z,height
66.0,22.5,58.56476593017578,80.69774627685547,25.950477600097656,225.13681030273438,8.02113151550293
67.0,22.5,56.948368072509766,79.03654479980469,26.008562088012695,226.06651306152344,8.02113151550293
68.0,22.5,56.02796173095703,77.73592376708984,26.041637420654297,226.4202423095703,8.02113151550293
69.0,22.5,55.76641845703125,76.74791717529297,26.051036834716797,226.2136688232422,8.02113151550293
70.0,22.5,56.00901412963867,75.97600555419922,26.04231834411621,225.5709228515625,8.02113151550293
71.0,22.5,56.65407943725586,75.35476684570312,26.01913833618164,224.5734405517578,8.02113151550293
72.0,22.5,57.610130310058594,74.82894134521484,25.98478126525879,223.29701232910156,8.02113151550293
73.0,22.5,59.58242416381836,74.65118408203125,25.91390609741211,221.08396911621094,8.02113151550293
74.0,22.5,61.72429656982422,74.46451568603516,25.836936950683594,218.70370483398438,8.02113151550293
75.0,22.5,64.97059631347656,74.5846176147461,25.720279693603516,215.2787322998047,8.02113151550293
67.0,16.875,62.144996643066406,81.67591857910156,26.39662742614746,221.56936645507812,8.02113151550293
68.0,16.875,59.71354293823242,79.59650421142578,26.461511611938477,223.2165985107422,8.02113151550293
69.0,16.875,59.184783935546875,78.43238830566406,26.475622177124023,223.21681213378906,8.02113151550293
70.0,16.875,59.19395065307617,77.50818634033203,26.475378036499023,222.75601196289062,8.02113151550293
71.0,16.875,59.68024444580078,76.77367401123047,26.462400436401367,221.87730407714844,8.02113151550293
72.0,16.875,60.92946243286133,76.3201904296875,26.42906379699707,220.30865478515625,8.02113151550293
73.0,16.875,62.7349853515625,76.03208923339844,26.380882263183594,218.22584533691406,8.02113151550293
74.0,16.875,65.41768646240234,75.9997329711914,26.30929183959961,215.32069396972656,8.02113151550293
75.0,16.875,71.93690490722656,77.215576171875,26.135318756103516,208.80731201171875,8.02113151550293
69.0,11.25,64.7245864868164,81.03290557861328,26.94308853149414,218.3104705810547,8.02113151550293
70.0,11.25,63.425514221191406,79.45719909667969,26.965404510498047,218.98452758789062,8.02113151550293
71.0,11.25,64.03312683105469,78.70806121826172,26.954967498779297,217.96243286132812,8.02113151550293
72.0,11.25,65.01224517822266,78.08033752441406,26.938146591186523,216.60890197753906,8.02113151550293
73.0,11.25,67.72674560546875,78.08060455322266,26.891511917114258,213.65811157226562,8.02113151550293
