angle,vert_angle,dist,x,y,z,height
359.0,16.875,27.517560958862305,13.382231712341309,21.01258087158203,105.04364776611328,18.230262756347656
4.0,5.625,23.63081169128418,15.866766929626465,25.034757614135742,100.40425872802734,18.230262756347656
7.0,0.0,21.745908737182617,16.9493350982666,26.427885055541992,97.8880615234375,18.230262756347656
10.0,-5.625,22.094722747802734,17.839262008666992,28.492746353149414,97.23294067382812,18.230262756347656
13.0,-11.25,25.027549743652344,18.793041229248047,31.9884090423584,98.44261169433594,18.230262756347656
14.0,-11.25,20.833255767822266,18.796144485473633,29.593185424804688,94.98399353027344,18.230262756347656
17.0,-16.875,25.709579467773438,19.85314178466797,34.35520935058594,97.35108184814453,18.230262756347656
18.0,-16.875,21.985353469848633,19.7342529296875,31.941997528076172,94.4994125366211,18.230262756347656
21.0,-22.5,34.294090270996094,21.761877059936523,42.34132385253906,101.34728240966797,18.230262756347656
22.0,-22.5,26.354406356811523,20.981258392333984,36.635501861572266,95.86951446533203,18.230262756347656
23.0,-22.5,23.585025787353516,20.845918655395508,34.645294189453125,93.92483520507812,18.230262756347656
