angle,vert_angle,dist,x,y,z,height
284.0,-16.875,37.22151565551758,162.07977294921875,51.4683952331543,131.6474609375,34.6219482421875
285.0,-16.875,37.67321014404297,161.3818359375,51.43914794921875,131.27145385742188,34.6219482421875
286.0,-16.875,37.09627914428711,160.8095703125,51.47650146484375,131.9255828857422,34.6219482421875
287.0,-16.875,38.243553161621094,159.99444580078125,51.4022216796875,130.88796997070312,34.6219482421875
280.0,-22.5,36.19917678833008,164.4486846923828,51.043067932128906,132.53785705566406,34.6219482421875
281.0,-22.5,35.69367980957031,163.84799194335938,51.082664489746094,133.07106018066406,34.6219482421875
282.0,-22.5,35.2986946105957,163.25735473632812,51.11360168457031,133.5042266845703,34.6219482421875
283.0,-22.5,35.50588607788086,162.62640380859375,51.097373962402344,133.3492431640625,34.6219482421875
284.0,-22.5,35.14198684692383,162.05113220214844,51.12587356567383,133.77162170410156,34.6219482421875
285.0,-22.5,35.2751579284668,161.4271697998047,51.11544418334961,133.71163940429688,34.6219482421875
286.0,-22.5,35.37237548828125,160.80511474609375,51.10783004760742,133.69833374023438,34.6219482421875
287.0,-22.5,35.69231414794922,160.14561462402344,51.08277130126953,133.47698974609375,34.6219482421875
288.0,-22.5,36.19760513305664,159.44400024414062,51.04319381713867,133.08628845214844,34.6219482421875
289.0,-22.5,37.222816467285156,158.6260528564453,50.96289825439453,132.20114135742188,34.6219482421875
