angle,vert_angle,dist,x,y,z,height
161.0,22.5,48.398250579833984,5.561744213104248,12.685879707336426,122.9063720703125,9.742383003234863
162.0,22.5,42.69452667236328,6.519493103027344,12.196255683898926,117.24949645996094,9.742383003234863
163.0,22.5,38.613677978515625,7.274257659912109,11.845947265625,113.19247436523438,9.742383003234863
164.0,22.5,35.21162033081055,7.896888732910156,11.553906440734863,109.79952239990234,9.742383003234863
155.0,16.875,48.83721923828125,0.3940008580684662,8.138312339782715,123.05318450927734,9.742383003234863
156.0,16.875,45.009395599365234,1.7208633422851562,8.169112205505371,119.37075805664062,9.742383003234863
299.0,16.875,45.568397521972656,39.18135070800781,8.164612770080566,42.075408935546875,9.742383003234863
305.0,16.875,39.91596603393555,32.09638977050781,8.210091590881348,43.370853424072266,9.742383003234863
322.0,16.875,22.246021270751953,15.450139045715332,8.352263450622559,53.98708724975586,9.742383003234863
