angle,vert_angle,dist,x,y,z,height
90.0,-22.5,46.80681610107422,36.66322708129883,68.46441650390625,95.51688385009766,8.599446296691895
91.0,-22.5,45.63440704345703,38.02559280395508,68.70860290527344,95.23176574707031,8.599446296691895
92.0,-22.5,45.30466079711914,38.81498336791992,68.77729034423828,95.5204086303711,8.599446296691895
93.0,-22.5,45.114898681640625,39.51499938964844,68.81681060791016,95.89459228515625,8.599446296691895
94.0,-22.5,45.124717712402344,40.0931282043457,68.81476593017578,96.40361022949219,8.599446296691895
95.0,-22.5,45.286964416503906,40.5860481262207,68.78097534179688,97.01817321777344,8.599446296691895
96.0,-22.5,45.70447540283203,40.93757247924805,68.69401550292969,97.8221206665039,8.599446296691895
97.0,-22.5,46.38922119140625,41.15087127685547,68.5513916015625,98.83248901367188,8.599446296691895
98.0,-22.5,47.20216369628906,41.31718444824219,68.38207244873047,99.94720458984375,8.599446296691895
99.0,-22.5,48.59459686279297,41.18791961669922,68.09205627441406,101.53038024902344,8.599446296691895
