angle,vert_angle,dist,x,y,z,height
170.0,-11.25,45.463741302490234,61.289833068847656,24.980852127075195,120.12396240234375,55.727684020996094
171.0,-11.25,46.39042282104492,62.268089294433594,24.498004913330078,120.49361419677734,55.727684020996094
172.0,-11.25,47.34468078613281,63.27641296386719,24.000789642333984,120.85975646972656,55.727684020996094
173.0,-11.25,48.02195358276367,64.18168640136719,23.647905349731445,120.99826049804688,55.727684020996094
174.0,-11.25,48.65718078613281,65.07884979248047,23.316917419433594,121.08523559570312,55.727684020996094
175.0,-11.25,49.24876022338867,65.96513366699219,23.008678436279297,121.12019348144531,55.727684020996094
176.0,-11.25,49.69209289550781,66.78860473632812,22.777673721313477,121.02983856201172,55.727684020996094
176.0,-16.875,42.91289138793945,63.72065353393555,23.586265563964844,113.90435791015625,55.727684020996094
177.0,-16.875,44.597259521484375,65.03540802001953,22.601713180541992,114.62752532958984,55.727684020996094
178.0,-16.875,45.747798919677734,66.11299896240234,21.929203033447266,114.97308349609375,55.727684020996094
179.0,-16.875,47.05762481689453,67.29100036621094,21.1635799407959,115.38960266113281,55.727684020996094
180.0,-16.875,47.769744873046875,68.17668914794922,20.747331619262695,115.40373992919922,55.727684020996094
181.0,-16.875,48.7043342590332,69.18924713134766,20.201047897338867,115.53144836425781,55.727684020996094
182.0,-16.875,49.396697998046875,70.08148193359375,19.796348571777344,115.48727416992188,55.727684020996094
180.0,-22.5,42.437339782714844,65.3783950805664,21.40959358215332,109.54606628417969,55.727684020996094
181.0,-22.5,44.50145721435547,66.89183044433594,20.083683013916016,110.28764343261719,55.727684020996094
182.0,-22.5,45.847938537597656,68.04724884033203,19.2187557220459,110.59581756591797,55.727684020996094
183.0,-22.5,46.79235076904297,68.99799346923828,18.612102508544922,110.65764617919922,55.727684020996094
184.0,-22.5,47.76088333129883,69.97189331054688,17.989953994750977,110.70624542236328,55.727684020996094
185.0,-22.5,48.560577392578125,70.85872650146484,17.476266860961914,110.64203643798828,55.727684020996094
186.0,-22.5,49.583885192871094,71.88111877441406,16.818927764892578,110.666259765625,55.727684020996094
