angle,vert_angle,dist,x,y,z,height
27.0,22.5,49.195945739746094,54.13616943359375,17.19104766845703,139.049072265625,11.778271675109863
28.0,22.5,47.02873611450195,52.098289489746094,16.93714714050293,137.96536254882812,11.778271675109863
114.0,22.5,30.594995498657227,11.122570037841797,15.011855125427246,102.92880249023438,11.778271675109863
115.0,22.5,32.713294982910156,10.940858840942383,15.260025978088379,100.76240539550781,11.778271675109863
116.0,22.5,35.48829650878906,10.779501914978027,15.58513069152832,97.94857025146484,11.778271675109863
112.0,16.875,33.96495056152344,12.430238723754883,17.25176239013672,100.04782104492188,11.778271675109863
113.0,16.875,36.775360107421875,12.368566513061523,17.733686447143555,97.21380615234375,11.778271675109863
109.0,11.25,34.61224365234375,13.661341667175293,19.18585968017578,100.04816436767578,11.778271675109863
110.0,11.25,38.04380798339844,13.822864532470703,19.955047607421875,96.65127563476562,11.778271675109863
107.0,5.625,39.706504821777344,15.212423324584961,22.333452224731445,95.85161590576172,11.778271675109863
104.0,0.0,41.900352478027344,16.57442855834961,24.941722869873047,94.68643188476562,11.778271675109863
101.0,-5.625,45.258514404296875,18.08183479309082,28.05070686340332,92.59517669677734,11.778271675109863
12.0,-11.25,9.048585891723633,13.69035816192627,15.124027252197266,134.82318115234375,11.778271675109863
98.0,-11.25,29.72998046875,14.075529098510742,23.57278060913086,107.01740264892578,11.778271675109863
102.0,-11.25,9.832864761352539,7.853005409240723,15.444421768188477,124.11394500732422,11.778271675109863
12.0,-16.875,9.034416198730469,13.598976135253906,15.455138206481934,134.4491424560547,11.778271675109863
96.0,-16.875,13.95028305053711,9.456029891967773,17.646682739257812,120.9193344116211,11.778271675109863
97.0,-16.875,11.220752716064453,8.549192428588867,16.429828643798828,123.19649505615234,11.778271675109863
10.0,-22.5,7.259466648101807,11.935903549194336,14.903389930725098,134.0259246826172,11.778271675109863
91.0,-22.5,14.680342674255371,10.063516616821289,18.45656394958496,120.70232391357422,11.778271675109863
92.0,-22.5,11.039238929748535,8.816137313842773,16.713172912597656,123.6519546508789,11.778271675109863
94.0,-22.5,7.081294059753418,7.484354019165039,14.818082809448242,126.8727798461914,11.778271675109863
