angle,vert_angle,dist,x,y,z,height
86.0,-22.5,46.181488037109375,36.74131393432617,67.59941864013672,94.36962890625,8.484636306762695
87.0,-22.5,44.839874267578125,38.22332763671875,67.90757751464844,94.0439224243164,8.484636306762695
88.0,-22.5,44.36326599121094,39.0833740234375,68.01705169677734,94.266357421875,8.484636306762695
89.0,-22.5,44.07750701904297,39.81130599975586,68.08269500732422,94.60055541992188,8.484636306762695
90.0,-22.5,44.06603240966797,40.3577766418457,68.0853271484375,95.11233520507812,8.484636306762695
91.0,-22.5,44.126930236816406,40.86539077758789,68.07133483886719,95.66632080078125,8.484636306762695
92.0,-22.5,44.2578125,41.338260650634766,68.04127502441406,96.2630844116211,8.484636306762695
93.0,-22.5,44.75041961669922,41.5946159362793,67.92813110351562,97.12075805664062,8.484636306762695
94.0,-22.5,45.09611892700195,41.96321487426758,67.84872436523438,97.86885070800781,8.484636306762695
95.0,-22.5,45.827354431152344,42.11591339111328,67.6807632446289,98.9078369140625,8.484636306762695
96.0,-22.5,46.66826248168945,42.2315673828125,67.48760986328125,100.03634643554688,8.484636306762695
97.0,-22.5,47.95490646362305,42.120399475097656,67.19208526611328,101.52008819580078,8.484636306762695
98.0,-22.5,49.78175354003906,41.747684478759766,66.7724609375,103.446533203125,8.484636306762695
