angle,vert_angle,dist,x,y,z,height
317.0,22.5,5.230013370513916,293.22882080078125,9.26854133605957,147.3230438232422,11.264556884765625
318.0,22.5,5.270914077758789,293.3042297363281,9.255062103271484,147.2657012939453,11.264556884765625
319.0,22.5,5.307369232177734,293.3752136230469,9.24305534362793,147.20452880859375,11.264556884765625
320.0,22.5,5.33915376663208,293.4414367675781,9.232587814331055,147.13963317871094,11.264556884765625
321.0,22.5,5.366026878356934,293.5025329589844,9.223723411560059,147.0711669921875,11.264556884765625
322.0,22.5,5.087399482727051,293.2995300292969,9.31554126739502,146.88299560546875,11.264556884765625
323.0,22.5,4.819025039672852,293.1003112792969,9.403966903686523,146.70643615722656,11.264556884765625
324.0,22.5,4.344637870788574,292.71624755859375,9.560287475585938,146.46397399902344,11.264556884765625
325.0,22.5,4.063823699951172,292.4955139160156,9.652819633483887,146.30160522460938,11.264556884765625
326.0,22.5,5.422946929931641,293.7235107421875,9.204971313476562,146.68194580078125,11.264556884765625
327.0,22.5,5.418333053588867,293.74951171875,9.20649528503418,146.5963897705078,11.264556884765625
328.0,22.5,5.40833854675293,293.7691650390625,9.209781646728516,146.5088653564453,11.264556884765625
329.0,22.5,5.275753021240234,293.6766662597656,9.253471374511719,146.386962890625,11.264556884765625
