angle,vert_angle,dist,x,y,z,height
262.0,22.5,64.99462127685547,86.39131164550781,26.436355590820312,210.72882080078125,8.222689628601074
263.0,22.5,61.13917541503906,85.16798400878906,26.537057876586914,214.54554748535156,8.222689628601074
264.0,22.5,59.085330963134766,84.08929443359375,26.590702056884766,216.58306884765625,8.222689628601074
265.0,22.5,57.56282424926758,83.07604217529297,26.63046646118164,218.10787963867188,8.222689628601074
266.0,22.5,56.37797164916992,82.10631561279297,26.661415100097656,219.3122100830078,8.222689628601074
267.0,22.5,55.701683044433594,81.15479278564453,26.679079055786133,220.024658203125,8.222689628601074
268.0,22.5,55.061405181884766,80.22533416748047,26.69580078125,220.71702575683594,8.222689628601074
269.0,22.5,54.6351432800293,79.30182647705078,26.70693588256836,221.2114715576172,8.222689628601074
270.0,22.5,54.80802917480469,78.3354263305664,26.70241928100586,221.12525939941406,8.222689628601074
271.0,22.5,56.750972747802734,77.15935516357422,26.65167236328125,219.2987518310547,8.222689628601074
264.0,16.875,64.46629333496094,83.98728942871094,27.08154296875,211.1899871826172,8.222689628601074
265.0,16.875,61.497650146484375,82.9028091430664,27.1300048828125,214.16348266601562,8.222689628601074
266.0,16.875,60.52549743652344,81.86011505126953,27.145877838134766,215.15904235839844,8.222689628601074
267.0,16.875,59.82211685180664,80.83887481689453,27.157358169555664,215.90354919433594,8.222689628601074
268.0,16.875,59.34471130371094,79.8281478881836,27.16515350341797,216.43960571289062,8.222689628601074
