angle,vert_angle,dist,x,y,z,height
17.0,22.5,18.51473617553711,277.5424499511719,17.15449333190918,141.48756408691406,14.972639083862305
258.0,0.0,20.173551559448242,282.1412658691406,21.71794891357422,109.03529357910156,14.972639083862305
263.0,-5.625,25.42458152770996,279.5424499511719,24.787940979003906,105.31383514404297,14.972639083862305
268.0,-11.25,27.85271453857422,277.85614013671875,26.950891494750977,104.24411010742188,14.972639083862305
269.0,-11.25,21.745594024658203,279.86822509765625,24.20330810546875,109.32804107666016,14.972639083862305
270.0,-11.25,17.810489654541016,281.16876220703125,22.432910919189453,112.60728454589844,14.972639083862305
273.0,-16.875,30.020977020263672,276.34222412109375,29.060392379760742,103.504150390625,14.972639083862305
274.0,-16.875,26.621139526367188,277.3524169921875,27.402385711669922,106.3281478881836,14.972639083862305
275.0,-16.875,22.83095359802246,278.6246643066406,25.55401611328125,109.40573120117188,14.972639083862305
276.0,-16.875,8.16522216796875,284.81298828125,18.401945114135742,120.61641693115234,14.972639083862305
277.0,-16.875,17.923465728759766,280.26068115234375,23.160770416259766,113.41313171386719,14.972639083862305
278.0,-16.875,14.071053504943848,281.8338317871094,21.282054901123047,116.39562225341797,14.972639083862305
278.0,-22.5,34.16178512573242,274.09716796875,32.20973205566406,101.35989379882812,14.972639083862305
279.0,-22.5,29.977340698242188,275.4652099609375,30.03067970275879,104.69412994384766,14.972639083862305
280.0,-22.5,27.104799270629883,276.3607482910156,28.534805297851562,107.01625061035156,14.972639083862305
281.0,-22.5,24.90988540649414,277.0227966308594,27.391809463500977,108.81146240234375,14.972639083862305
282.0,-22.5,22.188068389892578,277.9913024902344,25.97442054748535,110.9524917602539,14.972639083862305
283.0,-22.5,20.2388916015625,278.65777587890625,24.95939064025879,112.50957489013672,14.972639083862305
284.0,-22.5,18.231365203857422,279.40399169921875,23.913965225219727,114.0787582397461,14.972639083862305
285.0,-22.5,16.30160903930664,280.16229248046875,22.909046173095703,115.5636978149414,14.972639083862305
286.0,-22.5,14.422324180603027,280.94317626953125,21.930402755737305,116.98369598388672,14.972639083862305
