angle,vert_angle,dist,x,y,z,height
20.0,5.625,10.359167098999023,43.48142623901367,54.04377365112305,83.36282348632812,63.548946380615234
244.0,0.0,46.182865142822266,59.537940979003906,27.126754760742188,117.22398376464844,63.548946380615234
245.0,0.0,47.781288146972656,60.60295867919922,25.95379638671875,117.81983947753906,63.548946380615234
246.0,0.0,48.567100524902344,61.37626647949219,25.37714385986328,117.9346923828125,63.548946380615234
247.0,0.0,49.482582092285156,62.2109489440918,24.705333709716797,118.10176086425781,63.548946380615234
248.0,0.0,49.97709274291992,62.88457489013672,24.342445373535156,118.01971435546875,63.548946380615234
259.0,-5.625,44.143775939941406,61.48525619506836,26.256492614746094,110.33802032470703,63.548946380615234
260.0,-5.625,46.57820129394531,62.89192581176758,24.33953094482422,111.05280303955078,63.548946380615234
261.0,-5.625,48.166969299316406,63.95063018798828,23.08846664428711,111.36558532714844,63.548946380615234
262.0,-5.625,49.17860794067383,64.76380157470703,22.291866302490234,111.40721130371094,63.548946380615234
13.0,-11.25,49.589454650878906,54.4648323059082,19.685855865478516,66.34508514404297,63.548946380615234
276.0,-11.25,45.403507232666016,63.40778350830078,23.174705505371094,104.65784454345703,63.548946380615234
277.0,-11.25,47.70410919189453,64.7204360961914,21.25722885131836,104.96515655517578,63.548946380615234
278.0,-11.25,49.5385856628418,65.82941436767578,19.728252410888672,105.09745025634766,63.548946380615234
298.0,-16.875,45.091861724853516,63.510597229003906,21.720909118652344,97.52869415283203,63.548946380615234
299.0,-16.875,48.646034240722656,65.29521179199219,18.62356185913086,97.64891815185547,63.548946380615234
348.0,-16.875,49.46372985839844,62.815731048583984,17.910961151123047,77.8459701538086,63.548946380615234
349.0,-16.875,47.71352767944336,61.869720458984375,19.436206817626953,77.96770477294922,63.548946380615234
350.0,-16.875,45.868865966796875,60.896297454833984,21.04376983642578,78.1446762084961,63.548946380615234
