angle,vert_angle,dist,x,y,z,height
322.0,22.5,56.64341735839844,157.74642944335938,50.56752014160156,129.5548095703125,9.147171020507812
323.0,22.5,54.89515686035156,159.63006591796875,50.9688606262207,129.06031799316406,9.147171020507812
324.0,22.5,54.021995544433594,160.88491821289062,51.1693115234375,129.11753845214844,9.147171020507812
325.0,22.5,53.45354461669922,161.9251251220703,51.2998046875,129.35699462890625,9.147171020507812
326.0,22.5,53.593299865722656,162.4949951171875,51.267723083496094,130.07835388183594,9.147171020507812
327.0,22.5,53.48412322998047,163.2402801513672,51.29278564453125,130.61033630371094,9.147171020507812
328.0,22.5,53.777008056640625,163.7382354736328,51.225547790527344,131.42474365234375,9.147171020507812
329.0,22.5,54.21368408203125,164.1647491455078,51.12530517578125,132.34124755859375,9.147171020507812
330.0,22.5,55.07915496826172,164.35211181640625,50.92662048339844,133.5806427001953,9.147171020507812
