angle,vert_angle,dist,x,y,z,height
13.0,-22.5,49.810245513916016,80.52500915527344,26.707408905029297,220.69705200195312,8.996969223022461
14.0,-22.5,48.918880462646484,79.29209899902344,26.741287231445312,220.81739807128906,8.996969223022461
15.0,-22.5,48.491844177246094,78.36485290527344,26.757518768310547,220.60800170898438,8.996969223022461
16.0,-22.5,48.737953186035156,77.85311126708984,26.748165130615234,219.88864135742188,8.996969223022461
17.0,-22.5,49.122291564941406,77.4084243774414,26.73355484008789,219.0652618408203,8.996969223022461
18.0,-22.5,50.00233459472656,77.23445892333984,26.70010757446289,217.84451293945312,8.996969223022461
19.0,-22.5,50.923057556152344,77.04998016357422,26.66511344909668,216.5847625732422,8.996969223022461
20.0,-22.5,51.936546325683594,76.88198852539062,26.6265926361084,215.24241638183594,8.996969223022461
21.0,-22.5,53.24757385253906,76.83731842041016,26.576763153076172,213.64381408691406,8.996969223022461
22.0,-22.5,55.56972885131836,77.27935791015625,26.488500595092773,211.17617797851562,8.996969223022461
23.0,-22.5,59.30267333984375,78.36762237548828,26.34661865234375,207.47039794921875,8.996969223022461
