angle,vert_angle,dist,x,y,z,height
171.0,22.5,42.6716423034668,11.430078506469727,16.264251708984375,104.80033111572266,8.938469886779785
290.0,22.5,10.548860549926758,20.154953002929688,10.13089370727539,57.830814361572266,8.938469886779785
292.0,22.5,9.033480644226074,18.702438354492188,9.841554641723633,58.2942008972168,8.938469886779785
298.0,16.875,14.209419250488281,22.39022445678711,9.46799087524414,54.348426818847656,8.938469886779785
124.0,11.25,13.935012817382812,0.9810078740119934,8.093602180480957,72.45929718017578,8.938469886779785
301.0,11.25,35.8908805847168,38.535179138183594,8.057132720947266,39.73428726196289,8.938469886779785
302.0,11.25,34.385231018066406,36.99409484863281,8.0596342086792,40.251949310302734,8.938469886779785
322.0,11.25,17.819534301757812,19.710508346557617,8.087150573730469,47.29488754272461,8.938469886779785
323.0,11.25,16.805686950683594,18.964223861694336,8.088833808898926,48.0446662902832,8.938469886779785
324.0,11.25,15.87330150604248,18.2835636138916,8.09038257598877,48.742733001708984,8.938469886779785
325.0,11.25,15.119997024536133,17.7076358795166,8.091633796691895,49.29850387573242,8.938469886779785
326.0,11.25,14.316543579101562,17.132375717163086,8.092968940734863,49.91539001464844,8.938469886779785
328.0,11.25,13.78628158569336,16.469820022583008,8.093849182128906,50.20290756225586,8.938469886779785
336.0,11.25,10.66839599609375,13.853885650634766,8.099028587341309,52.59889602661133,8.938469886779785
