angle,vert_angle,dist,x,y,z,height
285.0,-16.875,38.009952545166016,161.86927795410156,51.559776306152344,130.86964416503906,34.62380599975586
286.0,-16.875,38.05471420288086,161.20596313476562,51.557029724121094,130.900634765625,34.62380599975586
281.0,-22.5,36.62750244140625,164.31675720214844,51.096805572509766,132.109619140625,34.62380599975586
282.0,-22.5,36.0601692199707,163.71389770507812,51.14006805419922,132.70672607421875,34.62380599975586
283.0,-22.5,35.812503814697266,163.10682678222656,51.15895462036133,132.9958038330078,34.62380599975586
284.0,-22.5,35.67620086669922,162.4987335205078,51.169349670410156,133.18450927734375,34.62380599975586
285.0,-22.5,35.41004943847656,161.91087341308594,51.18964385986328,133.51222229003906,34.62380599975586
286.0,-22.5,35.546180725097656,161.2816162109375,51.179264068603516,133.4518280029297,34.62380599975586
287.0,-22.5,35.664485931396484,160.6516571044922,51.17024230957031,133.4203338623047,34.62380599975586
288.0,-22.5,36.08369827270508,159.97012329101562,51.138275146484375,133.1041717529297,34.62380599975586
289.0,-22.5,36.771793365478516,159.2275390625,51.08580017089844,132.5375213623047,34.62380599975586
290.0,-22.5,37.612220764160156,158.43333435058594,51.02171325683594,131.83731079101562,34.62380599975586
