angle,vert_angle,dist,x,y,z,height
225.0,0.0,43.370811462402344,55.92231369018555,30.275758743286133,118.53327178955078,63.202781677246094
226.0,0.0,48.60423278808594,58.08157730102539,26.606822967529297,121.63032531738281,63.202781677246094
227.0,0.0,49.67964172363281,58.975830078125,25.85289764404297,122.03335571289062,63.202781677246094
241.0,-5.625,43.799957275390625,60.534202575683594,27.233978271484375,112.46188354492188,63.202781677246094
242.0,-5.625,46.0517578125,61.85718536376953,25.514423370361328,113.24901580810547,63.202781677246094
243.0,-5.625,47.67214584350586,62.94244384765625,24.27703094482422,113.69116973876953,63.202781677246094
244.0,-5.625,48.63479995727539,63.76165008544922,23.541915893554688,113.78924560546875,63.202781677246094
245.0,-5.625,49.659420013427734,64.61792755126953,22.759479522705078,113.89460754394531,63.202781677246094
12.0,-11.25,49.083343505859375,48.52396774291992,20.488815307617188,63.12871170043945,63.202781677246094
257.0,-11.25,43.55716323852539,62.41825866699219,25.013988494873047,105.80342102050781,63.202781677246094
258.0,-11.25,47.41768264770508,64.46568298339844,21.852760314941406,106.7654800415039,63.202781677246094
259.0,-11.25,48.69670486450195,65.34273529052734,20.805419921875,106.80426788330078,63.202781677246094
260.0,-11.25,49.866695404052734,66.1759262084961,19.847362518310547,106.78196716308594,63.202781677246094
278.0,-16.875,43.48526382446289,62.9208869934082,23.014366149902344,98.15853881835938,63.202781677246094
279.0,-16.875,48.335227966308594,65.33747863769531,18.813331604003906,98.59835815429688,63.202781677246094
335.0,-16.875,32.09741973876953,55.36979293823242,32.87849807739258,81.04803466796875,63.202781677246094
336.0,-16.875,49.57615280151367,62.10112380981445,17.738441467285156,75.47174072265625,63.202781677246094
337.0,-16.875,48.277732849121094,61.3275032043457,18.86313247680664,75.53903198242188,63.202781677246094
338.0,-16.875,45.25447082519531,59.90019607543945,21.48188018798828,76.1803207397461,63.202781677246094
