angle,vert_angle,dist,x,y,z,height
90.0,22.5,35.488765716552734,37.193782806396484,67.57606506347656,106.54546356201172,8.957365989685059
91.0,22.5,34.83277130126953,36.46711730957031,67.77345275878906,106.09184265136719,8.957365989685059
92.0,22.5,34.30826950073242,35.8572998046875,67.93126678466797,105.63423156738281,8.957365989685059
93.0,22.5,33.78596878051758,35.24361801147461,68.08841705322266,105.19537353515625,8.957365989685059
94.0,22.5,33.57149124145508,34.908546447753906,68.1529541015625,104.70162200927734,8.957365989685059
95.0,22.5,33.517356872558594,34.713104248046875,68.16924285888672,104.17608642578125,8.957365989685059
96.0,22.5,33.376338958740234,34.42937469482422,68.211669921875,103.6785888671875,8.957365989685059
97.0,22.5,33.35907745361328,34.250186920166016,68.21686553955078,103.15265655517578,8.957365989685059
98.0,22.5,33.32375717163086,34.04561233520508,68.22748565673828,102.63570404052734,8.957365989685059
99.0,22.5,33.383731842041016,33.91783905029297,68.20944213867188,102.0924301147461,8.957365989685059
100.0,22.5,33.56159210205078,33.88549041748047,68.15592956542969,101.51095581054688,8.957365989685059
101.0,22.5,33.707481384277344,33.8135871887207,68.1120376586914,100.93860626220703,8.957365989685059
102.0,22.5,33.92955017089844,33.797855377197266,68.04521942138672,100.33740997314453,8.957365989685059
103.0,22.5,34.19214630126953,33.80558395385742,67.96620178222656,99.71768188476562,8.957365989685059
104.0,22.5,34.71985626220703,34.03057098388672,67.80742645263672,98.98863220214844,8.957365989685059
105.0,22.5,34.88312530517578,33.92567443847656,67.75829315185547,98.3980712890625,8.957365989685059
106.0,22.5,35.324440002441406,34.04635238647461,67.6255111694336,97.68817901611328,8.957365989685059
107.0,22.5,35.94402313232422,34.301918029785156,67.43907928466797,96.8909683227539,8.957365989685059
108.0,22.5,36.540977478027344,34.51972579956055,67.25946807861328,96.09064483642578,8.957365989685059
109.0,22.5,37.31801223754883,34.86799240112305,67.02566528320312,95.19308471679688,8.957365989685059
110.0,22.5,38.48632049560547,35.51517868041992,66.67413330078125,94.08837127685547,8.957365989685059
111.0,22.5,40.10845184326172,36.501495361328125,66.18605041503906,92.72899627685547,8.957365989685059
