angle,vert_angle,dist,x,y,z,height
70.0,22.5,24.803787231445312,19.886627197265625,39.037044525146484,108.59645080566406,20.807283401489258
71.0,22.5,16.817115783691406,17.082799911499023,32.204769134521484,111.64268493652344,20.807283401489258
46.0,11.25,25.45955467224121,20.32270622253418,40.081321716308594,109.6759262084961,20.807283401489258
37.0,5.625,22.82735824584961,19.357685089111328,37.70851135253906,110.33795166015625,20.807283401489258
30.0,0.0,21.550249099731445,18.87196159362793,36.3477668762207,110.15541076660156,20.807283401489258
31.0,0.0,16.689849853515625,17.106653213500977,32.16869354248047,111.9078598022461,20.807283401489258
27.0,-5.625,15.879191398620605,16.64963150024414,31.157470703125,111.42414093017578,20.807283401489258
22.0,-11.25,27.695884704589844,20.630125045776367,40.31182098388672,105.00071716308594,20.807283401489258
20.0,-16.875,25.07879066467285,19.518964767456055,37.29104995727539,104.71855163574219,20.807283401489258
