angle,vert_angle,dist,x,y,z,height
86.0,-22.5,46.545143127441406,36.77615737915039,68.25697326660156,95.14761352539062,8.434233665466309
87.0,-22.5,45.42290115356445,38.11476135253906,68.49443054199219,94.98532104492188,8.434233665466309
88.0,-22.5,44.833709716796875,39.06230926513672,68.61910247802734,95.14761352539062,8.434233665466309
89.0,-22.5,44.70729064941406,39.68558120727539,68.6458511352539,95.60588836669922,8.434233665466309
90.0,-22.5,44.7223014831543,40.21916580200195,68.64266967773438,96.15111541748047,8.434233665466309
91.0,-22.5,44.815399169921875,40.71030807495117,68.62297058105469,96.742919921875,8.434233665466309
92.0,-22.5,45.108543395996094,41.08200454711914,68.56094360351562,97.47239685058594,8.434233665466309
93.0,-22.5,45.60072326660156,41.34245681762695,68.4568099975586,98.34536743164062,8.434233665466309
94.0,-22.5,46.319236755371094,41.48225784301758,68.30477142333984,99.38854217529297,8.434233665466309
95.0,-22.5,47.175682067871094,41.56482696533203,68.1235580444336,100.5416488647461,8.434233665466309
96.0,-22.5,48.575286865234375,41.35198211669922,67.82740783691406,102.12046813964844,8.434233665466309
