angle,vert_angle,dist,x,y,z,height
184.0,22.5,77.22876739501953,234.0917205810547,8.58803653717041,184.44589233398438,9.80079460144043
185.0,22.5,78.98759460449219,233.5279998779297,8.602494239807129,186.59844970703125,9.80079460144043
186.0,22.5,80.19598388671875,233.44854736328125,8.612425804138184,188.43780517578125,9.80079460144043
187.0,22.5,81.39108276367188,233.4248046875,8.622249603271484,190.28594970703125,9.80079460144043
188.0,22.5,82.43592834472656,233.56019592285156,8.630840301513672,192.05145263671875,9.80079460144043
189.0,22.5,83.79959106445312,233.50173950195312,8.642047882080078,194.04147338867188,9.80079460144043
190.0,22.5,85.46208190917969,233.27572631835938,8.655715942382812,196.25372314453125,9.80079460144043
191.0,22.5,86.61296844482422,233.47604370117188,8.665175437927246,198.13490295410156,9.80079460144043
192.0,22.5,88.36042785644531,233.30178833007812,8.679539680480957,200.4488067626953,9.80079460144043
193.0,22.5,90.57797241210938,232.86343383789062,8.697769165039062,203.12515258789062,9.80079460144043
194.0,22.5,93.3411865234375,232.1281280517578,8.720481872558594,206.2346954345703,9.80079460144043
195.0,22.5,98.39788818359375,229.9495391845703,8.762049674987793,211.0947265625,9.80079460144043
241.0,22.5,19.881994247436523,297.1330261230469,8.116637229919434,157.75302124023438,9.80079460144043
242.0,22.5,19.31348991394043,297.4289245605469,8.111964225769043,157.15924072265625,9.80079460144043
243.0,22.5,18.50100326538086,297.6788635253906,8.10528564453125,156.3187255859375,9.80079460144043
245.0,22.5,16.20220375061035,297.9980163574219,8.086389541625977,153.9634246826172,9.80079460144043
