angle,vert_angle,dist,x,y,z,height
77.0,22.5,27.94887351989746,18.609371185302734,35.10980224609375,105.98872375488281,15.614548683166504
66.0,16.875,18.746932983398438,15.444610595703125,28.140213012695312,111.23304748535156,15.614548683166504
67.0,16.875,27.381803512573242,18.50347900390625,35.22338104248047,107.34921264648438,15.614548683166504
68.0,16.875,37.548309326171875,21.983903884887695,43.56294631958008,102.68031311035156,15.614548683166504
56.0,11.25,19.563892364501953,15.781363487243652,29.060924530029297,111.40617370605469,15.614548683166504
57.0,11.25,27.766939163208008,18.698640823364258,35.894927978515625,107.92386627197266,15.614548683166504
58.0,11.25,37.72663116455078,22.137441635131836,44.192405700683594,103.60881805419922,15.614548683166504
47.0,5.625,23.817337036132812,17.353609085083008,32.71843719482422,109.89387512207031,15.614548683166504
48.0,5.625,31.337772369384766,19.977699279785156,39.01972961425781,106.72645568847656,15.614548683166504
49.0,5.625,43.50166702270508,24.182588577270508,49.211734771728516,101.57611083984375,15.614548683166504
39.0,0.0,22.60004997253418,16.881093978881836,31.624237060546875,110.205322265625,15.614548683166504
40.0,0.0,32.145687103271484,20.255247116088867,39.591068267822266,106.16415405273438,15.614548683166504
32.0,-5.625,18.5588321685791,15.411153793334961,28.04128074645996,111.45433807373047,15.614548683166504
33.0,-5.625,24.28418731689453,17.407917022705078,32.754859924316406,108.881591796875,15.614548683166504
34.0,-5.625,34.743350982666016,21.045461654663086,41.36569595336914,104.1806640625,15.614548683166504
28.0,-11.25,21.616422653198242,16.377897262573242,30.14238929748535,109.23526000976562,15.614548683166504
29.0,-11.25,34.83602523803711,20.99993133544922,40.77134323120117,102.8712158203125,15.614548683166504
25.0,-16.875,27.46831512451172,18.301963806152344,34.10598373413086,105.13429260253906,15.614548683166504
22.0,-22.5,39.835391998291016,22.719995498657227,42.342185974121094,96.79275512695312,15.614548683166504
