angle,vert_angle,dist,x,y,z,height
167.0,-16.875,46.60014343261719,61.62021255493164,24.799304962158203,119.94876098632812,55.543338775634766
168.0,-16.875,47.5222282409668,62.6175422668457,24.320924758911133,120.2947998046875,55.543338775634766
169.0,-16.875,48.259464263916016,63.552032470703125,23.938438415527344,120.48054504394531,55.543338775634766
170.0,-16.875,49.15998840332031,64.57232666015625,23.47124481201172,120.76306915283203,55.543338775634766
171.0,-16.875,49.705650329589844,65.44501495361328,23.188152313232422,120.76521301269531,55.543338775634766
172.0,-22.5,43.412872314453125,63.409080505371094,23.843994140625,113.56393432617188,55.543338775634766
173.0,-22.5,45.4521598815918,64.90962219238281,22.663450241088867,114.51945495605469,55.543338775634766
174.0,-22.5,46.671417236328125,66.0361557006836,21.957618713378906,114.90538024902344,55.543338775634766
175.0,-22.5,48.014625549316406,67.24666595458984,21.180044174194336,115.33906555175781,55.543338775634766
176.0,-22.5,48.76719284057617,68.1684799194336,20.74437141418457,115.3714370727539,55.543338775634766
177.0,-22.5,49.736412048339844,69.21517181396484,20.18329620361328,115.51368713378906,55.543338775634766
