angle,vert_angle,dist,x,y,z,height
222.0,-5.625,14.819892883300781,66.6437759399414,17.931697845458984,210.04722595214844,13.593295097351074
