angle,vert_angle,dist,x,y,z,height
315.0,-22.5,28.400592803955078,161.4004364013672,51.58963394165039,130.82763671875,38.25684356689453
