angle,vert_angle,dist,x,y,z,height
89.0,-22.5,47.120269775390625,35.753143310546875,67.41363525390625,94.68189239501953,8.661539077758789
90.0,-22.5,45.53795623779297,37.38727951049805,67.78065490722656,94.11882019042969,8.661539077758789
91.0,-22.5,44.74784851074219,38.47186279296875,67.96392059326172,94.0779037475586,8.661539077758789
92.0,-22.5,44.4212646484375,39.24729919433594,68.0396728515625,94.34721374511719,8.661539077758789
93.0,-22.5,44.23673629760742,39.93354034423828,68.08247375488281,94.70452880859375,8.661539077758789
94.0,-22.5,44.279640197753906,40.483028411865234,68.07252502441406,95.21870422363281,8.661539077758789
95.0,-22.5,44.38941955566406,41.00154495239258,68.04705810546875,95.77462005615234,8.661539077758789
96.0,-22.5,44.63249206542969,41.452369689941406,67.99067687988281,96.425537109375,8.661539077758789
97.0,-22.5,45.22504425048828,41.71595764160156,67.85323333740234,97.3445053100586,8.661539077758789
98.0,-22.5,45.644527435302734,42.101261138916016,67.75593566894531,98.12745666503906,8.661539077758789
99.0,-22.5,46.55766296386719,42.234596252441406,67.54413604736328,99.30376434326172,8.661539077758789
100.0,-22.5,47.665924072265625,42.296749114990234,67.28706359863281,100.64461517333984,8.661539077758789
101.0,-22.5,49.47993469238281,42.03006362915039,66.86630249023438,102.57393646240234,8.661539077758789
