angle,vert_angle,dist,x,y,z,height
60.0,22.5,58.12535095214844,79.79425048828125,26.394811630249023,223.41989135742188,8.017953872680664
61.0,22.5,57.074249267578125,78.36215209960938,26.42411994934082,223.67051696777344,8.017953872680664
62.0,22.5,56.62251281738281,77.29196166992188,26.436717987060547,223.46502685546875,8.017953872680664
63.0,22.5,57.27788543701172,76.84126281738281,26.418441772460938,222.3635711669922,8.017953872680664
64.0,22.5,57.855323791503906,76.3196029663086,26.402339935302734,221.32931518554688,8.017953872680664
65.0,22.5,58.9779167175293,76.05900573730469,26.371034622192383,219.83602905273438,8.017953872680664
66.0,22.5,60.416961669921875,75.9178695678711,26.330907821655273,218.0657501220703,8.017953872680664
67.0,22.5,61.92179870605469,75.75692749023438,26.288942337036133,216.22848510742188,8.017953872680664
68.0,22.5,64.2846908569336,75.95490264892578,26.223052978515625,213.63015747070312,8.017953872680664
69.0,22.5,68.81143188476562,77.08161163330078,26.096824645996094,209.0966796875,8.017953872680664
62.0,16.875,63.840232849121094,81.53630065917969,26.98985481262207,217.6086883544922,8.017953872680664
63.0,16.875,62.10243606567383,79.64694213867188,27.017778396606445,218.4191436767578,8.017953872680664
64.0,16.875,62.40589141845703,78.90805053710938,27.012903213500977,217.56689453125,8.017953872680664
65.0,16.875,63.272369384765625,78.447998046875,26.998979568481445,216.2472686767578,8.017953872680664
66.0,16.875,65.18408966064453,78.48992156982422,26.96826171875,214.03187561035156,8.017953872680664
67.0,16.875,67.0503158569336,78.44168853759766,26.938274383544922,211.8385772705078,8.017953872680664
