angle,vert_angle,dist,x,y,z,height
222.0,5.625,45.6021728515625,57.532955169677734,28.15641975402832,119.36500549316406,62.93238830566406
223.0,5.625,47.71208953857422,58.74979019165039,26.679847717285156,120.42752838134766,62.93238830566406
224.0,5.625,48.830772399902344,59.6618766784668,25.89697265625,120.83833312988281,62.93238830566406
225.0,5.625,49.38385009765625,60.38945388793945,25.50991439819336,120.87728881835938,62.93238830566406
237.0,0.0,42.497196197509766,60.46319580078125,27.594928741455078,111.20978546142578,62.93238830566406
238.0,0.0,45.41671371459961,62.07481002807617,25.363922119140625,112.3022689819336,62.93238830566406
239.0,0.0,47.34722900390625,63.29745864868164,23.888687133789062,112.87516784667969,62.93238830566406
240.0,0.0,48.2628288269043,64.0939712524414,23.18901824951172,112.93804168701172,62.93238830566406
241.0,0.0,49.297176361083984,64.95267486572266,22.398597717285156,113.03431701660156,62.93238830566406
3.0,-5.625,48.198143005371094,49.986785888671875,20.491901397705078,63.91153335571289,62.93238830566406
253.0,-5.625,45.005340576171875,63.50389862060547,23.113677978515625,105.3474349975586,62.93238830566406
254.0,-5.625,46.988338470458984,64.69342041015625,21.485332489013672,105.62245178222656,62.93238830566406
255.0,-5.625,48.833621978759766,65.83312225341797,19.970081329345703,105.81685638427734,62.93238830566406
275.0,-11.25,45.55094909667969,64.10997772216797,20.43017578125,96.8351821899414,62.93238830566406
276.0,-11.25,48.094051361083984,65.4253158569336,18.217098236083984,96.796630859375,62.93238830566406
277.0,-11.25,49.56871032714844,66.2362060546875,16.933815002441406,96.58102416992188,62.93238830566406
323.0,-11.25,49.54463195800781,63.45017623901367,16.95476531982422,77.70690155029297,62.93238830566406
324.0,-11.25,48.774234771728516,62.90471267700195,17.62518310546875,77.54827117919922,62.93238830566406
325.0,-11.25,47.38966369628906,62.107452392578125,18.830078125,77.5711441040039,62.93238830566406
326.0,-11.25,44.74147415161133,60.80347442626953,21.13460922241211,77.96920776367188,62.93238830566406
