angle,vert_angle,dist,x,y,z,height
29.0,-16.875,8.360851287841797,6.064749717712402,8.282428741455078,66.13328552246094,8.367259979248047
202.0,-16.875,8.919371604919434,16.62434196472168,8.303838729858398,52.51152801513672,8.367259979248047
43.0,-22.5,8.26417064666748,7.876315116882324,8.642537117004395,66.9366226196289,8.367259979248047
44.0,-22.5,9.068879127502441,7.744054794311523,8.708809852600098,67.7418212890625,8.367259979248047
184.0,-22.5,11.584961891174316,20.70247459411621,8.916023254394531,53.356388092041016,8.367259979248047
