angle,vert_angle,dist,x,y,z,height
80.0,22.5,17.437026977539062,14.290704727172852,25.254501342773438,110.31398010253906,14.660748481750488
81.0,22.5,34.782772064208984,20.51164436340332,38.58616638183594,101.12065887451172,14.660748481750488
71.0,16.875,18.76568031311035,14.861250877380371,26.723743438720703,110.38429260253906,14.660748481750488
72.0,16.875,31.00908088684082,19.261014938354492,36.4261589050293,104.34508514404297,14.660748481750488
61.0,11.25,18.738117218017578,15.004137992858887,27.00629425048828,111.05684661865234,14.660748481750488
62.0,11.25,22.923351287841797,16.45322036743164,30.390918731689453,109.05536651611328,14.660748481750488
63.0,11.25,32.01587677001953,19.6651611328125,37.74408721923828,104.76984405517578,14.660748481750488
52.0,5.625,19.377744674682617,15.278525352478027,27.687435150146484,111.1053695678711,14.660748481750488
53.0,5.625,23.363182067871094,16.658769607543945,30.94417953491211,109.2565689086914,14.660748481750488
54.0,5.625,31.84874153137207,19.664039611816406,37.878257751464844,105.38785552978516,14.660748481750488
44.0,0.0,19.527793884277344,15.32669448852539,27.821504592895508,111.05425262451172,14.660748481750488
45.0,0.0,26.0151424407959,17.659950256347656,33.12652587890625,108.13027954101562,14.660748481750488
46.0,0.0,32.180633544921875,19.772165298461914,38.16835021972656,105.26386260986328,14.660748481750488
38.0,-5.625,22.82239532470703,16.44831657409668,30.34931755065918,109.20203399658203,14.660748481750488
39.0,-5.625,31.409343719482422,19.487468719482422,37.30869674682617,105.18441772460938,14.660748481750488
33.0,-11.25,26.529752731323242,17.713703155517578,32.953548431396484,106.7309341430664,14.660748481750488
34.0,-11.25,37.23481750488281,21.43575668334961,41.467994689941406,101.40557098388672,14.660748481750488
29.0,-16.875,27.633365631103516,17.98744773864746,33.20256805419922,105.10330200195312,14.660748481750488
26.0,-22.5,31.602005004882812,19.266324996948242,35.31459045410156,101.58311462402344,14.660748481750488
