angle,vert_angle,dist,x,y,z,height
213.0,22.5,45.08372116088867,37.73500061035156,14.969537734985352,137.5731658935547,-2.3765602111816406
214.0,22.5,36.96318435668945,30.69392204284668,11.649129867553711,139.9739990234375,-2.3765602111816406
215.0,22.5,31.783477783203125,26.175201416015625,9.53119945526123,141.46495056152344,-2.3765602111816406
215.0,16.875,39.99164581298828,33.846073150634766,12.210105895996094,139.54469299316406,-2.3765602111816406
216.0,16.875,29.975887298583984,25.169580459594727,8.284394264221191,142.6961669921875,-2.3765602111816406
216.0,11.25,42.17349624633789,36.35438919067383,12.19180965423584,139.4199981689453,-2.3765602111816406
217.0,11.25,33.84715270996094,28.963207244873047,9.10072135925293,141.76914978027344,-2.3765602111816406
216.0,5.625,47.511383056640625,41.945281982421875,13.019551277160645,138.94456481933594,-2.3765602111816406
217.0,5.625,39.93167495727539,35.02363586425781,10.38973617553711,140.7152099609375,-2.3765602111816406
216.0,0.0,47.40045928955078,42.759239196777344,11.671475410461426,140.2346649169922,-2.3765602111816406
217.0,0.0,42.71022415161133,38.30432891845703,10.173755645751953,140.91490173339844,-2.3765602111816406
215.0,-5.625,48.559391021728516,44.87485122680664,10.550609588623047,141.85598754882812,-2.3765602111816406
216.0,-5.625,45.632625579833984,41.96434783935547,9.705877304077148,141.84658813476562,-2.3765602111816406
217.0,-5.625,41.14419937133789,37.63816452026367,8.41041374206543,142.37208557128906,-2.3765602111816406
281.0,-5.625,49.93685531616211,7.444077491760254,10.948175430297852,106.6678237915039,-2.3765602111816406
212.0,-11.25,49.969276428222656,47.470924377441406,9.284406661987305,145.07411193847656,-2.3765602111816406
213.0,-11.25,48.845542907714844,46.2451286315918,8.997697830200195,144.46328735351562,-2.3765602111816406
214.0,-11.25,46.831390380859375,44.172325134277344,8.483809471130371,144.0790557861328,-2.3765602111816406
