angle,vert_angle,dist,x,y,z,height
96.0,-22.5,99.58944702148438,174.14942932128906,43.978355407714844,129.8424530029297,21.733211517333984
97.0,-22.5,99.16688537597656,174.55430603027344,44.0059928894043,131.57717895507812,21.733211517333984
98.0,-22.5,99.00489807128906,174.72935485839844,44.0165901184082,133.30149841308594,21.733211517333984
99.0,-22.5,99.23755645751953,174.5408172607422,44.001373291015625,135.03309631347656,21.733211517333984
100.0,-22.5,99.6649398803711,174.18865966796875,43.97341537475586,136.78172302246094,21.733211517333984
