angle,vert_angle,dist,x,y,z,height
115.0,22.5,36.88494873046875,37.557151794433594,67.47158813476562,106.64440155029297,8.876296997070312
116.0,22.5,36.07632827758789,36.64450454711914,67.70498657226562,106.27286529541016,8.876296997070312
117.0,22.5,35.59674072265625,36.02981948852539,67.84342193603516,105.83516693115234,8.876296997070312
118.0,22.5,35.12953567504883,35.42130661010742,67.978271484375,105.41210174560547,8.876296997070312
119.0,22.5,34.815895080566406,34.94659423828125,68.06879425048828,104.9578628540039,8.876296997070312
120.0,22.5,34.763675689697266,34.70016098022461,68.08387756347656,104.42894744873047,8.876296997070312
121.0,22.5,34.686866760253906,34.4229621887207,68.10604858398438,103.91390991210938,8.876296997070312
122.0,22.5,34.67848587036133,34.197784423828125,68.10846710205078,103.37980651855469,8.876296997070312
123.0,22.5,34.691688537597656,33.982330322265625,68.10465240478516,102.84160614013672,8.876296997070312
124.0,22.5,34.797645568847656,33.838191986083984,68.0740737915039,102.27012634277344,8.876296997070312
125.0,22.5,34.954437255859375,33.72724533081055,68.02881622314453,101.67861938476562,8.876296997070312
126.0,22.5,35.19365692138672,33.675437927246094,67.95977020263672,101.05150604248047,8.876296997070312
127.0,22.5,35.476661682128906,33.648040771484375,67.87808227539062,100.40243530273438,8.876296997070312
128.0,22.5,35.805660247802734,33.64575958251953,67.78311157226562,99.72869873046875,8.876296997070312
129.0,22.5,36.428226470947266,33.87351989746094,67.60340881347656,98.91160583496094,8.876296997070312
130.0,22.5,36.72605514526367,33.8140754699707,67.51744842529297,98.23978424072266,8.876296997070312
131.0,22.5,37.24936294555664,33.924278259277344,67.36640167236328,97.45182037353516,8.876296997070312
132.0,22.5,37.97733688354492,34.18121337890625,67.15628051757812,96.54916381835938,8.876296997070312
133.0,22.5,38.829620361328125,34.514892578125,66.91027069091797,95.566162109375,8.876296997070312
134.0,22.5,39.95301055908203,35.037132263183594,66.58601379394531,94.41842651367188,8.876296997070312
135.0,22.5,41.63899230957031,35.96662139892578,66.099365234375,92.93305969238281,8.876296997070312
