angle,vert_angle,dist,x,y,z,height
29.0,22.5,48.12560272216797,54.56562805175781,12.8353271484375,146.99148559570312,17.12452507019043
30.0,22.5,45.665218353271484,53.14122009277344,13.080171585083008,144.84034729003906,17.12452507019043
31.0,22.5,42.78171157836914,51.31566619873047,13.3671236038208,142.49752807617188,17.12452507019043
35.0,16.875,49.19482421875,58.529273986816406,17.188095092773438,143.70291137695312,17.12452507019043
36.0,16.875,46.43659210205078,56.64031219482422,17.21256446838379,141.5269317626953,17.12452507019043
37.0,16.875,43.37639236450195,54.429100036621094,17.23971176147461,139.271240234375,17.12452507019043
44.0,11.25,49.09973907470703,61.968196868896484,21.64368438720703,136.73532104492188,17.12452507019043
