angle,vert_angle,dist,x,y,z,height
259.0,22.5,61.29207229614258,87.51640319824219,25.622156143188477,214.25711059570312,8.203903198242188
260.0,22.5,58.8310661315918,86.39684295654297,25.724048614501953,216.6838836669922,8.203903198242188
261.0,22.5,56.959869384765625,85.36470031738281,25.801525115966797,218.54104614257812,8.203903198242188
262.0,22.5,55.43267059326172,84.39291381835938,25.86475372314453,220.0720977783203,8.203903198242188
263.0,22.5,54.23115921020508,83.4643783569336,25.914501190185547,221.2940216064453,8.203903198242188
264.0,22.5,53.01282501220703,82.57904052734375,25.964942932128906,222.54791259765625,8.203903198242188
265.0,22.5,51.99689865112305,81.72352600097656,26.00700569152832,223.61404418945312,8.203903198242188
266.0,22.5,51.04348373413086,80.89917755126953,26.046480178833008,224.63137817382812,8.203903198242188
267.0,22.5,50.85738754272461,80.03170013427734,26.05418586730957,224.898681640625,8.203903198242188
268.0,22.5,50.150360107421875,79.23394012451172,26.083457946777344,225.69754028320312,8.203903198242188
269.0,22.5,50.165157318115234,78.3644790649414,26.08284568786621,225.7941131591797,8.203903198242188
270.0,22.5,50.08011245727539,77.51189422607422,26.086366653442383,226.00445556640625,8.203903198242188
271.0,22.5,50.39863967895508,76.59588623046875,26.073179244995117,225.8320770263672,8.203903198242188
272.0,22.5,51.34369659423828,75.55418395996094,26.03404998779297,225.0618133544922,8.203903198242188
260.0,16.875,64.70308685302734,86.30740356445312,26.463937759399414,210.78085327148438,8.203903198242188
261.0,16.875,61.14257049560547,85.17822265625,26.55725860595703,214.33018493652344,8.203903198242188
262.0,16.875,59.13267517089844,84.14639282226562,26.609939575195312,216.34829711914062,8.203903198242188
263.0,16.875,57.90373229980469,83.1578140258789,26.642152786254883,217.6029815673828,8.203903198242188
264.0,16.875,56.46385955810547,82.22370147705078,26.67989158630371,219.08436584472656,8.203903198242188
265.0,16.875,55.70106506347656,81.29351806640625,26.69988441467285,219.90509033203125,8.203903198242188
266.0,16.875,55.05659866333008,80.38078308105469,26.716777801513672,220.623046875,8.203903198242188
267.0,16.875,54.72592544555664,79.45913696289062,26.72544288635254,221.0437774658203,8.203903198242188
268.0,16.875,54.690189361572266,78.51483154296875,26.72637939453125,221.18722534179688,8.203903198242188
269.0,16.875,56.68166732788086,77.29188537597656,26.67418098449707,219.34024047851562,8.203903198242188
