angle,vert_angle,dist,x,y,z,height
288.0,16.875,9.411894798278809,7.558350086212158,14.260563850402832,118.18135070800781,13.643305778503418
