angle,vert_angle,dist,x,y,z,height
294.0,-22.5,49.70397186279297,141.0703887939453,8.321168899536133,61.26151657104492,7.969572067260742
295.0,-22.5,49.53616714477539,141.77098083496094,8.323636054992676,60.725650787353516,7.969572067260742
296.0,-22.5,49.40011215209961,142.47439575195312,8.32563591003418,60.20703887939453,7.969572067260742
297.0,-22.5,49.153465270996094,143.11305236816406,8.329261779785156,59.58059310913086,7.969572067260742
298.0,-22.5,48.998653411865234,143.78277587890625,8.331538200378418,59.02476501464844,7.969572067260742
299.0,-22.5,49.00565719604492,144.52354431152344,8.331435203552246,58.59749221801758,7.969572067260742
300.0,-22.5,48.81181716918945,145.15060424804688,8.334285736083984,57.986881256103516,7.969572067260742
301.0,-22.5,48.65081787109375,145.7819061279297,8.336652755737305,57.39478302001953,7.969572067260742
302.0,-22.5,48.819400787353516,146.58447265625,8.334174156188965,57.06668472290039,7.969572067260742
303.0,-22.5,48.800540924072266,147.2762451171875,8.334450721740723,56.569339752197266,7.969572067260742
304.0,-22.5,48.92068862915039,148.04055786132812,8.332685470581055,56.1727180480957,7.969572067260742
305.0,-22.5,49.08649444580078,148.8269500732422,8.330246925354004,55.79806137084961,7.969572067260742
306.0,-22.5,49.04177474975586,149.4795379638672,8.330904006958008,55.241973876953125,7.969572067260742
307.0,-22.5,49.02757263183594,150.14093017578125,8.3311128616333,54.69878005981445,7.969572067260742
308.0,-22.5,49.39215087890625,151.0356903076172,8.325753211975098,54.434661865234375,7.969572067260742
309.0,-22.5,49.53973388671875,151.78836059570312,8.323583602905273,53.98695373535156,7.969572067260742
310.0,-22.5,49.52415084838867,152.42596435546875,8.323812484741211,53.40314483642578,7.969572067260742
