angle,vert_angle,dist,x,y,z,height
332.0,5.625,13.321798324584961,33.56295394897461,54.752540588378906,85.25018310546875,66.37126159667969
351.0,-16.875,19.673065185546875,27.464420318603516,46.88835525512695,87.7651596069336,66.37126159667969
350.0,-22.5,43.68864059448242,18.31385612487793,25.255508422851562,82.21121215820312,66.37126159667969
351.0,-22.5,49.488990783691406,15.891109466552734,20.15566635131836,80.82719421386719,66.37126159667969
