angle,vert_angle,dist,x,y,z,height
169.0,22.5,44.41698455810547,9.779325485229492,14.876262664794922,109.234375,9.500057220458984
314.0,22.5,7.513404369354248,16.01261329650879,9.43230152130127,59.423274993896484,9.500057220458984
