angle,vert_angle,dist,x,y,z,height
335.0,-22.5,26.64036750793457,164.45057678222656,51.07170867919922,132.38046264648438,38.236045837402344
336.0,-22.5,26.175642013549805,164.00271606445312,51.095741271972656,132.8565673828125,38.236045837402344
337.0,-22.5,26.038482666015625,163.5541534423828,51.10283279418945,133.0133819580078,38.236045837402344
338.0,-22.5,25.70203399658203,163.12469482421875,51.12023162841797,133.3763885498047,38.236045837402344
339.0,-22.5,25.829059600830078,162.66702270507812,51.11366271972656,133.28529357910156,38.236045837402344
340.0,-22.5,25.704801559448242,162.23190307617188,51.12009048461914,133.4519805908203,38.236045837402344
341.0,-22.5,25.291244506835938,161.83721923828125,51.141475677490234,133.91273498535156,38.236045837402344
342.0,-22.5,25.675447463989258,161.34669494628906,51.12160873413086,133.5904541015625,38.236045837402344
343.0,-22.5,25.82698631286621,160.88038635253906,51.11376953125,133.50726318359375,38.236045837402344
344.0,-22.5,25.719017028808594,160.45518493652344,51.119354248046875,133.6878662109375,38.236045837402344
345.0,-22.5,26.270442962646484,159.90921020507812,51.09083938598633,133.22914123535156,38.236045837402344
346.0,-22.5,26.681522369384766,159.3750762939453,51.069580078125,132.9190216064453,38.236045837402344
347.0,-22.5,27.609739303588867,158.7122802734375,51.021583557128906,132.1166534423828,38.236045837402344
