angle,vert_angle,dist,x,y,z,height
245.0,0.0,45.6130256652832,59.557861328125,27.333213806152344,116.44123840332031,63.56612014770508
246.0,0.0,46.92121505737305,60.5050163269043,26.366161346435547,116.8592529296875,63.56612014770508
247.0,0.0,48.1775016784668,61.4512939453125,25.43747329711914,117.22345733642578,63.56612014770508
248.0,0.0,49.13140869140625,62.29310607910156,24.732311248779297,117.3996810913086,63.56612014770508
249.0,0.0,49.9833869934082,63.10449981689453,24.10250473022461,117.5002670288086,63.56612014770508
260.0,-5.625,43.6365966796875,61.326019287109375,26.480571746826172,109.68433380126953,63.56612014770508
261.0,-5.625,45.97475051879883,62.682151794433594,24.628154754638672,110.3354721069336,63.56612014770508
262.0,-5.625,47.647605895996094,63.76782989501953,23.30282974243164,110.669677734375,63.56612014770508
263.0,-5.625,48.780426025390625,64.62487030029297,22.405345916748047,110.75273132324219,63.56612014770508
264.0,-5.625,49.945491790771484,65.506103515625,21.482322692871094,110.82453155517578,63.56612014770508
11.0,-11.25,46.852638244628906,54.56077194213867,21.80591583251953,68.46764373779297,63.56612014770508
278.0,-11.25,46.589454650878906,64.09667205810547,22.02637481689453,104.24126434326172,63.56612014770508
279.0,-11.25,48.48194122314453,65.21627807617188,20.441143035888672,104.38365936279297,63.56612014770508
280.0,-11.25,49.9153938293457,66.12881469726562,19.24041748046875,104.36769104003906,63.56612014770508
301.0,-16.875,46.823909759521484,64.3038101196289,20.082286834716797,96.74925231933594,63.56612014770508
302.0,-16.875,48.99302291870117,65.42135620117188,18.184371948242188,96.61549377441406,63.56612014770508
345.0,-16.875,49.5506591796875,63.31409454345703,17.696460723876953,79.25444030761719,63.56612014770508
346.0,-16.875,48.05928039550781,62.48255157470703,19.001373291015625,79.25457000732422,63.56612014770508
347.0,-16.875,46.31932830810547,61.554683685302734,20.52377700805664,79.34249877929688,63.56612014770508
348.0,-16.875,44.19822311401367,60.48013687133789,22.379680633544922,79.55754852294922,63.56612014770508
