angle,vert_angle,dist,x,y,z,height
0.0,22.5,33.77407455444336,32.01997756958008,65.18051147460938,98.23454284667969,15.68635082244873
1.0,22.5,33.19050216674805,31.958168029785156,64.7982177734375,97.6136474609375,15.68635082244873
2.0,22.5,32.708499908447266,31.941421508789062,64.48245239257812,97.04698944091797,15.68635082244873
3.0,22.5,32.35134506225586,31.986494064331055,64.24848175048828,96.54222106933594,15.68635082244873
4.0,22.5,32.078224182128906,32.071475982666016,64.0695571899414,96.07767486572266,15.68635082244873
5.0,22.5,31.838359832763672,32.16689682006836,63.91242218017578,95.62897491455078,15.68635082244873
6.0,22.5,31.626602172851562,32.270347595214844,63.77370071411133,95.19309997558594,15.68635082244873
7.0,22.5,31.46900177001953,32.39904022216797,63.67045974731445,94.77996826171875,15.68635082244873
8.0,22.5,31.36526870727539,32.55399703979492,63.602500915527344,94.38784790039062,15.68635082244873
9.0,22.5,31.3720645904541,32.77312469482422,63.60694885253906,94.03697967529297,15.68635082244873
10.0,22.5,31.366897583007812,32.97829818725586,63.60356903076172,93.67776489257812,15.68635082244873
11.0,22.5,31.510597229003906,33.27572250366211,63.69770812988281,93.36923217773438,15.68635082244873
12.0,22.5,31.682823181152344,33.587684631347656,63.81053161621094,93.06393432617188,15.68635082244873
13.0,22.5,31.890689849853516,33.919349670410156,63.94670486450195,92.76335144042969,15.68635082244873
14.0,22.5,32.238380432128906,34.342063903808594,64.17447662353516,92.50050354003906,15.68635082244873
15.0,22.5,32.581077575683594,34.758663177490234,64.39897918701172,92.2245864868164,15.68635082244873
16.0,22.5,33.00807189941406,35.230525970458984,64.67870330810547,91.96300506591797,15.68635082244873
358.0,22.5,35.9962158203125,32.690364837646484,66.63623809814453,100.02755737304688,15.68635082244873
359.0,22.5,34.42484664916992,32.10441207885742,65.6068344116211,98.89545440673828,15.68635082244873
