angle,vert_angle,dist,x,y,z,height
346.0,-22.5,74.17205810546875,170.83438110351562,46.9625244140625,129.66799926757812,15.617687225341797
347.0,-22.5,69.77676391601562,171.76101684570312,46.52804183959961,134.121337890625,15.617687225341797
348.0,-22.5,68.36412048339844,171.3839874267578,46.38840103149414,135.93040466308594,15.617687225341797
349.0,-22.5,67.23102569580078,170.91993713378906,46.276390075683594,137.49322509765625,15.617687225341797
350.0,-22.5,66.53675842285156,170.27394104003906,46.207763671875,138.6803436279297,15.617687225341797
351.0,-22.5,66.3441162109375,169.3929443359375,46.188720703125,139.44985961914062,15.617687225341797
352.0,-22.5,66.26214599609375,168.46804809570312,46.18061828613281,140.1406707763672,15.617687225341797
353.0,-22.5,66.30885314941406,167.48455810546875,46.18523406982422,140.74082946777344,15.617687225341797
354.0,-22.5,66.40965270996094,166.47999572753906,46.19519805908203,141.3145294189453,15.617687225341797
355.0,-22.5,67.07030487060547,165.15509033203125,46.26050567626953,141.45716857910156,15.617687225341797
356.0,-22.5,67.76388549804688,163.80384826660156,46.329063415527344,141.6036834716797,15.617687225341797
357.0,-22.5,68.57861328125,162.37130737304688,46.40959930419922,141.68637084960938,15.617687225341797
358.0,-22.5,70.34367370605469,160.3316192626953,46.58407974243164,141.07009887695312,15.617687225341797
359.0,-22.5,72.7750244140625,157.82992553710938,46.82442855834961,140.00271606445312,15.617687225341797
