angle,vert_angle,dist,x,y,z,height
108.0,-22.5,49.70647430419922,177.62997436523438,8.30376148223877,246.00241088867188,7.96962308883667
109.0,-22.5,49.069950103759766,177.05174255371094,8.313116073608398,246.9043731689453,7.96962308883667
110.0,-22.5,48.739280700683594,176.38314819335938,8.317974090576172,247.52938842773438,7.96962308883667
111.0,-22.5,48.80430603027344,175.57379150390625,8.31701946258545,247.80059814453125,7.96962308883667
112.0,-22.5,48.83020782470703,174.78439331054688,8.316638946533203,248.1219940185547,7.96962308883667
113.0,-22.5,48.71701431274414,174.05995178222656,8.3183012008667,248.58294677734375,7.96962308883667
114.0,-22.5,49.10612487792969,173.12217712402344,8.312583923339844,248.605712890625,7.96962308883667
115.0,-22.5,49.20747375488281,172.31126403808594,8.311094284057617,248.90338134765625,7.96962308883667
116.0,-22.5,49.547550201416016,171.39060974121094,8.306097030639648,249.00599670410156,7.96962308883667
117.0,-22.5,49.97072982788086,170.42591857910156,8.299877166748047,249.0551300048828,7.96962308883667
