angle,vert_angle,dist,x,y,z,height
115.0,22.5,49.780277252197266,174.27801513671875,8.550507545471191,245.763671875,7.932281494140625
116.0,22.5,49.79560470581055,173.46212768554688,8.550390243530273,246.06298828125,7.932281494140625
