angle,vert_angle,dist,x,y,z,height
0.0,-22.5,36.4963493347168,169.4291229248047,48.36344909667969,132.29043579101562,21.082263946533203
1.0,-22.5,35.96207046508789,169.69775390625,48.16423034667969,133.01002502441406,21.082263946533203
2.0,-22.5,35.703094482421875,169.73904418945312,48.067665100097656,133.63673400878906,21.082263946533203
3.0,-22.5,35.61214828491211,169.64361572265625,48.03375244140625,134.2124786376953,21.082263946533203
4.0,-22.5,35.62434005737305,169.466796875,48.03830337524414,134.76162719726562,21.082263946533203
5.0,-22.5,35.53392791748047,169.39138793945312,48.00458526611328,135.3389892578125,21.082263946533203
6.0,-22.5,35.820037841796875,168.98779296875,48.11127471923828,135.83030700683594,21.082263946533203
7.0,-22.5,36.348697662353516,168.3726348876953,48.30839157104492,136.2816162109375,21.082263946533203
8.0,-22.5,37.28553009033203,167.39341735839844,48.657711029052734,136.67173767089844,21.082263946533203
358.0,-22.5,38.49535369873047,168.13999938964844,49.108821868896484,130.4870147705078,21.082263946533203
359.0,-22.5,36.748504638671875,169.42018127441406,48.45746994018555,131.65292358398438,21.082263946533203
