angle,vert_angle,dist,x,y,z,height
97.0,-16.875,49.5352783203125,36.40885925292969,69.7822494506836,98.8131332397461,8.791266441345215
98.0,-16.875,48.55372619628906,37.660987854003906,69.9539794921875,98.536865234375,8.791266441345215
99.0,-16.875,48.46794128417969,38.38892364501953,69.968994140625,98.95174407958984,8.791266441345215
100.0,-16.875,49.100547790527344,38.72761154174805,69.85830688476562,99.93965911865234,8.791266441345215
92.0,-22.5,47.27013397216797,35.581153869628906,67.05143737792969,94.41676330566406,8.791266441345215
93.0,-22.5,45.61806106567383,37.22178649902344,67.44976806640625,93.71131896972656,8.791266441345215
94.0,-22.5,44.83628845214844,38.295650482177734,67.63827514648438,93.6150131225586,8.791266441345215
95.0,-22.5,44.50703811645508,39.086341857910156,67.71766662597656,93.83732604980469,8.791266441345215
96.0,-22.5,44.259315490722656,39.82865524291992,67.77738952636719,94.10550689697266,8.791266441345215
97.0,-22.5,44.24962615966797,40.436058044433594,67.77971649169922,94.54485321044922,8.791266441345215
98.0,-22.5,44.427276611328125,40.94636535644531,67.73689270019531,95.12218475341797,8.791266441345215
99.0,-22.5,44.658729553222656,41.43989181518555,67.68108367919922,95.73548126220703,8.791266441345215
100.0,-22.5,45.01108932495117,41.88323211669922,67.59613037109375,96.44053649902344,8.791266441345215
101.0,-22.5,45.613922119140625,42.21466064453125,67.45076751708984,97.34688568115234,8.791266441345215
102.0,-22.5,46.34119415283203,42.508174896240234,67.2754135131836,98.35607147216797,8.791266441345215
103.0,-22.5,47.34300231933594,42.6962776184082,67.03386688232422,99.5967788696289,8.791266441345215
104.0,-22.5,48.97294616699219,42.624290466308594,66.64085388183594,101.37505340576172,8.791266441345215
