angle,vert_angle,dist,x,y,z,height
288.0,22.5,96.3526382446289,161.64132690429688,43.73413848876953,119.58393096923828,41.05447769165039
289.0,22.5,94.08882141113281,164.20936584472656,44.35401916503906,120.42070770263672,41.05447769165039
290.0,22.5,92.63821411132812,166.04290771484375,44.75121307373047,121.44081115722656,41.05447769165039
291.0,22.5,91.68171691894531,167.4411163330078,45.013126373291016,122.57412719726562,41.05447769165039
292.0,22.5,90.89886474609375,168.69793701171875,45.22748947143555,123.72976684570312,41.05447769165039
293.0,22.5,90.30034637451172,169.80625915527344,45.39137268066406,124.91968536376953,41.05447769165039
294.0,22.5,89.9965591430664,170.6717071533203,45.474552154541016,126.19490051269531,41.05447769165039
295.0,22.5,89.8040542602539,171.45999145507812,45.52726745605469,127.49496459960938,41.05447769165039
296.0,22.5,89.76631927490234,172.1353759765625,45.53759002685547,128.84280395507812,41.05447769165039
297.0,22.5,90.015869140625,172.58712768554688,45.46926498413086,130.30235290527344,41.05447769165039
298.0,22.5,90.33262634277344,173.00900268554688,45.382530212402344,131.78765869140625,41.05447769165039
299.0,22.5,90.89155578613281,173.2550048828125,45.22948455810547,133.38197326660156,41.05447769165039
300.0,22.5,91.70999908447266,173.316650390625,45.0053825378418,135.10377502441406,41.05447769165039
301.0,22.5,92.72843933105469,173.2499237060547,44.72650909423828,136.9344024658203,41.05447769165039
302.0,22.5,94.1825942993164,172.86761474609375,44.328338623046875,139.00099182128906,41.05447769165039
303.0,22.5,96.22440338134766,172.05902099609375,43.76926040649414,141.4001922607422,41.05447769165039
304.0,22.5,98.99591064453125,170.72756958007812,43.01036834716797,144.2315673828125,41.05447769165039
