angle,vert_angle,dist,x,y,z,height
86.0,-22.5,45.78838348388672,37.20949172973633,67.79425048828125,94.33972930908203,8.468612670898438
87.0,-22.5,44.726097106933594,38.49100112915039,68.03497314453125,94.19831085205078,8.468612670898438
88.0,-22.5,44.32475280761719,39.29764175415039,68.12592315673828,94.47221374511719,8.468612670898438
89.0,-22.5,44.15735626220703,39.94419860839844,68.16385650634766,94.88948822021484,8.468612670898438
90.0,-22.5,44.137516021728516,40.49685287475586,68.16835021972656,95.39756774902344,8.468612670898438
91.0,-22.5,44.18330383300781,41.01479721069336,68.1579818725586,95.9427719116211,8.468612670898438
92.0,-22.5,44.45783233642578,41.394927978515625,68.09576416015625,96.64604949951172,8.468612670898438
93.0,-22.5,44.95654296875,41.6487922668457,67.98274993896484,97.51152801513672,8.468612670898438
94.0,-22.5,45.36414337158203,41.980735778808594,67.890380859375,98.30948638916016,8.468612670898438
95.0,-22.5,46.20301818847656,42.070064544677734,67.70028686523438,99.43433380126953,8.468612670898438
96.0,-22.5,47.16304397583008,42.11827087402344,67.48273468017578,100.6597671508789,8.468612670898438
97.0,-22.5,48.68061065673828,41.87734603881836,67.13883209228516,102.33013916015625,8.468612670898438
