angle,vert_angle,dist,x,y,z,height
60.0,-22.5,67.01541900634766,80.92684936523438,27.260217666625977,214.6632843017578,8.0630464553833
61.0,-22.5,67.04806518554688,79.86177062988281,27.259857177734375,214.17828369140625,8.0630464553833
