angle,vert_angle,dist,x,y,z,height
91.0,-22.5,46.499412536621094,36.66881561279297,67.98941040039062,94.85216522216797,8.688669204711914
92.0,-22.5,45.462432861328125,37.92790222167969,68.21939086914062,94.62991333007812,8.688669204711914
93.0,-22.5,44.82021713256836,38.918373107910156,68.36182403564453,94.66568756103516,8.688669204711914
94.0,-22.5,44.63569641113281,39.61558532714844,68.40274047851562,95.0202407836914,8.688669204711914
95.0,-22.5,44.664527893066406,40.186214447021484,68.39634704589844,95.52281188964844,8.688669204711914
96.0,-22.5,44.76225280761719,40.724788665771484,68.37467956542969,96.06877136230469,8.688669204711914
97.0,-22.5,45.080963134765625,41.14519500732422,68.30399322509766,96.77890014648438,8.688669204711914
98.0,-22.5,45.56039810180664,41.490718841552734,68.19766235351562,97.61196899414062,8.688669204711914
99.0,-22.5,46.15727996826172,41.79213333129883,68.06529235839844,98.53770446777344,8.688669204711914
100.0,-22.5,47.085018157958984,41.93879699707031,67.85954284667969,99.73198699951172,8.688669204711914
101.0,-22.5,48.60663604736328,41.80618667602539,67.52207946777344,101.41920471191406,8.688669204711914
