angle,vert_angle,dist,x,y,z,height
285.0,-16.875,38.01034927368164,161.86917114257812,51.55988693237305,130.86923217773438,34.61104202270508
286.0,-16.875,38.055023193359375,161.20587158203125,51.55714416503906,130.9003143310547,34.61104202270508
281.0,-22.5,36.629024505615234,164.316650390625,51.096824645996094,132.1080780029297,34.61104202270508
282.0,-22.5,36.06071472167969,163.71383666992188,51.140159606933594,132.70616149902344,34.61104202270508
283.0,-22.5,35.81273651123047,163.10678100585938,51.1590690612793,132.99554443359375,34.61104202270508
284.0,-22.5,35.676490783691406,162.4986572265625,51.16946029663086,133.1842041015625,34.61104202270508
285.0,-22.5,35.41062927246094,161.9107666015625,51.18973159790039,133.51162719726562,34.61104202270508
286.0,-22.5,35.54640579223633,161.28155517578125,51.179378509521484,133.4515838623047,34.61104202270508
287.0,-22.5,35.664981842041016,160.65155029296875,51.17033767700195,133.41983032226562,34.61104202270508
288.0,-22.5,36.08415985107422,159.97000122070312,51.138370513916016,133.10369873046875,34.61104202270508
289.0,-22.5,36.77257537841797,159.2273406982422,51.08587646484375,132.5367431640625,34.61104202270508
290.0,-22.5,37.61266326904297,158.4331817626953,51.021820068359375,131.8368682861328,34.61104202270508
