angle,vert_angle,dist,x,y,z,height
73.0,-5.625,10.406641006469727,91.05075073242188,23.053123474121094,216.2192840576172,18.250812530517578
