angle,vert_angle,dist,x,y,z,height
56.0,22.5,64.34447479248047,259.4205322265625,45.717002868652344,97.25454711914062,9.110271453857422
57.0,22.5,64.06999969482422,259.2447509765625,45.79356384277344,96.16062927246094,9.110271453857422
58.0,22.5,63.73950958251953,258.99591064453125,45.885746002197266,95.07160186767578,9.110271453857422
59.0,22.5,64.44261932373047,259.7197265625,45.68962860107422,94.0295639038086,9.110271453857422
281.0,22.5,54.30640411376953,157.84942626953125,48.516845703125,125.15477752685547,9.110271453857422
282.0,22.5,53.03571701049805,159.36172485351562,48.87127685546875,125.04984283447266,9.110271453857422
283.0,22.5,52.08495330810547,160.62913513183594,49.1364631652832,125.10762786865234,9.110271453857422
284.0,22.5,51.368011474609375,161.72201538085938,49.33643341064453,125.28424072265625,9.110271453857422
285.0,22.5,50.98070526123047,162.5813446044922,49.444461822509766,125.65237426757812,9.110271453857422
286.0,22.5,50.650665283203125,163.4034423828125,49.53651809692383,126.03961181640625,9.110271453857422
287.0,22.5,50.45165252685547,164.14064025878906,49.59202575683594,126.4988784790039,9.110271453857422
288.0,22.5,50.26641082763672,164.87428283691406,49.64369201660156,126.95256805419922,9.110271453857422
289.0,22.5,50.25423049926758,165.50193786621094,49.647090911865234,127.5145034790039,9.110271453857422
290.0,22.5,50.361732482910156,166.06356811523438,49.61711120605469,128.15184020996094,9.110271453857422
291.0,22.5,50.47793197631836,166.6322021484375,49.584693908691406,128.78683471679688,9.110271453857422
292.0,22.5,50.754669189453125,167.11602783203125,49.507511138916016,129.53262329101562,9.110271453857422
293.0,22.5,51.089561462402344,167.58197021484375,49.414100646972656,130.31671142578125,9.110271453857422
294.0,22.5,51.62964630126953,167.9469757080078,49.263458251953125,131.25303649902344,9.110271453857422
295.0,22.5,52.31008529663086,168.25607299804688,49.07366943359375,132.297119140625,9.110271453857422
296.0,22.5,53.001529693603516,168.58653259277344,48.88080596923828,133.35093688964844,9.110271453857422
297.0,22.5,54.319217681884766,168.60740661621094,48.513275146484375,134.9031982421875,9.110271453857422
298.0,22.5,56.37804412841797,168.28475952148438,47.93902587890625,137.0631103515625,9.110271453857422
