angle,vert_angle,dist,x,y,z,height
147.0,11.25,49.45115661621094,63.488521575927734,23.859079360961914,117.06946563720703,52.98048400878906
148.0,5.625,49.56497573852539,65.34461212158203,22.38814926147461,114.80317687988281,52.98048400878906
142.0,-16.875,49.1298828125,67.54031372070312,19.285253524780273,109.50273895263672,52.98048400878906
139.0,-22.5,49.539947509765625,67.99127960205078,18.857738494873047,109.32499694824219,52.98048400878906
