angle,vert_angle,dist,x,y,z,height
148.0,22.5,48.6009521484375,1.6784844398498535,8.970860481262207,122.98799133300781,9.741071701049805
149.0,22.5,45.76765441894531,2.8053219318389893,8.94852352142334,120.26129913330078,9.741071701049805
150.0,22.5,42.981224060058594,3.8312735557556152,8.926560401916504,117.55754089355469,9.741071701049805
