angle,vert_angle,dist,x,y,z,height
101.0,-16.875,48.99432373046875,37.558433532714844,69.69568634033203,97.70418548583984,8.943391799926758
102.0,-16.875,48.70524597167969,38.42692565917969,69.74772644042969,97.87706756591797,8.943391799926758
103.0,-16.875,48.878787994384766,39.076934814453125,69.71648406982422,98.43234252929688,8.943391799926758
104.0,-16.875,49.53459930419922,39.52017593383789,69.59843444824219,99.39840698242188,8.943391799926758
96.0,-22.5,47.44110107421875,35.89932632446289,66.98625183105469,94.0679702758789,8.943391799926758
97.0,-22.5,46.24578857421875,37.20574951171875,67.27672576904297,93.55177307128906,8.943391799926758
98.0,-22.5,45.525291442871094,38.23808288574219,67.45182037353516,93.38997650146484,8.943391799926758
99.0,-22.5,45.24354934692383,39.034297943115234,67.5202865600586,93.56632995605469,8.943391799926758
100.0,-22.5,45.070892333984375,39.77555847167969,67.56224060058594,93.8174057006836,8.943391799926758
101.0,-22.5,45.04625701904297,40.44771957397461,67.56822967529297,94.1789321899414,8.943391799926758
102.0,-22.5,45.186859130859375,41.04906463623047,67.53406524658203,94.66923522949219,8.943391799926758
103.0,-22.5,45.585533142089844,41.54512405395508,67.43717956542969,95.37200927734375,8.943391799926758
104.0,-22.5,45.955963134765625,42.07162857055664,67.34716033935547,96.0445785522461,8.943391799926758
105.0,-22.5,46.72692108154297,42.44775390625,67.1598129272461,97.06108856201172,8.943391799926758
106.0,-22.5,47.704429626464844,42.770076751708984,66.92225646972656,98.25862884521484,8.943391799926758
107.0,-22.5,48.99791717529297,43.00580978393555,66.60792541503906,99.73805236816406,8.943391799926758
