angle,vert_angle,dist,x,y,z,height
321.0,-22.5,26.588106155395508,164.38343811035156,51.076568603515625,132.4528045654297,38.25293731689453
322.0,-22.5,26.187524795532227,163.93544006347656,51.10091018676758,132.86570739746094,38.25293731689453
323.0,-22.5,26.070871353149414,163.48611450195312,51.108001708984375,133.00306701660156,38.25293731689453
324.0,-22.5,25.797021865844727,163.05264282226562,51.12464141845703,133.3046112060547,38.25293731689453
325.0,-22.5,25.851051330566406,162.59986877441406,51.12135696411133,133.28733825683594,38.25293731689453
326.0,-22.5,25.741579055786133,162.16343688964844,51.12800979614258,133.44032287597656,38.25293731689453
327.0,-22.5,25.32945442199707,161.7692108154297,51.15305709838867,133.90042114257812,38.25293731689453
328.0,-22.5,25.75484848022461,161.2716827392578,51.12720489501953,133.53884887695312,38.25293731689453
329.0,-22.5,25.833036422729492,160.81570434570312,51.12245559692383,133.52928161621094,38.25293731689453
330.0,-22.5,25.87449073791504,160.36474609375,51.11993408203125,133.56399536132812,38.25293731689453
331.0,-22.5,26.355648040771484,159.82888793945312,51.090694427490234,133.1761016845703,38.25293731689453
332.0,-22.5,26.87179946899414,159.27076721191406,51.059329986572266,132.76516723632812,38.25293731689453
333.0,-22.5,27.695449829101562,158.626953125,51.009273529052734,132.06712341308594,38.25293731689453
