angle,vert_angle,dist,x,y,z,height
335.0,-22.5,26.65978240966797,165.364013671875,50.5756721496582,132.38560485839844,38.26408767700195
336.0,-22.5,25.411434173583984,164.90090942382812,50.66032028198242,133.62744140625,38.26408767700195
337.0,-22.5,24.87718391418457,164.4682159423828,50.6965446472168,134.1646270751953,38.26408767700195
338.0,-22.5,24.69741439819336,164.04161071777344,50.708736419677734,134.3555908203125,38.26408767700195
339.0,-22.5,24.610855102539062,163.61659240722656,50.714603424072266,134.46096801757812,38.26408767700195
340.0,-22.5,24.420866012573242,163.20225524902344,50.72748947143555,134.6765899658203,38.26408767700195
341.0,-22.5,24.31085968017578,162.78802490234375,50.734947204589844,134.8196563720703,38.26408767700195
342.0,-22.5,24.18939971923828,162.37945556640625,50.74318313598633,134.98110961914062,38.26408767700195
343.0,-22.5,24.326313018798828,161.94422912597656,50.7338981628418,134.8936004638672,38.26408767700195
344.0,-22.5,24.445865631103516,161.50759887695312,50.725791931152344,134.83116149902344,38.26408767700195
345.0,-22.5,24.644575119018555,161.05548095703125,50.712318420410156,134.69866943359375,38.26408767700195
346.0,-22.5,24.710161209106445,160.62086486816406,50.70787048339844,134.7054443359375,38.26408767700195
347.0,-22.5,24.902198791503906,160.1611328125,50.69485092163086,134.59619140625,38.26408767700195
348.0,-22.5,25.209484100341797,159.67230224609375,50.67401123046875,134.38319396972656,38.26408767700195
349.0,-22.5,25.73074722290039,159.12637329101562,50.638668060302734,133.97195434570312,38.26408767700195
350.0,-22.5,26.119640350341797,158.5966033935547,50.61229705810547,133.70054626464844,38.26408767700195
351.0,-22.5,26.32259178161621,158.10379028320312,50.59853744506836,133.61927795410156,38.26408767700195
