angle,vert_angle,dist,x,y,z,height
89.0,22.5,36.91502380371094,38.29185104370117,69.53445434570312,102.39311218261719,8.97675609588623
90.0,22.5,36.00682067871094,37.26463317871094,69.74654388427734,102.06526947021484,8.97675609588623
91.0,22.5,35.7938232421875,36.876548767089844,69.79627990722656,101.55199432373047,8.97675609588623
92.0,22.5,35.63916778564453,36.53412628173828,69.8323974609375,101.02973937988281,8.97675609588623
93.0,22.5,35.64192199707031,36.32661819458008,69.83175659179688,100.46160125732422,8.97675609588623
94.0,22.5,35.810585021972656,36.25897216796875,69.79236602783203,99.83717346191406,8.97675609588623
95.0,22.5,36.00307083129883,36.20070266723633,69.74742126464844,99.202392578125,8.97675609588623
96.0,22.5,36.51521682739258,36.41442108154297,69.62781524658203,98.44020080566406,8.97675609588623
97.0,22.5,37.12813186645508,36.70016098022461,69.48468017578125,97.62535095214844,8.97675609588623
98.0,22.5,38.08828353881836,37.27112579345703,69.26045989990234,96.64920043945312,8.97675609588623
