angle,vert_angle,dist,x,y,z,height
285.0,-16.875,38.010162353515625,161.86923217773438,51.55983352661133,130.8694305419922,34.6443977355957
286.0,-16.875,38.05488204956055,161.20594787597656,51.557090759277344,130.9004669189453,34.6443977355957
281.0,-22.5,36.628326416015625,164.3167266845703,51.09680938720703,132.10879516601562,34.6443977355957
282.0,-22.5,36.060455322265625,163.71388244628906,51.140113830566406,132.70643615722656,34.6443977355957
283.0,-22.5,35.8126335144043,163.10682678222656,51.15901184082031,132.99566650390625,34.6443977355957
284.0,-22.5,35.67636489868164,162.4987335205078,51.169403076171875,133.18434143066406,34.6443977355957
285.0,-22.5,35.41036605834961,161.91082763671875,51.1896858215332,133.51190185546875,34.6443977355957
286.0,-22.5,35.54628372192383,161.28160095214844,51.1793212890625,133.45172119140625,34.6443977355957
287.0,-22.5,35.66474151611328,160.65162658691406,51.1702880859375,133.42007446289062,34.6443977355957
288.0,-22.5,36.08390808105469,159.9700927734375,51.13832473754883,133.1039581298828,34.6443977355957
289.0,-22.5,36.772151947021484,159.2274627685547,51.08584213256836,132.53717041015625,34.6443977355957
290.0,-22.5,37.6124153137207,158.43328857421875,51.02177047729492,131.8371124267578,34.6443977355957
