angle,vert_angle,dist,x,y,z,height
354.0,22.5,28.9695987701416,9.635878562927246,15.22137451171875,110.93639373779297,20.2243595123291
355.0,22.5,20.974477767944336,11.849382400512695,16.476886749267578,103.34517669677734,20.2243595123291
357.0,16.875,22.03929901123047,12.351150512695312,18.440847396850586,104.75957489013672,20.2243595123291
0.0,11.25,18.57581901550293,13.943032264709473,20.456872940063477,101.53500366210938,20.2243595123291
359.0,11.25,24.949939727783203,12.675718307495117,20.692359924316406,107.78871154785156,20.2243595123291
2.0,5.625,19.492595672607422,14.492509841918945,22.38004493713379,102.35725402832031,20.2243595123291
4.0,0.0,22.282772064208984,14.96277904510498,24.88457489013672,104.77420806884766,20.2243595123291
5.0,0.0,16.470972061157227,15.61192798614502,23.55074691772461,99.14549255371094,20.2243595123291
7.0,-5.625,18.44161033630371,16.08519172668457,25.72591781616211,100.58367919921875,20.2243595123291
8.0,-5.625,15.30923843383789,16.388240814208984,24.71438217163086,97.62162780761719,20.2243595123291
10.0,-11.25,17.94472885131836,16.86956214904785,27.186132431030273,99.46613311767578,20.2243595123291
11.0,-11.25,14.729829788208008,17.015893936157227,25.857593536376953,96.53084564208984,20.2243595123291
13.0,-16.875,18.766464233398438,17.595914840698242,29.14590835571289,99.34392547607422,20.2243595123291
14.0,-16.875,15.953039169311523,17.654075622558594,27.74038314819336,96.8934326171875,20.2243595123291
16.0,-22.5,21.975191116333008,18.47368049621582,32.5404167175293,100.893798828125,20.2243595123291
17.0,-22.5,18.234466552734375,18.37433624267578,30.366680145263672,97.83784484863281,20.2243595123291
18.0,-22.5,16.068248748779297,18.363372802734375,29.107885360717773,96.05825805664062,20.2243595123291
