angle,vert_angle,dist,x,y,z,height
299.0,22.5,49.86012649536133,142.03921508789062,8.357392311096191,60.93510437011719,7.967410564422607
300.0,22.5,49.78649139404297,142.77520751953125,8.358417510986328,60.46633529663086,7.967410564422607
301.0,22.5,49.49690628051758,143.39657592773438,8.362451553344727,59.796836853027344,7.967410564422607
302.0,22.5,49.31318664550781,144.0549774169922,8.365010261535645,59.21061325073242,7.967410564422607
303.0,22.5,49.277347564697266,144.77676391601562,8.365510940551758,58.741180419921875,7.967410564422607
304.0,22.5,49.120994567871094,145.4255828857422,8.367688179016113,58.15752410888672,7.967410564422607
305.0,22.5,49.162841796875,146.17019653320312,8.367105484008789,57.73003387451172,7.967410564422607
306.0,22.5,49.187095642089844,146.89797973632812,8.366767883300781,57.27463912963867,7.967410564422607
307.0,22.5,49.09636688232422,147.55186462402344,8.36803150177002,56.71236038208008,7.967410564422607
308.0,22.5,49.262550354003906,148.34608459472656,8.365716934204102,56.34711456298828,7.967410564422607
309.0,22.5,49.44646453857422,149.1468505859375,8.363154411315918,55.980464935302734,7.967410564422607
310.0,22.5,49.47102355957031,149.84518432617188,8.362812995910645,55.47264099121094,7.967410564422607
311.0,22.5,49.41838836669922,150.4861602783203,8.363546371459961,54.89257049560547,7.967410564422607
312.0,22.5,49.80978775024414,151.40252685546875,8.358094215393066,54.641334533691406,7.967410564422607
313.0,22.5,49.95703887939453,152.1588897705078,8.356042861938477,54.18588638305664,7.967410564422607
