angle,vert_angle,dist,x,y,z,height
155.0,-11.25,47.04728698730469,60.88108444213867,25.50289535522461,119.27784729003906,55.446746826171875
156.0,-11.25,49.26188659667969,62.467960357666016,24.413637161254883,120.59504699707031,55.446746826171875
159.0,-16.875,46.80847930908203,64.0680160522461,23.384450912475586,115.41558837890625,55.446746826171875
160.0,-16.875,48.15200424194336,65.3000259399414,22.659461975097656,115.91382598876953,55.446746826171875
161.0,-16.875,49.560028076171875,66.58954620361328,21.89966583251953,116.4214096069336,55.446746826171875
160.0,-22.5,44.86852264404297,64.4892578125,22.52122688293457,111.37708282470703,55.446746826171875
161.0,-22.5,47.056175231933594,66.14140319824219,21.247600555419922,112.3040542602539,55.446746826171875
162.0,-22.5,48.72905731201172,67.55228424072266,20.273670196533203,112.8707504272461,55.446746826171875
163.0,-22.5,49.8332405090332,68.6745834350586,19.630830764770508,113.05888366699219,55.446746826171875
