angle,vert_angle,dist,x,y,z,height
148.0,22.5,48.56766891479492,1.6632490158081055,8.946208000183105,122.95282745361328,9.751216888427734
149.0,22.5,45.742767333984375,2.789747714996338,8.925128936767578,120.23486328125,9.751216888427734
150.0,22.5,42.96179962158203,3.815887689590454,8.90438175201416,117.53690338134766,9.751216888427734
