angle,vert_angle,dist,x,y,z,height
70.0,22.5,33.09937286376953,23.976104736328125,49.32179260253906,105.92292022705078,23.45107650756836
71.0,22.5,22.596052169799805,20.34714126586914,40.16973114013672,109.58966827392578,23.45107650756836
43.0,11.25,33.68061447143555,24.489774703979492,50.50093078613281,107.837158203125,23.45107650756836
27.0,0.0,25.12666130065918,21.317298889160156,42.51777648925781,109.14469146728516,23.45107650756836
28.0,0.0,20.037878036499023,19.508708953857422,38.054710388183594,110.80033111572266,23.45107650756836
23.0,-5.625,24.979045867919922,21.02292251586914,41.89210510253906,107.83554077148438,23.45107650756836
20.0,-11.25,25.24981689453125,20.915178298950195,41.41417694091797,106.19979858398438,23.45107650756836
18.0,-16.875,25.2101993560791,20.684377670288086,40.47113800048828,104.59076690673828,23.45107650756836
