angle,vert_angle,dist,x,y,z,height
88.0,-16.875,60.27300262451172,159.12527465820312,50.47899627685547,128.17010498046875,12.454622268676758
89.0,-16.875,58.24879455566406,160.71144104003906,50.17815017700195,126.57738494873047,12.454622268676758
90.0,-16.875,57.83305358886719,161.78927612304688,50.11635971069336,126.47366333007812,12.454622268676758
91.0,-16.875,57.7059211730957,162.78285217285156,50.09746551513672,126.62445068359375,12.454622268676758
92.0,-16.875,58.06654739379883,163.6575164794922,50.15106201171875,127.22468566894531,12.454622268676758
93.0,-16.875,58.143104553222656,164.61326599121094,50.16244125366211,127.53768920898438,12.454622268676758
94.0,-16.875,59.56515884399414,165.29180908203125,50.37379455566406,129.13418579101562,12.454622268676758
86.0,-22.5,59.18688201904297,156.75369262695312,48.663509368896484,126.42007446289062,12.454622268676758
87.0,-22.5,57.06336212158203,158.43655395507812,48.40724182128906,124.79975128173828,12.454622268676758
88.0,-22.5,56.00800323486328,159.71014404296875,48.27988052368164,124.14028930664062,12.454622268676758
89.0,-22.5,55.378822326660156,160.82362365722656,48.20395278930664,123.85513305664062,12.454622268676758
90.0,-22.5,55.166900634765625,161.80010986328125,48.17837905883789,123.94330596923828,12.454622268676758
91.0,-22.5,54.91691970825195,162.784912109375,48.14820861816406,123.97706604003906,12.454622268676758
92.0,-22.5,54.837154388427734,163.72210693359375,48.138580322265625,124.15564727783203,12.454622268676758
93.0,-22.5,54.921417236328125,164.6214141845703,48.14875411987305,124.4754638671875,12.454622268676758
94.0,-22.5,55.38475799560547,165.44264221191406,48.20466613769531,125.14646911621094,12.454622268676758
95.0,-22.5,55.8981819152832,166.27288818359375,48.26662826538086,125.85340118408203,12.454622268676758
96.0,-22.5,56.52948760986328,167.10165405273438,48.34281539916992,126.66236877441406,12.454622268676758
97.0,-22.5,57.666229248046875,167.86758422851562,48.47999572753906,127.95279693603516,12.454622268676758
98.0,-22.5,59.804954528808594,168.5189208984375,48.73809814453125,130.2152099609375,12.454622268676758
