angle,vert_angle,dist,x,y,z,height
45.0,-16.875,60.72814178466797,80.47920227050781,26.710206985473633,220.6744842529297,8.050606727600098
46.0,-16.875,59.815513610839844,79.09362030029297,26.729894638061523,220.81094360351562,8.050606727600098
47.0,-16.875,59.61034393310547,78.11742401123047,26.73431968688965,220.39291381835938,8.050606727600098
48.0,-16.875,60.10455322265625,77.51604461669922,26.72365951538086,219.40634155273438,8.050606727600098
49.0,-16.875,61.254371643066406,77.23582458496094,26.698854446411133,217.86883544921875,8.050606727600098
50.0,-16.875,62.811851501464844,77.1204833984375,26.665254592895508,215.9760284423828,8.050606727600098
51.0,-16.875,64.49916076660156,77.0132064819336,26.62885284423828,213.9591827392578,8.050606727600098
52.0,-16.875,68.30094909667969,77.86409759521484,26.546836853027344,210.0779266357422,8.050606727600098
42.0,-22.5,58.88074493408203,81.96288299560547,25.83551597595215,224.16668701171875,8.050606727600098
43.0,-22.5,55.314056396484375,78.96551513671875,25.967859268188477,226.33700561523438,8.050606727600098
44.0,-22.5,54.19109344482422,77.52488708496094,26.0095272064209,226.64639282226562,8.050606727600098
45.0,-22.5,53.90851593017578,76.59902954101562,26.0200138092041,226.3129425048828,8.050606727600098
46.0,-22.5,54.06507873535156,75.92311096191406,26.014202117919922,225.63900756835938,8.050606727600098
47.0,-22.5,54.424888610839844,75.34679412841797,26.000852584838867,224.8070068359375,8.050606727600098
48.0,-22.5,55.158287048339844,74.95405578613281,25.97364044189453,223.66856384277344,8.050606727600098
49.0,-22.5,56.20448684692383,74.6962661743164,25.9348201751709,222.26513671875,8.050606727600098
50.0,-22.5,57.51431655883789,74.5340805053711,25.886219024658203,220.6310272216797,8.050606727600098
51.0,-22.5,59.08580017089844,74.45437622070312,25.82790756225586,218.76193237304688,8.050606727600098
52.0,-22.5,61.11457824707031,74.53961944580078,25.75263023376465,216.48126220703125,8.050606727600098
53.0,-22.5,63.62676239013672,74.78062438964844,25.659414291381836,213.7559814453125,8.050606727600098
54.0,-22.5,67.27690124511719,75.45106506347656,25.52397346496582,209.99330139160156,8.050606727600098
