angle,vert_angle,dist,x,y,z,height
324.0,22.5,55.34781265258789,159.08074951171875,50.85237121582031,129.11441040039062,9.150565147399902
325.0,22.5,54.44668960571289,160.35963439941406,51.05989456176758,129.16590881347656,9.150565147399902
326.0,22.5,53.568241119384766,161.61297607421875,51.26218795776367,129.20021057128906,9.150565147399902
327.0,22.5,53.39278793334961,162.3889617919922,51.30259323120117,129.70230102539062,9.150565147399902
328.0,22.5,53.52415466308594,162.97137451171875,51.2723388671875,130.41043090820312,9.150565147399902
329.0,22.5,53.602970123291016,163.60133361816406,51.254188537597656,131.0712127685547,9.150565147399902
330.0,22.5,54.0709114074707,164.00009155273438,51.14643096923828,132.0116424560547,9.150565147399902
331.0,22.5,54.771095275878906,164.27896118164062,50.98518753051758,133.12554931640625,9.150565147399902
