angle,vert_angle,dist,x,y,z,height
249.0,22.5,55.456993103027344,157.1234893798828,48.804813385009766,126.26606750488281,9.107978820800781
250.0,22.5,53.63294982910156,159.0535125732422,49.29231262207031,125.81243896484375,9.107978820800781
251.0,22.5,52.56216812133789,160.4178924560547,49.5784912109375,125.79071807861328,9.107978820800781
252.0,22.5,51.874969482421875,161.5004119873047,49.76215362548828,125.98542785644531,9.107978820800781
253.0,22.5,51.438541412353516,162.40518188476562,49.87879180908203,126.32160186767578,9.107978820800781
254.0,22.5,50.99093246459961,163.31809997558594,49.998416900634766,126.62908172607422,9.107978820800781
255.0,22.5,50.863609313964844,164.01754760742188,50.032447814941406,127.1384048461914,9.107978820800781
256.0,22.5,50.652183532714844,164.77920532226562,50.08895492553711,127.57442474365234,9.107978820800781
257.0,22.5,50.85931396484375,165.27732849121094,50.033599853515625,128.2957763671875,9.107978820800781
258.0,22.5,50.940364837646484,165.86984252929688,50.011932373046875,128.9185333251953,9.107978820800781
259.0,22.5,50.997833251953125,166.4887237548828,49.99657440185547,129.5142822265625,9.107978820800781
260.0,22.5,51.60297393798828,166.78857421875,49.83484649658203,130.5115203857422,9.107978820800781
261.0,22.5,51.99070358276367,167.24191284179688,49.73122024536133,131.34393310546875,9.107978820800781
262.0,22.5,52.77228546142578,167.488037109375,49.522335052490234,132.47650146484375,9.107978820800781
263.0,22.5,53.647621154785156,167.71177673339844,49.28839111328125,133.68572998046875,9.107978820800781
264.0,22.5,54.70143127441406,167.87066650390625,49.006752014160156,135.0407257080078,9.107978820800781
265.0,22.5,57.07256317138672,167.36326599121094,48.3730354309082,137.45863342285156,9.107978820800781
256.0,16.875,55.434532165527344,160.3640899658203,51.3975715637207,130.6390838623047,9.107978820800781
257.0,16.875,54.4957275390625,161.67308044433594,51.604671478271484,130.61778259277344,9.107978820800781
258.0,16.875,55.44010925292969,161.74188232421875,51.39634704589844,131.92897033691406,9.107978820800781
259.0,16.875,55.24529266357422,162.57383728027344,51.4393196105957,132.41017150878906,9.107978820800781
