angle,vert_angle,dist,x,y,z,height
4.0,16.875,47.09065246582031,13.530848503112793,24.466964721679688,116.16539764404297,16.1579532623291
8.0,5.625,28.37748146057129,17.085453033447266,25.94314193725586,96.43234252929688,16.1579532623291
11.0,0.0,29.769102096557617,18.230531692504883,29.07254981994629,96.50627899169922,16.1579532623291
14.0,-5.625,34.24099349975586,19.399715423583984,34.01219940185547,98.7260513305664,16.1579532623291
18.0,-11.25,35.22202682495117,20.838781356811523,37.27631378173828,97.42858123779297,16.1579532623291
23.0,-16.875,35.41886901855469,22.315773010253906,39.919952392578125,95.10401153564453,16.1579532623291
24.0,-16.875,31.143516540527344,22.196802139282227,36.91288757324219,92.03939819335938,16.1579532623291
24.0,-22.5,8.823135375976562,19.05681610107422,21.781661987304688,75.85425567626953,16.1579532623291
29.0,-22.5,39.4157600402832,24.26545524597168,45.267635345458984,94.78240203857422,16.1579532623291
30.0,-22.5,35.55223083496094,24.053754806518555,42.30160140991211,92.28041076660156,16.1579532623291
