angle,vert_angle,dist,x,y,z,height
96.0,22.5,34.86317825317383,37.32725143432617,69.177978515625,103.66779327392578,9.077656745910645
97.0,22.5,34.31803894042969,36.647499084472656,69.31715393066406,103.27227783203125,9.077656745910645
98.0,22.5,34.02307891845703,36.19229507446289,69.39246368408203,102.81776428222656,9.077656745910645
99.0,22.5,33.882686614990234,35.871131896972656,69.42830657958984,102.32425689697266,9.077656745910645
100.0,22.5,33.82543182373047,35.61717987060547,69.44292449951172,101.8095474243164,9.077656745910645
101.0,22.5,34.043052673339844,35.600650787353516,69.38735961914062,101.19970703125,9.077656745910645
102.0,22.5,34.2470703125,35.55998229980469,69.33527374267578,100.5920639038086,9.077656745910645
103.0,22.5,34.32788848876953,35.39870071411133,69.31464385986328,100.03093719482422,9.077656745910645
104.0,22.5,34.61369323730469,35.40636444091797,69.2416763305664,99.38700103759766,9.077656745910645
105.0,22.5,35.016822814941406,35.50246047973633,69.13874816894531,98.68855285644531,9.077656745910645
106.0,22.5,35.42866516113281,35.590782165527344,69.03359985351562,97.97860717773438,9.077656745910645
107.0,22.5,35.922203063964844,35.733062744140625,68.9075927734375,97.22371673583984,9.077656745910645
108.0,22.5,36.91609191894531,36.280330657958984,68.65384674072266,96.22294616699219,9.077656745910645
109.0,22.5,38.368282318115234,37.18458557128906,68.28308868408203,94.97512817382812,9.077656745910645
