angle,vert_angle,dist,x,y,z,height
0.0,22.5,11.161595344543457,0.6565014123916626,8.002197265625,65.8430404663086,9.773054122924805
1.0,22.5,11.161592483520508,0.5024229884147644,8.002197265625,65.96177673339844,9.773054122924805
2.0,22.5,11.161602020263672,0.3504334092140198,8.002197265625,66.08317565917969,9.773054122924805
3.0,22.5,11.161596298217773,0.200590118765831,8.002197265625,66.20722198486328,9.773054122924805
4.0,22.5,11.161602020263672,0.05293060094118118,8.002197265625,66.33385467529297,9.773054122924805
69.0,22.5,5.686291217803955,1.9274370670318604,8.295905113220215,76.30675506591797,9.773054122924805
77.0,22.5,6.950289249420166,1.0479083061218262,8.22810173034668,77.56633758544922,9.773054122924805
344.0,22.5,10.820232391357422,3.4895617961883545,8.020508766174316,64.65140533447266,9.773054122924805
345.0,22.5,10.820232391357422,3.3142547607421875,8.020508766174316,64.72087860107422,9.773054122924805
346.0,22.5,10.820239067077637,3.1401772499084473,8.020508766174316,64.79339599609375,9.773054122924805
347.0,22.5,10.820235252380371,2.9673988819122314,8.020508766174316,64.86894989013672,9.773054122924805
348.0,22.5,10.820236206054688,2.7959656715393066,8.020508766174316,64.94750213623047,9.773054122924805
349.0,22.5,10.820232391357422,2.625930070877075,8.020508766174316,65.02903747558594,9.773054122924805
350.0,22.5,10.820225715637207,2.4573450088500977,8.020508766174316,65.11353302001953,9.773054122924805
351.0,22.5,10.863176345825195,2.2700424194335938,8.018205642700195,65.16312408447266,9.773054122924805
352.0,22.5,10.998231887817383,2.0382235050201416,8.010960578918457,65.135986328125,9.773054122924805
353.0,22.5,11.102319717407227,1.8194401264190674,8.005376815795898,65.14080810546875,9.773054122924805
354.0,22.5,10.987939834594727,1.711951732635498,8.011512756347656,65.3371353149414,9.773054122924805
355.0,22.5,10.921369552612305,1.584222674369812,8.015083312988281,65.49382781982422,9.773054122924805
356.0,22.5,11.058294296264648,1.3491997718811035,8.007739067077637,65.4819107055664,9.773054122924805
357.0,22.5,11.161600112915039,1.1308494806289673,8.002197265625,65.50321197509766,9.773054122924805
358.0,22.5,11.161596298217773,0.9707663059234619,8.002197265625,65.61372375488281,9.773054122924805
359.0,22.5,11.161592483520508,0.8126372694969177,8.002197265625,65.72701263427734,9.773054122924805
