angle,vert_angle,dist,x,y,z,height
333.0,22.5,14.311777114868164,6.304103851318359,12.046974182128906,117.68759155273438,13.552022933959961
336.0,16.875,11.433202743530273,7.731231689453125,13.375054359436035,115.14617919921875,13.552022933959961
337.0,16.875,15.947803497314453,6.863061904907227,13.464435577392578,119.58187866210938,13.552022933959961
340.0,11.25,14.501995086669922,7.978452205657959,14.836527824401855,118.24490356445312,13.552022933959961
341.0,11.25,16.575231552124023,7.884686470031738,15.077823638916016,120.31939697265625,13.552022933959961
346.0,5.625,19.34111976623535,9.167997360229492,17.246171951293945,122.93128967285156,13.552022933959961
352.0,-16.875,9.151288986206055,11.062026977539062,18.314327239990234,111.62515258789062,13.552022933959961
