angle,vert_angle,dist,x,y,z,height
38.0,22.5,48.211631774902344,56.29283142089844,12.161455154418945,149.8827667236328,17.78554344177246
39.0,22.5,45.429176330566406,54.58070755004883,12.512984275817871,147.57113647460938,17.78554344177246
40.0,22.5,43.43545913696289,53.43622970581055,12.764870643615723,145.78421020507812,17.78554344177246
41.0,22.5,41.53036117553711,52.313255310058594,13.005558013916016,144.09568786621094,17.78554344177246
42.0,22.5,39.542518615722656,51.074119567871094,13.256702423095703,142.40890502929688,17.78554344177246
45.0,16.875,46.69951629638672,58.532291412353516,16.7790584564209,144.54025268554688,17.78554344177246
46.0,16.875,44.53632736206055,57.06453323364258,16.847309112548828,142.76449584960938,17.78554344177246
47.0,16.875,42.33883285522461,55.51751708984375,16.916641235351562,141.0310821533203,17.78554344177246
48.0,16.875,40.59119415283203,54.320396423339844,16.971782684326172,139.56784057617188,17.78554344177246
49.0,16.875,37.23719787597656,51.649837493896484,17.077604293823242,137.4309844970703,17.78554344177246
54.0,11.25,46.89520263671875,61.89011001586914,21.232250213623047,137.9984588623047,17.78554344177246
55.0,11.25,44.699798583984375,60.13583755493164,21.092750549316406,136.46261596679688,17.78554344177246
56.0,11.25,40.67592239379883,56.62378692626953,20.837068557739258,134.3785400390625,17.78554344177246
