angle,vert_angle,dist,x,y,z,height
285.0,-16.875,38.010467529296875,161.86907958984375,51.55991744995117,130.86912536621094,34.62139892578125
286.0,-16.875,38.05514144897461,161.2057647705078,51.55717468261719,130.90020751953125,34.62139892578125
281.0,-22.5,36.62937927246094,164.31654357910156,51.096839904785156,132.10772705078125,34.62139892578125
282.0,-22.5,36.06086730957031,163.7137451171875,51.14019012451172,132.7060089111328,34.62139892578125
283.0,-22.5,35.81282043457031,163.106689453125,51.15910720825195,132.99546813964844,34.62139892578125
284.0,-22.5,35.676570892333984,162.49859619140625,51.16949462890625,133.1841278076172,34.62139892578125
285.0,-22.5,35.410728454589844,161.91067504882812,51.18976593017578,133.51153564453125,34.62139892578125
286.0,-22.5,35.54653549194336,161.28146362304688,51.179412841796875,133.4514617919922,34.62139892578125
287.0,-22.5,35.665077209472656,160.65145874023438,51.170372009277344,133.41973876953125,34.62139892578125
288.0,-22.5,36.08437728881836,159.9698944091797,51.138397216796875,133.10350036621094,34.62139892578125
289.0,-22.5,36.7729606628418,159.22718811035156,51.08589172363281,132.536376953125,34.62139892578125
290.0,-22.5,37.61287307739258,158.43307495117188,51.021846771240234,131.836669921875,34.62139892578125
