angle,vert_angle,dist,x,y,z,height
208.0,-22.5,93.17291259765625,209.10133361816406,10.145214080810547,103.73319244384766,9.811397552490234
209.0,-22.5,88.55702209472656,212.83786010742188,10.039602279663086,106.87097930908203,9.811397552490234
210.0,-22.5,85.65853881835938,215.03834533691406,9.973282814025879,109.2925796508789,9.811397552490234
211.0,-22.5,82.3128890991211,217.72105407714844,9.896734237670898,111.76990509033203,9.811397552490234
258.0,-22.5,75.53372955322266,229.3313751220703,9.741623878479004,173.92575073242188,9.811397552490234
259.0,-22.5,78.08563232421875,227.747314453125,9.800012588500977,176.3330841064453,9.811397552490234
260.0,-22.5,79.24210357666016,227.43051147460938,9.826472282409668,178.09950256347656,9.811397552490234
261.0,-22.5,80.47444915771484,227.09022521972656,9.854668617248535,179.92803955078125,9.811397552490234
262.0,-22.5,81.56956481933594,226.9090576171875,9.87972354888916,181.70687866210938,9.811397552490234
263.0,-22.5,82.6563720703125,226.7762908935547,9.904593467712402,183.5000762939453,9.811397552490234
264.0,-22.5,83.66922760009766,226.74642944335938,9.927769660949707,185.26927185058594,9.811397552490234
265.0,-22.5,84.8492202758789,226.62139892578125,9.954766273498535,187.15005493164062,9.811397552490234
266.0,-22.5,85.9903793334961,226.57254028320312,9.980876922607422,189.02635192871094,9.811397552490234
267.0,-22.5,87.27520751953125,226.45436096191406,10.010273933410645,191.00645446777344,9.811397552490234
268.0,-22.5,88.60946655273438,226.3458251953125,10.040803909301758,193.03671264648438,9.811397552490234
269.0,-22.5,90.09004974365234,226.1744384765625,10.074677467346191,195.17962646484375,9.811397552490234
270.0,-22.5,91.78716278076172,225.8922576904297,10.113509178161621,197.48538208007812,9.811397552490234
271.0,-22.5,93.94094848632812,225.3275146484375,10.162788391113281,200.12025451660156,9.811397552490234
272.0,-22.5,97.40522766113281,223.8670654296875,10.24205207824707,203.6766357421875,9.811397552490234
