angle,vert_angle,dist,x,y,z,height
68.0,22.5,21.2484130859375,14.932903289794922,26.463031768798828,108.94115447998047,12.983628273010254
69.0,22.5,29.046924591064453,17.762435913085938,32.50832748413086,104.89888000488281,12.983628273010254
59.0,16.875,16.16444206237793,13.027193069458008,22.74951171875,111.90454864501953,12.983628273010254
60.0,16.875,24.445802688598633,16.152149200439453,29.285655975341797,107.8871078491211,12.983628273010254
61.0,16.875,32.196571350097656,18.933584213256836,35.40302658081055,104.01332092285156,12.983628273010254
51.0,11.25,19.722267150878906,14.46038818359375,25.68522071838379,110.47611236572266,12.983628273010254
52.0,11.25,24.815673828125,16.308652877807617,29.73821449279785,107.99525451660156,12.983628273010254
53.0,11.25,32.44600296020508,19.05048942565918,35.80992126464844,104.26314544677734,12.983628273010254
44.0,5.625,19.927541732788086,14.502453804016113,25.824848175048828,110.30607604980469,12.983628273010254
45.0,5.625,27.30002212524414,17.229665756225586,31.682598114013672,106.74747467041016,12.983628273010254
46.0,5.625,34.48388671875,19.761882781982422,37.39048767089844,103.18074798583984,12.983628273010254
38.0,0.0,20.02621841430664,14.497770309448242,25.726177215576172,109.92267608642578,12.983628273010254
39.0,0.0,28.821840286254883,17.75368881225586,32.63690185546875,105.55562591552734,12.983628273010254
40.0,0.0,37.09254455566406,20.65873146057129,39.135196685791016,101.32927703857422,12.983628273010254
33.0,-5.625,19.905336380004883,14.413772583007812,25.304576873779297,109.43016815185547,12.983628273010254
34.0,-5.625,28.416881561279297,17.53108787536621,31.852436065673828,104.96646881103516,12.983628273010254
29.0,-11.25,17.944921493530273,13.601306915283203,23.369041442871094,109.7628402709961,12.983628273010254
30.0,-11.25,27.604568481445312,17.142803192138672,30.57006072998047,104.37963104248047,12.983628273010254
27.0,-16.875,28.532840728759766,17.368694305419922,30.377628326416016,102.64559936523438,12.983628273010254
