angle,vert_angle,dist,x,y,z,height
169.0,22.5,49.01328659057617,9.390480995178223,15.398941040039062,112.76028442382812,9.245315551757812
170.0,22.5,40.73301315307617,10.425285339355469,14.187129974365234,104.59825134277344,9.245315551757812
132.0,16.875,8.233905792236328,6.134645462036133,8.635872840881348,70.66875457763672,9.245315551757812
166.0,16.875,47.395965576171875,6.895639419555664,10.585857391357422,111.44119262695312,9.245315551757812
304.0,16.875,19.11522674560547,25.40958023071289,9.177682876586914,51.393341064453125,9.245315551757812
