angle,vert_angle,dist,x,y,z,height
249.0,-11.25,49.165489196777344,56.43209457397461,27.400802612304688,122.15697479248047,65.72943878173828
250.0,-11.25,49.817413330078125,57.15150833129883,26.919109344482422,122.27610778808594,65.72943878173828
267.0,-16.875,45.747413635253906,59.751285552978516,27.838722229003906,114.2401123046875,65.72943878173828
268.0,-16.875,47.59553909301758,60.884544372558594,26.388858795166016,114.77322387695312,65.72943878173828
269.0,-16.875,49.01615524291992,61.862648010253906,25.274372100830078,115.07768249511719,65.72943878173828
270.0,-16.875,49.72236633300781,62.55206298828125,24.72034454345703,115.0333023071289,65.72943878173828
284.0,-22.5,46.26528549194336,61.97766876220703,25.670753479003906,108.96497344970703,65.72943878173828
285.0,-22.5,48.599422454833984,63.315242767333984,23.750732421875,109.40550231933594,65.72943878173828
286.0,-22.5,49.79726028442383,64.15312957763672,22.765403747558594,109.42191314697266,65.72943878173828
