angle,vert_angle,dist,x,y,z,height
57.0,-22.5,49.73699188232422,267.2267761230469,28.737720489501953,122.0609359741211,14.336788177490234
58.0,-22.5,49.40862274169922,266.3649597167969,28.77105140686035,122.38471221923828,14.336788177490234
59.0,-22.5,49.13367462158203,265.5133972167969,28.798961639404297,122.67027282714844,14.336788177490234
60.0,-22.5,49.038578033447266,264.66455078125,28.808612823486328,122.79171752929688,14.336788177490234
61.0,-22.5,48.9951057434082,263.8166198730469,28.81302833557129,122.8766098022461,14.336788177490234
62.0,-22.5,48.955177307128906,262.9707946777344,28.817081451416016,122.97271728515625,14.336788177490234
63.0,-22.5,49.04437255859375,262.11553955078125,28.808025360107422,122.95561218261719,14.336788177490234
64.0,-22.5,49.149696350097656,261.2568359375,28.797334671020508,122.9376449584961,14.336788177490234
65.0,-22.5,49.426570892333984,260.37445068359375,28.76923179626465,122.7656021118164,14.336788177490234
66.0,-22.5,49.665077209472656,259.48992919921875,28.745019912719727,122.64740753173828,14.336788177490234
