angle,vert_angle,dist,x,y,z,height
163.0,22.5,13.982176780700684,9.161250114440918,10.668662071228027,75.42008209228516,8.724832534790039
171.0,22.5,45.48953628540039,11.32960033416748,16.848793029785156,106.43171691894531,8.724832534790039
168.0,16.875,47.3602294921875,8.770596504211426,12.681230545043945,108.89765167236328,8.724832534790039
301.0,11.25,34.675437927246094,37.403133392333984,8.054105758666992,39.40224075317383,8.724832534790039
304.0,11.25,31.854658126831055,34.14019012451172,8.043689727783203,39.9831428527832,8.724832534790039
312.0,11.25,26.740764617919922,27.676660537719727,8.024808883666992,40.95975875854492,8.724832534790039
314.0,11.25,25.836950302124023,26.398006439208984,8.021471977233887,41.11351776123047,8.724832534790039
324.0,11.25,21.484039306640625,20.61028480529785,8.005399703979492,42.635196685791016,8.724832534790039
