angle,vert_angle,dist,x,y,z,height
93.0,-22.5,47.01177978515625,36.25886535644531,67.97553253173828,95.02275848388672,8.772027969360352
94.0,-22.5,45.855796813964844,37.590450286865234,68.23158264160156,94.6733627319336,8.772027969360352
95.0,-22.5,45.2580451965332,38.55967330932617,68.36398315429688,94.7127914428711,8.772027969360352
96.0,-22.5,44.87842559814453,39.391170501708984,68.44807434082031,94.89715576171875,8.772027969360352
97.0,-22.5,44.93917465209961,39.96359634399414,68.43461608886719,95.40708923339844,8.772027969360352
98.0,-22.5,45.04549026489258,40.519683837890625,68.41106414794922,95.94361114501953,8.772027969360352
99.0,-22.5,45.248931884765625,41.03255081176758,68.36600494384766,96.5492172241211,8.772027969360352
100.0,-22.5,45.78912353515625,41.376251220703125,68.24635314941406,97.42072296142578,8.772027969360352
101.0,-22.5,46.348384857177734,41.732730865478516,68.12247467041016,98.30677032470703,8.772027969360352
102.0,-22.5,47.32843017578125,41.896663665771484,67.9053955078125,99.54042053222656,8.772027969360352
103.0,-22.5,48.75495147705078,41.87367248535156,67.58942413330078,101.15380859375,8.772027969360352
