angle,vert_angle,dist,x,y,z,height
338.0,-22.5,25.848173141479492,165.72866821289062,50.44645309448242,133.23062133789062,38.25259780883789
339.0,-22.5,25.471511840820312,165.27401733398438,50.4774284362793,133.5958709716797,38.25259780883789
340.0,-22.5,24.740856170654297,164.8336639404297,50.53752136230469,134.3218231201172,38.25259780883789
341.0,-22.5,24.43648338317871,164.40977478027344,50.56255340576172,134.6304473876953,38.25259780883789
342.0,-22.5,24.362472534179688,163.98777770996094,50.56863784790039,134.71685791015625,38.25259780883789
343.0,-22.5,24.258169174194336,163.5703125,50.57721710205078,134.8406982421875,38.25259780883789
344.0,-22.5,24.142974853515625,163.15768432617188,50.58668899536133,134.98251342773438,38.25259780883789
345.0,-22.5,23.9992733001709,162.75218200683594,50.5985107421875,135.15963745117188,38.25259780883789
346.0,-22.5,24.05455207824707,162.33084106445312,50.593963623046875,135.14642333984375,38.25259780883789
347.0,-22.5,24.082901000976562,161.91175842285156,50.59163284301758,135.16729736328125,38.25259780883789
348.0,-22.5,24.123838424682617,161.49082946777344,50.58826446533203,135.18313598632812,38.25259780883789
349.0,-22.5,24.3631591796875,161.0378875732422,50.568580627441406,135.01126098632812,38.25259780883789
350.0,-22.5,24.37842559814453,160.61749267578125,50.56732940673828,135.06777954101562,38.25259780883789
351.0,-22.5,24.469717025756836,160.1831512451172,50.559818267822266,135.05735778808594,38.25259780883789
352.0,-22.5,24.646507263183594,159.72911071777344,50.54528045654297,134.9715576171875,38.25259780883789
353.0,-22.5,24.882400512695312,159.2572021484375,50.52587890625,134.83702087402344,38.25259780883789
354.0,-22.5,25.802656173706055,158.61155700683594,50.450199127197266,134.05055236816406,38.25259780883789
355.0,-22.5,25.954631805419922,158.13771057128906,50.43769836425781,134.0183868408203,38.25259780883789
356.0,-22.5,26.59568214416504,157.5247344970703,50.384979248046875,133.5271759033203,38.25259780883789
