angle,vert_angle,dist,x,y,z,height
1.0,-22.5,71.28843688964844,169.86065673828125,47.975372314453125,133.64169311523438,15.636085510253906
2.0,-22.5,69.71224975585938,169.58108520507812,47.785491943359375,135.60690307617188,15.636085510253906
3.0,-22.5,68.95639038085938,168.9352569580078,47.694435119628906,136.86744689941406,15.636085510253906
4.0,-22.5,68.53789520263672,168.1432647705078,47.64401626586914,137.8493194580078,15.636085510253906
5.0,-22.5,68.37554168701172,167.23472595214844,47.62445831298828,138.62860107421875,15.636085510253906
6.0,-22.5,68.49160766601562,166.18617248535156,47.63844299316406,139.19395446777344,15.636085510253906
7.0,-22.5,68.85543823242188,165.00355529785156,47.68227005004883,139.57815551757812,15.636085510253906
8.0,-22.5,69.68179321289062,163.55038452148438,47.781822204589844,139.61695861816406,15.636085510253906
9.0,-22.5,70.51657104492188,162.08155822753906,47.88238525390625,139.68307495117188,15.636085510253906
10.0,-22.5,71.86815643310547,160.28414916992188,48.04520797729492,139.38153076171875,15.636085510253906
