angle,vert_angle,dist,x,y,z,height
88.0,-16.875,61.068233489990234,161.58670043945312,51.26634216308594,129.20030212402344,11.527276992797852
89.0,-16.875,62.23358154296875,162.2163543701172,51.46881866455078,130.62973022460938,11.527276992797852
85.0,-22.5,58.471126556396484,158.71347045898438,49.07417297363281,125.63138580322266,11.527276992797852
86.0,-22.5,57.1716194152832,160.1325225830078,48.88706970214844,124.83312225341797,11.527276992797852
87.0,-22.5,56.39093017578125,161.32998657226562,48.77467346191406,124.48017883300781,11.527276992797852
88.0,-22.5,56.04662322998047,162.35867309570312,48.725101470947266,124.50660705566406,11.527276992797852
89.0,-22.5,55.849117279052734,163.33401489257812,48.6966667175293,124.65015411376953,11.527276992797852
90.0,-22.5,56.00920867919922,164.1973419189453,48.71971130371094,125.11152648925781,11.527276992797852
91.0,-22.5,56.449249267578125,164.98878479003906,48.78306579589844,125.82308959960938,11.527276992797852
92.0,-22.5,56.72379684448242,165.84580993652344,48.822593688964844,126.36575317382812,11.527276992797852
93.0,-22.5,57.46061325073242,166.59597778320312,48.928680419921875,127.33589935302734,11.527276992797852
94.0,-22.5,58.44339370727539,167.3151092529297,49.07017517089844,128.5319061279297,11.527276992797852
95.0,-22.5,60.97096633911133,167.7196044921875,49.434085845947266,131.20687866210938,11.527276992797852
