angle,vert_angle,dist,x,y,z,height
91.0,-22.5,46.40677261352539,37.185935974121094,68.55635070800781,95.4376449584961,8.635141372680664
92.0,-22.5,45.54241943359375,38.335548400878906,68.73743438720703,95.3469009399414,8.635141372680664
93.0,-22.5,45.246734619140625,39.10674285888672,68.79937744140625,95.6452407836914,8.635141372680664
94.0,-22.5,45.13971710205078,39.76033401489258,68.8218002319336,96.06788635253906,8.635141372680664
95.0,-22.5,45.22352600097656,40.30205154418945,68.80423736572266,96.62264251708984,8.635141372680664
96.0,-22.5,45.47077178955078,40.7558708190918,68.75244140625,97.29450988769531,8.635141372680664
97.0,-22.5,45.978302001953125,41.071109771728516,68.6461181640625,98.16387176513672,8.635141372680664
98.0,-22.5,46.744991302490234,41.25905227661133,68.4854965209961,99.23747253417969,8.635141372680664
99.0,-22.5,47.67597961425781,41.383949279785156,68.29045104980469,100.4466781616211,8.635141372680664
100.0,-22.5,49.23029327392578,41.201168060302734,67.9648208618164,102.16714477539062,8.635141372680664
