angle,vert_angle,dist,x,y,z,height
182.0,-5.625,48.99959945678711,57.9411506652832,27.99795913696289,118.94867706298828,66.84912109375
335.0,-5.625,14.716414451599121,32.00439453125,53.42131805419922,86.02877807617188,66.84912109375
