angle,vert_angle,dist,x,y,z,height
315.0,22.5,55.16502380371094,159.90631103515625,51.19153594970703,129.8382568359375,9.135519027709961
316.0,22.5,54.30149841308594,161.16078186035156,51.38352584838867,129.88812255859375,9.135519027709961
317.0,22.5,54.062286376953125,161.9910125732422,51.43671417236328,130.3519744873047,9.135519027709961
318.0,22.5,54.22063446044922,162.56739807128906,51.40150451660156,131.08706665039062,9.135519027709961
319.0,22.5,54.60224151611328,163.0160675048828,51.31666564941406,131.97833251953125,9.135519027709961
320.0,22.5,55.369483947753906,163.24404907226562,51.146080017089844,133.15432739257812,9.135519027709961
