angle,vert_angle,dist,x,y,z,height
311.0,22.5,54.91961669921875,159.2223663330078,50.777305603027344,128.6309814453125,9.122838020324707
312.0,22.5,54.04564666748047,160.47682189941406,50.979515075683594,128.70193481445312,9.122838020324707
313.0,22.5,53.39894104003906,161.5673065185547,51.129150390625,128.898681640625,9.122838020324707
314.0,22.5,53.058921813964844,162.4484405517578,51.20781707763672,129.2858428955078,9.122838020324707
315.0,22.5,53.095523834228516,163.0852508544922,51.19934844970703,129.92453002929688,9.122838020324707
316.0,22.5,53.040348052978516,163.7925262451172,51.21211624145508,130.48536682128906,9.122838020324707
317.0,22.5,53.52912521362305,164.16636657714844,51.099029541015625,131.4366455078125,9.122838020324707
318.0,22.5,53.90592956542969,164.63214111328125,51.0118408203125,132.3022918701172,9.122838020324707
319.0,22.5,55.016761779785156,164.67514038085938,50.75482940673828,133.72393798828125,9.122838020324707
