angle,vert_angle,dist,x,y,z,height
303.0,11.25,10.582393646240234,7.7523016929626465,14.32763385772705,118.01873779296875,12.235455513000488
105.0,-22.5,23.402515411376953,17.118934631347656,26.089900970458984,91.0411148071289,12.235455513000488
