angle,vert_angle,dist,x,y,z,height
320.0,22.5,56.341129302978516,158.53431701660156,50.91509246826172,130.0563201904297,9.140481948852539
321.0,22.5,54.99285888671875,160.13406372070312,51.217037200927734,129.80343627929688,9.140481948852539
322.0,22.5,54.22602844238281,161.32093811035156,51.38876724243164,129.91607666015625,9.140481948852539
323.0,22.5,54.042999267578125,162.11395263671875,51.42975616455078,130.41693115234375,9.140481948852539
324.0,22.5,54.248260498046875,162.6613311767578,51.383792877197266,131.18414306640625,9.140481948852539
325.0,22.5,54.64039611816406,163.1057891845703,51.29597091674805,132.08200073242188,9.140481948852539
326.0,22.5,55.35966873168945,163.3671112060547,51.1348876953125,133.22142028808594,9.140481948852539
