angle,vert_angle,dist,x,y,z,height
130.0,22.5,43.58620834350586,64.4705810546875,8.724117279052734,52.511131286621094,12.063570976257324
131.0,22.5,39.59726333618164,60.42530822753906,8.986681938171387,52.55535125732422,12.063570976257324
132.0,22.5,38.275657653808594,58.99486541748047,9.073675155639648,52.164764404296875,12.063570976257324
133.0,22.5,40.37886428833008,60.886756896972656,8.935235023498535,51.02732467651367,12.063570976257324
342.0,22.5,12.641603469848633,12.389939308166504,10.760985374450684,68.90471649169922,12.063570976257324
340.0,16.875,5.572912216186523,17.46238136291504,11.702147483825684,64.01133728027344,12.063570976257324
345.0,16.875,8.980785369873047,15.405961036682129,11.768835067749023,66.79720306396484,12.063570976257324
346.0,16.875,9.832791328430176,14.932380676269531,11.785507202148438,67.52400970458984,12.063570976257324
349.0,16.875,12.767112731933594,13.409750938415527,11.842927932739258,70.09937286376953,12.063570976257324
17.0,11.25,49.874755859375,10.821015357971191,16.818553924560547,108.78510284423828,12.063570976257324
344.0,11.25,4.192323684692383,18.716646194458008,12.032330513000488,63.30587387084961,12.063570976257324
346.0,11.25,5.699917793273926,17.784900665283203,12.19028377532959,64.49269104003906,12.063570976257324
19.0,5.625,43.714881896972656,13.44524097442627,19.853710174560547,102.51872253417969,12.063570976257324
148.0,5.625,5.471728324890137,26.446916580200195,12.627063751220703,57.87690734863281,12.063570976257324
152.0,5.625,4.317570209503174,25.297840118408203,12.408967018127441,58.15099334716797,12.063570976257324
146.0,0.0,4.43216609954834,25.55758285522461,12.795717239379883,58.573368072509766,12.063570976257324
6.0,-5.625,6.786533355712891,18.94154930114746,13.975852966308594,66.11742401123047,12.063570976257324
7.0,-5.625,7.985881805419922,18.572315216064453,14.39694595336914,67.18478393554688,12.063570976257324
12.0,-11.25,5.71616792678833,19.84775733947754,14.03664779663086,65.21696472167969,12.063570976257324
22.0,-16.875,14.519193649291992,18.94853401184082,18.848974227905273,72.6640625,12.063570976257324
31.0,-16.875,44.575538635253906,19.25255584716797,33.869449615478516,98.9249267578125,12.063570976257324
28.0,-22.5,7.048975467681885,20.820262908935547,15.591232299804688,66.13091278076172,12.063570976257324
