angle,vert_angle,dist,x,y,z,height
285.0,-16.875,38.01054763793945,161.8690185546875,51.5599479675293,130.8690185546875,34.621437072753906
286.0,-16.875,38.05522155761719,161.20571899414062,51.55720901489258,130.9001007080078,34.621437072753906
281.0,-22.5,36.62974548339844,164.3164825439453,51.09685134887695,132.10733032226562,34.621437072753906
282.0,-22.5,36.0610237121582,163.71368408203125,51.140220642089844,132.70582580566406,34.621437072753906
283.0,-22.5,35.81285095214844,163.1066436767578,51.159141540527344,132.9954071044922,34.621437072753906
284.0,-22.5,35.67662048339844,162.49853515625,51.169532775878906,133.18405151367188,34.621437072753906
285.0,-22.5,35.410865783691406,161.91061401367188,51.189796447753906,133.51136779785156,34.621437072753906
286.0,-22.5,35.54658889770508,161.28140258789062,51.179447174072266,133.45138549804688,34.621437072753906
287.0,-22.5,35.665191650390625,160.6514129638672,51.17040252685547,133.4196014404297,34.621437072753906
288.0,-22.5,36.08451843261719,159.96981811523438,51.138427734375,133.10333251953125,34.621437072753906
289.0,-22.5,36.77324676513672,159.2270965576172,51.08591079711914,132.53607177734375,34.621437072753906
290.0,-22.5,37.61301040649414,158.4329833984375,51.02187728881836,131.83651733398438,34.621437072753906
