angle,vert_angle,dist,x,y,z,height
5.0,22.5,10.959036827087402,94.89228820800781,20.41402816772461,214.79591369628906,13.940658569335938
7.0,22.5,8.805227279663086,96.56906127929688,19.03717803955078,214.82957458496094,13.940658569335938
10.0,16.875,10.959273338317871,94.8933334350586,20.40854835510254,214.8435516357422,13.940658569335938
12.0,16.875,8.986085891723633,96.43404388427734,19.148178100585938,214.89019775390625,13.940658569335938
19.0,11.25,9.131233215332031,96.32786560058594,19.180030822753906,215.2057647705078,13.940658569335938
53.0,-5.625,3.3302931785583496,100.977294921875,15.326947212219238,215.2625732421875,13.940658569335938
51.0,-11.25,10.160390853881836,95.71099853515625,18.956539154052734,217.712890625,13.940658569335938
61.0,-11.25,3.636047124862671,100.84269714355469,15.393832206726074,215.63258361816406,13.940658569335938
59.0,-16.875,11.065361022949219,95.22306060791016,19.060009002685547,218.86978149414062,13.940658569335938
69.0,-16.875,3.4215095043182373,101.08457946777344,15.155871391296387,215.7586669921875,13.940658569335938
76.0,-22.5,3.1239981651306152,101.36280059814453,14.878252983093262,215.77816772460938,13.940658569335938
77.0,-22.5,3.3596558570861816,101.25774383544922,14.989128112792969,215.9644317626953,13.940658569335938
