angle,vert_angle,dist,x,y,z,height
25.0,22.5,47.89192581176758,53.60595703125,13.246585845947266,145.19317626953125,16.780942916870117
26.0,22.5,44.782432556152344,51.664947509765625,13.51186466217041,142.64767456054688,16.780942916870117
31.0,16.875,48.62284469604492,57.22842788696289,17.45728302001953,141.69345092773438,16.780942916870117
32.0,16.875,44.795860290527344,54.42450714111328,17.447450637817383,138.96449279785156,16.780942916870117
