angle,vert_angle,dist,x,y,z,height
191.0,0.0,47.39109420776367,56.38863754272461,27.449203491210938,122.10533142089844,61.420654296875
192.0,0.0,48.64472198486328,57.334022521972656,26.624267578125,122.73419952392578,61.420654296875
193.0,0.0,49.88062286376953,58.299869537353516,25.811004638671875,123.32770538330078,61.420654296875
204.0,-5.625,43.029815673828125,60.40225601196289,27.339040756225586,112.87543487548828,61.420654296875
205.0,-5.625,46.22782516479492,62.14249038696289,25.01315689086914,114.31575012207031,61.420654296875
206.0,-5.625,47.27382278442383,63.02457046508789,24.252410888671875,114.54131317138672,61.420654296875
207.0,-5.625,48.54963302612305,64.01991271972656,23.32452392578125,114.86585235595703,61.420654296875
208.0,-5.625,49.253692626953125,64.77925109863281,22.81246566772461,114.86347961425781,61.420654296875
215.0,-11.25,44.86381530761719,63.63521194458008,23.21236801147461,107.22634887695312,61.420654296875
216.0,-11.25,46.940372467041016,64.92086791992188,21.572837829589844,107.68756103515625,61.420654296875
217.0,-11.25,48.70115280151367,66.07872772216797,20.182632446289062,107.98635864257812,61.420654296875
218.0,-11.25,49.56953430175781,66.8238525390625,19.497005462646484,107.91053771972656,61.420654296875
227.0,-16.875,42.011898040771484,62.9720573425293,23.16824722290039,99.37361145019531,61.420654296875
228.0,-16.875,46.86030578613281,65.47914123535156,19.075267791748047,100.17449951171875,61.420654296875
229.0,-16.875,48.81129837036133,66.61544799804688,17.428260803222656,100.22682189941406,61.420654296875
309.0,-16.875,49.882118225097656,58.41402816772461,16.52428436279297,67.22169494628906,61.420654296875
310.0,-16.875,48.75007629394531,57.68883514404297,17.479942321777344,67.45659637451172,61.420654296875
311.0,-16.875,47.678218841552734,56.99436950683594,18.384796142578125,67.68305206298828,61.420654296875
312.0,-16.875,45.92320251464844,56.11668014526367,19.866363525390625,68.23654174804688,61.420654296875
313.0,-16.875,43.72825622558594,55.14021682739258,21.719314575195312,69.01541137695312,61.420654296875
