angle,vert_angle,dist,x,y,z,height
270.0,-16.875,45.225059509277344,56.8424072265625,29.769039154052734,117.57405090332031,66.4182357788086
271.0,-16.875,47.846561431884766,58.21676254272461,27.762603759765625,118.68338775634766,66.4182357788086
272.0,-16.875,48.75804901123047,58.997283935546875,27.064960479736328,118.85438537597656,66.4182357788086
273.0,-16.875,49.748931884765625,59.819278717041016,26.306564331054688,119.04686737060547,66.4182357788086
286.0,-22.5,46.367393493652344,60.05994415283203,27.456501007080078,113.67820739746094,66.4182357788086
287.0,-22.5,47.594112396240234,60.931312561035156,26.47954559326172,113.87051391601562,66.4182357788086
288.0,-22.5,49.19952392578125,61.977874755859375,25.201004028320312,114.19954681396484,66.4182357788086
289.0,-22.5,49.97877502441406,62.680633544921875,24.58041000366211,114.15290069580078,66.4182357788086
