angle,vert_angle,dist,x,y,z,height
234.0,5.625,47.83420181274414,57.42195129394531,27.179645538330078,121.36090850830078,63.63795471191406
235.0,5.625,49.09149932861328,58.35912322998047,26.292068481445312,121.88394165039062,63.63795471191406
236.0,5.625,49.94761657714844,59.18384552001953,25.68770980834961,122.13333892822266,63.63795471191406
250.0,0.0,43.86484146118164,60.330318450927734,27.432098388671875,112.87330627441406,63.63795471191406
251.0,0.0,46.357391357421875,61.75190734863281,25.527645111083984,113.78036499023438,63.63795471191406
252.0,0.0,47.62596893310547,62.68781280517578,24.558372497558594,114.05201721191406,63.63795471191406
253.0,0.0,48.69532775878906,63.55223083496094,23.741317749023438,114.20289611816406,63.63795471191406
254.0,0.0,49.71000289916992,64.40371704101562,22.966045379638672,114.30484008789062,63.63795471191406
24.0,-5.625,48.09758758544922,47.424530029296875,21.756267547607422,63.596927642822266,63.63795471191406
266.0,-5.625,43.18497848510742,61.956363677978516,25.75918960571289,106.58979034423828,63.63795471191406
267.0,-5.625,46.5452766418457,63.77120590209961,23.021129608154297,107.43047332763672,63.63795471191406
268.0,-5.625,48.21159362792969,64.83121490478516,21.663372039794922,107.62844848632812,63.63795471191406
269.0,-5.625,49.7556037902832,65.84668731689453,20.4052734375,107.75308990478516,63.63795471191406
286.0,-11.25,46.72835922241211,64.35871887207031,20.866390228271484,100.65618133544922,63.63795471191406
287.0,-11.25,48.91424560546875,65.5605697631836,18.991455078125,100.70369720458984,63.63795471191406
354.0,-11.25,48.893470764160156,60.334075927734375,19.00926971435547,73.4487075805664,63.63795471191406
355.0,-11.25,46.472991943359375,59.15009689331055,21.085426330566406,74.02264404296875,63.63795471191406
