angle,vert_angle,dist,x,y,z,height
173.0,22.5,18.888347625732422,10.677753448486328,12.475154876708984,77.88353729248047,8.406779289245605
174.0,22.5,15.498244285583496,10.925559043884277,11.650816917419434,74.59176635742188,8.406779289245605
175.0,22.5,13.272683143615723,11.102928161621094,11.109647750854492,72.42664337158203,8.406779289245605
176.0,22.5,12.061640739440918,11.260700225830078,10.815170288085938,71.24304962158203,8.406779289245605
177.0,22.5,4.785131454467773,10.940973281860352,9.045809745788574,64.19100952148438,8.406779289245605
178.0,22.5,4.6309494972229,11.008010864257812,9.008319854736328,64.03536987304688,8.406779289245605
179.0,22.5,4.496487617492676,11.071806907653809,8.97562313079834,63.89786148071289,8.406779289245605
180.0,22.5,6.349023818969727,11.37427806854248,9.426088333129883,65.67146301269531,8.406779289245605
181.0,22.5,6.304409503936768,11.474567413330078,9.415239334106445,65.6141357421875,8.406779289245605
269.0,22.5,6.163394927978516,16.53955841064453,9.380949020385742,58.91107940673828,8.406779289245605
270.0,22.5,8.690900802612305,18.959314346313477,9.995539665222168,58.4979248046875,8.406779289245605
271.0,22.5,4.845856666564941,15.248454093933105,9.060575485229492,58.88753128051758,8.406779289245605
272.0,22.5,12.911789894104004,22.95800018310547,11.021892547607422,57.54837417602539,8.406779289245605
161.0,16.875,6.492173671722412,9.274110794067383,8.840988159179688,65.8455810546875,8.406779289245605
165.0,16.875,15.75864028930664,8.458023071289062,10.209415435791016,75.0007095336914,8.406779289245605
173.0,16.875,45.5508918762207,10.685547828674316,14.608993530273438,104.61366271972656,8.406779289245605
286.0,16.875,9.22359848022461,18.98695945739746,9.244352340698242,55.98130416870117,8.406779289245605
148.0,11.25,12.014769554138184,5.53390645980835,8.492218017578125,70.4411849975586,8.406779289245605
149.0,11.25,13.347358703613281,5.184154987335205,8.559870719909668,71.74411010742188,8.406779289245605
153.0,11.25,17.428356170654297,4.656039237976074,8.767053604125977,75.9229965209961,8.406779289245605
169.0,11.25,49.64509582519531,7.175851345062256,10.402627944946289,109.02520751953125,8.406779289245605
