angle,vert_angle,dist,x,y,z,height
246.0,22.5,55.26885223388672,159.2606658935547,50.89775848388672,129.1187286376953,9.115289688110352
247.0,22.5,54.45343017578125,160.4796600341797,51.08604431152344,129.22535705566406,9.115289688110352
248.0,22.5,53.60340118408203,161.7137908935547,51.28231430053711,129.27674865722656,9.115289688110352
249.0,22.5,53.55509567260742,162.40699768066406,51.2934684753418,129.8679656982422,9.115289688110352
250.0,22.5,53.583152770996094,163.0601806640625,51.2869873046875,130.50172424316406,9.115289688110352
251.0,22.5,53.74551010131836,163.63906860351562,51.24950408935547,131.2230224609375,9.115289688110352
252.0,22.5,54.19878387451172,164.05093383789062,51.14483642578125,132.1529998779297,9.115289688110352
253.0,22.5,54.98078155517578,164.28399658203125,50.96427536010742,133.3293914794922,9.115289688110352
