angle,vert_angle,dist,x,y,z,height
0.0,22.5,11.527362823486328,0.45937076210975647,8.002197265625,65.5328598022461,9.772466659545898
1.0,22.5,11.527362823486328,0.2999095320701599,8.002197265625,65.65508270263672,9.772466659545898
2.0,22.5,11.527360916137695,0.14259852468967438,8.002197265625,65.78007507324219,9.772466659545898
343.0,22.5,8.514045715332031,4.478653430938721,8.158666610717773,66.73898315429688,9.772466659545898
344.0,22.5,8.748526573181152,4.255829334259033,8.146491050720215,66.57221984863281,9.772466659545898
345.0,22.5,11.174705505371094,3.207505464553833,8.020508766174316,64.38105773925781,9.772466659545898
346.0,22.5,11.17471981048584,3.027515172958374,8.020508766174316,64.45548248291016,9.772466659545898
347.0,22.5,11.174713134765625,2.8488576412200928,8.020508766174316,64.5330581665039,9.772466659545898
348.0,22.5,11.174720764160156,2.671581983566284,8.020508766174316,64.61372375488281,9.772466659545898
349.0,22.5,11.174713134765625,2.4957406520843506,8.020508766174316,64.6974868774414,9.772466659545898
350.0,22.5,11.19321346282959,2.3130130767822266,8.019548416137695,64.76782989501953,9.772466659545898
351.0,22.5,11.338294982910156,2.071960687637329,8.012015342712402,64.7298583984375,9.772466659545898
352.0,22.5,11.485785484313965,1.8268978595733643,8.004356384277344,64.69519805908203,9.772466659545898
353.0,22.5,11.527362823486328,1.6318682432174683,8.002197265625,64.7577133178711,9.772466659545898
354.0,22.5,11.527358055114746,1.4586981534957886,8.002197265625,64.8595962524414,9.772466659545898
355.0,22.5,11.527362823486328,1.287330150604248,8.002197265625,64.9644775390625,9.772466659545898
356.0,22.5,11.527368545532227,1.1178162097930908,8.002197265625,65.07233428955078,9.772466659545898
357.0,22.5,11.527361869812012,0.9502177834510803,8.002197265625,65.18314361572266,9.772466659545898
358.0,22.5,11.527363777160645,0.7845757603645325,8.002197265625,65.2968521118164,9.772466659545898
359.0,22.5,11.52735424041748,0.6209481358528137,8.002197265625,65.41344451904297,9.772466659545898
