angle,vert_angle,dist,x,y,z,height
285.0,-16.875,38.00978469848633,161.86932373046875,51.559730529785156,130.86981201171875,34.644405364990234
286.0,-16.875,38.05457305908203,161.20602416992188,51.556983947753906,130.90077209472656,34.644405364990234
281.0,-22.5,36.62690734863281,164.31680297851562,51.09679412841797,132.11021423339844,34.644405364990234
282.0,-22.5,36.05994415283203,163.7139434814453,51.14002990722656,132.7069549560547,34.644405364990234
283.0,-22.5,35.81239318847656,163.1068878173828,51.158905029296875,132.99591064453125,34.644405364990234
284.0,-22.5,35.67607879638672,162.49879455566406,51.1693000793457,133.18463134765625,34.644405364990234
285.0,-22.5,35.4098014831543,161.91091918945312,51.189605712890625,133.51246643066406,34.644405364990234
286.0,-22.5,35.54607009887695,161.28167724609375,51.17921829223633,133.45193481445312,34.644405364990234
287.0,-22.5,35.66429901123047,160.6517333984375,51.17020034790039,133.42051696777344,34.644405364990234
288.0,-22.5,36.08348083496094,159.97019958496094,51.13823318481445,133.10438537597656,34.644405364990234
289.0,-22.5,36.771427154541016,159.2276153564453,51.08577346801758,132.5378875732422,34.644405364990234
290.0,-22.5,37.61201858520508,158.4333953857422,51.021671295166016,131.83750915527344,34.644405364990234
