angle,vert_angle,dist,x,y,z,height
173.0,22.5,99.99676513671875,247.23329162597656,32.405338287353516,108.23854064941406,38.25703048706055
229.0,22.5,30.25312042236328,166.10702514648438,50.10554504394531,129.79537963867188,38.25703048706055
230.0,22.5,28.24542808532715,165.5518035888672,50.615081787109375,131.72059631347656,38.25703048706055
231.0,22.5,27.839656829833984,165.0728302001953,50.71806335449219,132.1062469482422,38.25703048706055
232.0,22.5,27.028724670410156,164.61215209960938,50.923866271972656,132.8920440673828,38.25703048706055
233.0,22.5,26.658294677734375,164.1664581298828,51.017879486083984,133.25958251953125,38.25703048706055
234.0,22.5,26.325288772583008,163.73179626464844,51.10239028930664,133.59844970703125,38.25703048706055
235.0,22.5,26.362285614013672,163.2857666015625,51.09300231933594,133.58738708496094,38.25703048706055
236.0,22.5,26.55756378173828,162.82650756835938,51.04344177246094,133.4315643310547,38.25703048706055
237.0,22.5,26.462657928466797,162.3890838623047,51.06753158569336,133.56338500976562,38.25703048706055
238.0,22.5,26.195354461669922,161.9750213623047,51.1353645324707,133.86827087402344,38.25703048706055
239.0,22.5,26.281005859375,161.52520751953125,51.11362838745117,133.8414306640625,38.25703048706055
240.0,22.5,26.490324020385742,161.0554962158203,51.06050491333008,133.70440673828125,38.25703048706055
241.0,22.5,26.345853805541992,160.63751220703125,51.097171783447266,133.9134979248047,38.25703048706055
242.0,22.5,26.625492095947266,160.14964294433594,51.02620315551758,133.72630310058594,38.25703048706055
243.0,22.5,26.939956665039062,159.6470947265625,50.94639587402344,133.5155792236328,38.25703048706055
244.0,22.5,27.22832489013672,159.14132690429688,50.873207092285156,133.3394012451172,38.25703048706055
245.0,22.5,27.56217384338379,158.61740112304688,50.788482666015625,133.1304473876953,38.25703048706055
246.0,22.5,28.002521514892578,158.058349609375,50.676727294921875,132.8323974609375,38.25703048706055
247.0,22.5,28.805416107177734,157.39224243164062,50.47296142578125,132.20846557617188,38.25703048706055
248.0,22.5,30.11522674560547,156.5615997314453,50.14054489135742,131.13034057617188,38.25703048706055
