angle,vert_angle,dist,x,y,z,height
285.0,-16.875,38.01011657714844,161.8692626953125,51.559818267822266,130.86947631835938,34.64383316040039
286.0,-16.875,38.05483627319336,161.20594787597656,51.55707550048828,130.9005126953125,34.64383316040039
281.0,-22.5,36.628108978271484,164.3167266845703,51.09680938720703,132.1090087890625,34.64383316040039
282.0,-22.5,36.06037521362305,163.71388244628906,51.14010238647461,132.70651245117188,34.64383316040039
283.0,-22.5,35.812599182128906,163.10682678222656,51.15899658203125,132.99569702148438,34.64383316040039
284.0,-22.5,35.67631912231445,162.4987335205078,51.16938781738281,133.18438720703125,34.64383316040039
285.0,-22.5,35.410274505615234,161.91082763671875,51.189674377441406,133.51199340820312,34.64383316040039
286.0,-22.5,35.546268463134766,161.28160095214844,51.17930603027344,133.4517364501953,34.64383316040039
287.0,-22.5,35.66468048095703,160.65164184570312,51.1702766418457,133.42013549804688,34.64383316040039
288.0,-22.5,36.0838508605957,159.9700927734375,51.13831329345703,133.10401916503906,34.64383316040039
289.0,-22.5,36.772056579589844,159.22747802734375,51.08583068847656,132.53726196289062,34.64383316040039
290.0,-22.5,37.612369537353516,158.43328857421875,51.02175521850586,131.837158203125,34.64383316040039
