angle,vert_angle,dist,x,y,z,height
285.0,-16.875,38.00963592529297,161.8694610595703,51.5596809387207,130.86996459960938,34.6190071105957
286.0,-16.875,38.054412841796875,161.20616149902344,51.55693435668945,130.90093994140625,34.6190071105957
281.0,-22.5,36.6263542175293,164.3169403076172,51.09676742553711,132.11077880859375,34.6190071105957
282.0,-22.5,36.0596923828125,163.7140655517578,51.139984130859375,132.70721435546875,34.6190071105957
283.0,-22.5,35.81230163574219,163.10699462890625,51.15884780883789,132.9960174560547,34.6190071105957
284.0,-22.5,35.675968170166016,162.4989013671875,51.169246673583984,133.18475341796875,34.6190071105957
285.0,-22.5,35.40964126586914,161.91104125976562,51.18955612182617,133.51263427734375,34.6190071105957
286.0,-22.5,35.54590606689453,161.28179931640625,51.17916488647461,133.4521026611328,34.6190071105957
287.0,-22.5,35.664119720458984,160.65185546875,51.17015075683594,133.4207000732422,34.6190071105957
288.0,-22.5,36.08317565917969,159.9703369140625,51.13819122314453,133.1046905517578,34.6190071105957
289.0,-22.5,36.770877838134766,159.2278289794922,51.08574676513672,132.53842163085938,34.6190071105957
290.0,-22.5,37.611717224121094,158.43356323242188,51.021629333496094,131.83779907226562,34.6190071105957
