angle,vert_angle,dist,x,y,z,height
71.0,22.5,40.5887565612793,26.155092239379883,53.99366760253906,100.81431579589844,22.733112335205078
75.0,22.5,14.433475494384766,16.984575271606445,31.969867706298828,111.57457733154297,22.733112335205078
51.0,11.25,25.912609100341797,21.111610412597656,42.11499786376953,107.91873931884766,22.733112335205078
42.0,5.625,25.04507064819336,20.837139129638672,41.28933334350586,108.09224700927734,22.733112335205078
35.0,0.0,32.16341781616211,23.106952667236328,47.025245666503906,104.451904296875,22.733112335205078
36.0,0.0,19.421287536621094,18.80220603942871,36.24591827392578,109.71415710449219,22.733112335205078
25.0,-22.5,13.913355827331543,16.26413345336914,29.84906768798828,109.09308624267578,22.733112335205078
