angle,vert_angle,dist,x,y,z,height
89.0,22.5,35.777687072753906,37.459938049316406,68.59056091308594,104.85118865966797,8.972249031066895
90.0,22.5,35.03050231933594,36.619232177734375,68.79194641113281,104.44501495361328,8.972249031066895
91.0,22.5,34.62813949584961,36.09505844116211,68.90039825439453,103.97806549072266,8.972249031066895
92.0,22.5,34.40959167480469,35.73455810546875,68.95930480957031,103.47716522216797,8.972249031066895
93.0,22.5,34.170318603515625,35.34737014770508,69.02379608154297,102.99207305908203,8.972249031066895
94.0,22.5,34.159603118896484,35.161964416503906,69.02667999267578,102.44849395751953,8.972249031066895
95.0,22.5,34.11821746826172,34.93928909301758,69.03783416748047,101.9181900024414,8.972249031066895
96.0,22.5,34.25772476196289,34.871002197265625,69.00023651123047,101.33206176757812,8.972249031066895
97.0,22.5,34.36155319213867,34.7596549987793,68.97225189208984,100.75750732421875,8.972249031066895
98.0,22.5,34.48427963256836,34.654483795166016,68.93917083740234,100.17644500732422,8.972249031066895
99.0,22.5,34.94588088989258,34.838096618652344,68.81475830078125,99.46630859375,8.972249031066895
100.0,22.5,35.26203155517578,34.878501892089844,68.72954559326172,98.80361938476562,8.972249031066895
101.0,22.5,35.69344711303711,35.00545120239258,68.61326599121094,98.08805847167969,8.972249031066895
102.0,22.5,36.25862121582031,35.23221969604492,68.4609375,97.30679321289062,8.972249031066895
103.0,22.5,36.93632125854492,35.537315368652344,68.27827453613281,96.4635009765625,8.972249031066895
104.0,22.5,37.77803421020508,35.961395263671875,68.0514144897461,95.53004455566406,8.972249031066895
105.0,22.5,39.35628128051758,36.980812072753906,67.62602996826172,94.22977447509766,8.972249031066895
