angle,vert_angle,dist,x,y,z,height
233.0,0.0,45.54526901245117,57.14788818359375,28.57394790649414,119.331298828125,63.400821685791016
234.0,0.0,47.831871032714844,58.40538787841797,26.949771881103516,120.4880599975586,63.400821685791016
235.0,0.0,49.14677047729492,59.3730583190918,26.01580047607422,121.01254272460938,63.400821685791016
236.0,0.0,49.72888946533203,60.10369873046875,25.602313995361328,121.06658172607422,63.400821685791016
249.0,-5.625,43.66811752319336,60.56446838378906,27.342422485351562,112.07862854003906,63.400821685791016
250.0,-5.625,46.20823669433594,62.00715637207031,25.38897705078125,112.97642517089844,63.400821685791016
251.0,-5.625,47.847129821777344,63.097591400146484,24.12860870361328,113.4048843383789,63.400821685791016
252.0,-5.625,48.79401397705078,63.9045295715332,23.400421142578125,113.48063659667969,63.400821685791016
253.0,-5.625,49.75962448120117,64.7286605834961,22.65782928466797,113.54351043701172,63.400821685791016
265.0,-11.25,43.66651916503906,62.320682525634766,25.102279663085938,105.96678924560547,63.400821685791016
266.0,-11.25,46.33497619628906,63.81156921386719,22.913166046142578,106.5210952758789,63.400821685791016
267.0,-11.25,48.590457916259766,65.13473510742188,21.062850952148438,106.89125061035156,63.400821685791016
268.0,-11.25,49.70996856689453,65.94034576416016,20.14444351196289,106.85374450683594,63.400821685791016
286.0,-16.875,47.08863830566406,64.55677032470703,20.249893188476562,99.4661636352539,63.400821685791016
287.0,-16.875,49.048301696777344,65.62987518310547,18.55715560913086,99.42217254638672,63.400821685791016
348.0,-16.875,48.75788879394531,61.08949279785156,18.808002471923828,74.82637786865234,63.400821685791016
349.0,-16.875,46.571533203125,59.984371185302734,20.696571350097656,75.23600769042969,63.400821685791016
