angle,vert_angle,dist,x,y,z,height
91.0,5.625,7.448477745056152,84.95194244384766,26.75881576538086,208.46182250976562,24.52505874633789
118.0,0.0,2.8480613231658936,88.38104248046875,25.303302764892578,205.10507202148438,24.52505874633789
105.0,-11.25,16.42433738708496,83.04764556884766,26.683467864990234,217.6546630859375,24.52505874633789
111.0,-16.875,19.11252212524414,83.86109161376953,25.93863868713379,220.8074188232422,24.52505874633789
