angle,vert_angle,dist,x,y,z,height
21.0,22.5,47.82453918457031,52.685794830322266,13.629961967468262,143.4239959716797,16.415340423583984
27.0,16.875,46.82709884643555,54.801570892333984,17.659217834472656,138.9368896484375,16.415340423583984
141.0,-11.25,20.32387924194336,16.960407257080078,25.500045776367188,95.36886596679688,16.415340423583984
