angle,vert_angle,dist,x,y,z,height
23.0,22.5,14.49014663696289,283.1792297363281,14.729653358459473,140.270263671875,14.968972206115723
15.0,16.875,17.45044708251953,279.8839111328125,15.988001823425293,141.91346740722656,14.968972206115723
16.0,16.875,12.829830169677734,282.3422546386719,15.610482215881348,138.0106658935547,14.968972206115723
214.0,16.875,7.540487289428711,289.7915954589844,15.178325653076172,119.37519836425781,14.968972206115723
7.0,11.25,18.151697158813477,277.40887451171875,17.304353713989258,140.925537109375,14.968972206115723
237.0,5.625,24.485790252685547,283.7291564941406,19.924007415771484,103.34182739257812,14.968972206115723
247.0,-5.625,19.525135040283203,282.4984130859375,21.353683471679688,109.4481201171875,14.968972206115723
252.0,-11.25,30.72679901123047,277.8397216796875,27.08456802368164,100.78235626220703,14.968972206115723
253.0,-11.25,21.63291358947754,280.65606689453125,23.378467559814453,108.60543823242188,14.968972206115723
351.0,-11.25,7.47654914855957,282.589111328125,17.609224319458008,130.30056762695312,14.968972206115723
258.0,-16.875,29.44578742980957,276.96624755859375,28.205053329467773,103.32486724853516,14.968972206115723
259.0,-16.875,25.173858642578125,278.2812194824219,26.225788116455078,106.89978790283203,14.968972206115723
260.0,-16.875,8.209851264953613,285.008056640625,18.366031646728516,120.34600830078125,14.968972206115723
261.0,-16.875,18.892433166503906,280.29803466796875,23.31548309326172,112.13179779052734,14.968972206115723
264.0,-22.5,31.824054718017578,274.9805603027344,30.94017219543457,103.02531433105469,14.968972206115723
265.0,-22.5,28.92837142944336,275.8296203613281,29.449939727783203,105.40216827392578,14.968972206115723
266.0,-22.5,26.40435218811035,276.59051513671875,28.150985717773438,107.46988677978516,14.968972206115723
267.0,-22.5,23.642425537109375,277.529052734375,26.72957992553711,109.67597198486328,14.968972206115723
268.0,-22.5,21.72722053527832,278.13958740234375,25.743938446044922,111.23763275146484,14.968972206115723
269.0,-22.5,19.768604278564453,278.8221130371094,24.735958099365234,112.80303955078125,14.968972206115723
270.0,-22.5,17.974061965942383,279.47412109375,23.812416076660156,114.2249755859375,14.968972206115723
271.0,-22.5,16.21758460998535,280.1531066894531,22.908456802368164,115.59330749511719,14.968972206115723
272.0,-22.5,11.775617599487305,282.2796325683594,20.62244415283203,118.75967407226562,14.968972206115723
