angle,vert_angle,dist,x,y,z,height
219.0,5.625,49.20957946777344,57.062103271484375,26.356834411621094,123.40230560302734,62.11502456665039
220.0,5.625,49.9419059753418,57.868133544921875,25.866413116455078,123.64519500732422,62.11502456665039
234.0,0.0,42.540321350097656,59.859779357910156,27.98396873474121,112.93242645263672,62.11502456665039
235.0,0.0,45.32284164428711,61.40394592285156,25.934886932373047,114.12743377685547,62.11502456665039
236.0,0.0,46.834720611572266,62.461204528808594,24.821521759033203,114.60106658935547,62.11502456665039
237.0,0.0,48.16505432128906,63.46258544921875,23.841846466064453,114.95001220703125,62.11502456665039
238.0,0.0,49.06434631347656,64.29312133789062,23.17959213256836,115.04914093017578,62.11502456665039
239.0,0.0,49.82662582397461,65.0720443725586,22.618240356445312,115.0572509765625,62.11502456665039
249.0,-5.625,44.81108856201172,63.327518463134766,23.638896942138672,107.47715759277344,62.11502456665039
250.0,-5.625,47.12451934814453,64.70933532714844,21.79726791381836,108.0124740600586,62.11502456665039
251.0,-5.625,48.536922454833984,65.6907958984375,20.672916412353516,108.16295623779297,62.11502456665039
252.0,-5.625,49.537052154541016,66.48682403564453,19.876750946044922,108.13163757324219,62.11502456665039
267.0,-11.25,46.82777786254883,65.14725494384766,19.59937286376953,100.541015625,62.11502456665039
268.0,-11.25,48.725685119628906,66.24536895751953,17.989871978759766,100.57061004638672,62.11502456665039
269.0,-11.25,49.98667907714844,67.04214477539062,16.92049789428711,100.42901611328125,62.11502456665039
344.0,-11.25,49.57583999633789,59.24703598022461,17.268898010253906,69.26973724365234,62.11502456665039
345.0,-11.25,48.538578033447266,58.55039596557617,18.148540496826172,69.42033386230469,62.11502456665039
346.0,-11.25,46.81679153442383,57.647010803222656,19.608680725097656,69.87948608398438,62.11502456665039
