angle,vert_angle,dist,x,y,z,height
303.0,22.5,57.666290283203125,155.8700714111328,49.18440246582031,128.5395050048828,9.129436492919922
304.0,22.5,54.20463562011719,159.0009765625,50.047611236572266,127.01362609863281,9.129436492919922
305.0,22.5,52.96546173095703,160.49696350097656,50.35661315917969,126.86457824707031,9.129436492919922
306.0,22.5,52.63219451904297,161.34706115722656,50.43972396850586,127.28629302978516,9.129436492919922
307.0,22.5,52.069007873535156,162.35723876953125,50.58015823364258,127.53103637695312,9.129436492919922
308.0,22.5,51.765159606933594,163.19097900390625,50.65592956542969,127.93282318115234,9.129436492919922
309.0,22.5,51.686737060546875,163.879638671875,50.67548370361328,128.47674560546875,9.129436492919922
310.0,22.5,51.656429290771484,164.545654296875,50.683040618896484,129.04241943359375,9.129436492919922
311.0,22.5,51.82046127319336,165.09817504882812,50.64213562011719,129.73858642578125,9.129436492919922
312.0,22.5,52.1363410949707,165.57081604003906,50.5633659362793,130.5398406982422,9.129436492919922
313.0,22.5,52.73039245605469,165.892822265625,50.41523361206055,131.54612731933594,9.129436492919922
314.0,22.5,53.373374938964844,166.21119689941406,50.2548942565918,132.59031677246094,9.129436492919922
315.0,22.5,54.498416900634766,166.27696228027344,49.97435760498047,134.00933837890625,9.129436492919922
316.0,22.5,56.04465103149414,166.1444091796875,49.588775634765625,135.76919555664062,9.129436492919922
