angle,vert_angle,dist,x,y,z,height
319.0,22.5,55.56407928466797,159.4849395751953,51.18454360961914,129.97872924804688,9.146611213684082
320.0,22.5,54.75177764892578,160.70944213867188,51.36474609375,130.07382202148438,9.146611213684082
321.0,22.5,54.189231872558594,161.75900268554688,51.48954772949219,130.31581115722656,9.146611213684082
322.0,22.5,54.397674560546875,162.3016357421875,51.443302154541016,131.0908203125,9.146611213684082
323.0,22.5,54.697967529296875,162.8014678955078,51.37668228149414,131.9260711669922,9.146611213684082
324.0,22.5,56.208641052246094,162.55950927734375,51.04154586791992,133.65859985351562,9.146611213684082
