angle,vert_angle,dist,x,y,z,height
93.0,-16.875,46.5521240234375,37.62236404418945,69.1475601196289,96.23946380615234,8.350715637207031
94.0,-16.875,45.92106246948242,38.612064361572266,69.26918029785156,96.41532897949219,8.350715637207031
95.0,-16.875,45.6363525390625,39.35038375854492,69.32405090332031,96.79948425292969,8.350715637207031
96.0,-16.875,45.69905090332031,39.84836196899414,69.31196594238281,97.40570068359375,8.350715637207031
97.0,-16.875,45.99897003173828,40.19414520263672,69.25416564941406,98.16961669921875,8.350715637207031
98.0,-16.875,46.459442138671875,40.4482536315918,69.16542053222656,99.0450439453125,8.350715637207031
99.0,-16.875,47.24235916137695,40.50920104980469,69.01453399658203,100.1541976928711,8.350715637207031
100.0,-16.875,48.25446701049805,40.45013427734375,68.81947326660156,101.43928527832031,8.350715637207031
88.0,-22.5,44.653594970703125,37.62770080566406,66.18907928466797,92.06785583496094,8.350715637207031
89.0,-22.5,43.850650787353516,38.69509506225586,66.40360260009766,92.18294525146484,8.350715637207031
90.0,-22.5,43.27119064331055,39.589073181152344,66.55841827392578,92.40506744384766,8.350715637207031
91.0,-22.5,42.948463439941406,40.291690826416016,66.64464569091797,92.76386260986328,8.350715637207031
92.0,-22.5,42.708213806152344,40.93714904785156,66.70883178710938,93.15860748291016,8.350715637207031
93.0,-22.5,42.629756927490234,41.47127914428711,66.72979736328125,93.64381408691406,8.350715637207031
94.0,-22.5,42.811126708984375,41.83047103881836,66.68133544921875,94.2901611328125,8.350715637207031
95.0,-22.5,42.940704345703125,42.238765716552734,66.64671325683594,94.89752960205078,8.350715637207031
96.0,-22.5,43.17744445800781,42.58639907836914,66.58346557617188,95.57254028320312,8.350715637207031
97.0,-22.5,43.43781661987305,42.9328727722168,66.51390075683594,96.26061248779297,8.350715637207031
98.0,-22.5,43.96646499633789,43.118934631347656,66.3726577758789,97.13531494140625,8.350715637207031
99.0,-22.5,44.48921203613281,43.33062744140625,66.23300170898438,98.00839233398438,8.350715637207031
100.0,-22.5,45.06279754638672,43.53211975097656,66.07974243164062,98.9205322265625,8.350715637207031
101.0,-22.5,46.02755355834961,43.5157470703125,65.82199096679688,100.125,8.350715637207031
102.0,-22.5,47.045875549316406,43.50063705444336,65.54991912841797,101.38008880615234,8.350715637207031
103.0,-22.5,48.477378845214844,43.27704620361328,65.16746520996094,102.96061706542969,8.350715637207031
