angle,vert_angle,dist,x,y,z,height
159.0,22.5,2.76484751701355,10.234762191772461,8.685806274414062,63.33426284790039,8.562362670898438
170.0,22.5,19.42549705505371,10.592220306396484,12.879422187805176,79.51176452636719,8.562362670898438
171.0,22.5,13.870804786682129,10.877401351928711,11.48126220703125,74.1363296508789,8.562362670898438
172.0,22.5,6.044892311096191,10.918993949890137,9.511419296264648,66.56092071533203,8.562362670898438
173.0,22.5,5.688307762145996,11.006240844726562,9.421663284301758,66.212646484375,8.562362670898438
174.0,22.5,7.2379865646362305,11.192647933959961,9.811731338500977,67.70474243164062,8.562362670898438
273.0,22.5,11.5224027633667,21.659038543701172,10.890151977539062,58.30698013305664,8.562362670898438
274.0,22.5,5.14963436126709,15.61716079711914,9.286075592041016,59.552677154541016,8.562362670898438
275.0,22.5,5.304922103881836,15.741707801818848,9.325161933898926,59.43073654174805,8.562362670898438
276.0,22.5,5.460253715515137,15.863472938537598,9.36426067352295,59.304100036621094,8.562362670898438
161.0,16.875,10.510391235351562,9.015204429626465,9.639204025268555,70.94329071044922,8.562362670898438
164.0,16.875,24.039945602416992,7.986291408538818,11.762313842773438,84.29087829589844,8.562362670898438
170.0,16.875,49.407501220703125,10.145328521728516,15.74308967590332,109.50392150878906,8.562362670898438
286.0,16.875,9.646915435791016,19.38612174987793,9.503704071044922,56.64601135253906,8.562362670898438
288.0,16.875,7.819127082824707,17.634384155273438,9.216880798339844,57.17477798461914,8.562362670898438
144.0,11.25,9.92856216430664,6.296824932098389,8.591828346252441,69.55580139160156,8.562362670898438
146.0,11.25,11.212037086486816,6.070151329040527,8.66964340209961,70.86919403076172,8.562362670898438
167.0,11.25,49.852203369140625,7.444189548492432,11.012349128723145,110.36176300048828,8.562362670898438
298.0,11.25,14.396463394165039,22.221216201782227,8.862710952758789,52.03096389770508,8.562362670898438
