angle,vert_angle,dist,x,y,z,height
148.0,22.5,48.019588470458984,1.8996784687042236,8.912617683410645,122.4289779663086,9.749700546264648
149.0,22.5,44.933650970458984,3.03216552734375,8.891654014587402,119.44615173339844,9.749700546264648
150.0,22.5,42.233951568603516,4.028045177459717,8.873316764831543,116.82426452636719,9.749700546264648
