angle,vert_angle,dist,x,y,z,height
90.0,22.5,8.261552810668945,0.5662434101104736,8.238374710083008,79.38423919677734,9.76870346069336
335.0,22.5,13.304615020751953,5.228837490081787,8.037425994873047,61.61080551147461,9.76870346069336
336.0,22.5,11.295449256896973,5.3601155281066895,8.117485046386719,63.62545394897461,9.76870346069336
337.0,22.5,14.188751220703125,4.598805904388428,8.002197265625,60.82776641845703,9.76870346069336
338.0,22.5,14.188743591308594,4.356622219085693,8.002197265625,60.87849044799805,9.76870346069336
339.0,22.5,14.188735961914062,4.115359306335449,8.002197265625,60.933433532714844,9.76870346069336
340.0,22.5,14.188735961914062,3.875091314315796,8.002197265625,60.99256896972656,9.76870346069336
341.0,22.5,14.188739776611328,3.6358845233917236,8.002197265625,61.05588912963867,9.76870346069336
342.0,22.5,14.188736915588379,3.3978271484375,8.002197265625,61.12337875366211,9.76870346069336
343.0,22.5,14.188738822937012,3.1609811782836914,8.002197265625,61.19500732421875,9.76870346069336
344.0,22.5,14.188739776611328,2.9254238605499268,8.002197265625,61.27075958251953,9.76870346069336
345.0,22.5,14.188727378845215,2.691227912902832,8.002197265625,61.350624084472656,9.76870346069336
346.0,22.5,14.188737869262695,2.4584484100341797,8.002197265625,61.43454360961914,9.76870346069336
347.0,22.5,14.188742637634277,2.2271766662597656,8.002197265625,61.522518157958984,9.76870346069336
348.0,22.5,14.188739776611328,1.997477412223816,8.002197265625,61.61452102661133,9.76870346069336
349.0,22.5,14.188737869262695,1.7694175243377686,8.002197265625,61.71051788330078,9.76870346069336
350.0,22.5,14.188728332519531,1.5430742502212524,8.002197265625,61.81048583984375,9.76870346069336
351.0,22.5,14.188735961914062,1.3184940814971924,8.002197265625,61.91437911987305,9.76870346069336
352.0,22.5,14.188743591308594,1.0957701206207275,8.002197265625,62.02217102050781,9.76870346069336
353.0,22.5,14.188736915588379,0.8749650716781616,8.002197265625,62.133846282958984,9.76870346069336
354.0,22.5,14.18873405456543,0.6561403870582581,8.002197265625,62.24935531616211,9.76870346069336
355.0,22.5,14.188741683959961,0.4393620491027832,8.002197265625,62.368656158447266,9.76870346069336
356.0,22.5,14.188742637634277,0.22469478845596313,8.002197265625,62.49173355102539,9.76870346069336
357.0,22.5,14.188736915588379,0.012217462062835693,8.002197265625,62.61853790283203,9.76870346069336
