angle,vert_angle,dist,x,y,z,height
85.0,-22.5,46.622230529785156,36.527198791503906,67.96578979492188,94.87068939208984,8.416239738464355
86.0,-22.5,45.376617431640625,37.95654296875,68.2362060546875,94.64832305908203,8.416239738464355
87.0,-22.5,44.628196716308594,39.013309478759766,68.398681640625,94.71733856201172,8.416239738464355
88.0,-22.5,44.4423828125,39.66824722290039,68.43902587890625,95.14118957519531,8.416239738464355
89.0,-22.5,44.42946243286133,40.209228515625,68.44182586669922,95.67093658447266,8.416239738464355
90.0,-22.5,44.491790771484375,40.708316802978516,68.42829895019531,96.24397277832031,8.416239738464355
91.0,-22.5,44.71641540527344,41.1103515625,68.37953186035156,96.9250717163086,8.416239738464355
92.0,-22.5,45.08753204345703,41.43162155151367,68.29896545410156,97.7081527709961,8.416239738464355
93.0,-22.5,45.671958923339844,41.63506317138672,68.17208862304688,98.64718627929688,8.416239738464355
94.0,-22.5,46.358154296875,41.798789978027344,68.02311706542969,99.66522979736328,8.416239738464355
95.0,-22.5,47.38080596923828,41.78325653076172,67.80110931396484,100.94343566894531,8.416239738464355
96.0,-22.5,48.95838928222656,41.47129821777344,67.45862579345703,102.6602554321289,8.416239738464355
