angle,vert_angle,dist,x,y,z,height
285.0,-16.875,38.009849548339844,161.86927795410156,51.559749603271484,130.86973571777344,34.64518737792969
286.0,-16.875,38.05462646484375,161.2059783935547,51.557003021240234,130.9007110595703,34.64518737792969
281.0,-22.5,36.62715148925781,164.31675720214844,51.0968017578125,132.10995483398438,34.64518737792969
282.0,-22.5,36.06003189086914,163.71389770507812,51.14004898071289,132.70684814453125,34.64518737792969
283.0,-22.5,35.81242752075195,163.10682678222656,51.158931732177734,132.99586486816406,34.64518737792969
284.0,-22.5,35.67612838745117,162.4987335205078,51.16932678222656,133.1845703125,34.64518737792969
285.0,-22.5,35.40987777709961,161.910888671875,51.18962860107422,133.5123748779297,34.64518737792969
286.0,-22.5,35.546119689941406,161.2816162109375,51.179237365722656,133.45187377929688,34.64518737792969
287.0,-22.5,35.66437911987305,160.65167236328125,51.170223236083984,133.42042541503906,34.64518737792969
288.0,-22.5,36.083595275878906,159.97012329101562,51.13825225830078,133.10426330566406,34.64518737792969
289.0,-22.5,36.771644592285156,159.22755432128906,51.085784912109375,132.53765869140625,34.64518737792969
290.0,-22.5,37.61213302612305,158.43333435058594,51.021690368652344,131.83738708496094,34.64518737792969
