angle,vert_angle,dist,x,y,z,height
110.0,22.5,31.160301208496094,162.74818420410156,51.21671676635742,129.57891845703125,37.80878448486328
111.0,22.5,30.059938430786133,162.3957061767578,51.43968963623047,130.72366333007812,37.80878448486328
112.0,22.5,29.766178131103516,161.94076538085938,51.49921417236328,131.09400939941406,37.80878448486328
113.0,22.5,29.818241119384766,161.43104553222656,51.488670349121094,131.13919067382812,37.80878448486328
114.0,22.5,30.1473331451416,160.8636016845703,51.42198181152344,130.92837524414062,37.80878448486328
115.0,22.5,30.049301147460938,160.38316345214844,51.44184494018555,131.1358184814453,37.80878448486328
116.0,22.5,30.498722076416016,159.77581787109375,51.35077667236328,130.83168029785156,37.80878448486328
