angle,vert_angle,dist,x,y,z,height
72.0,22.5,15.889847755432129,16.412403106689453,30.551414489746094,111.49048614501953,20.22303009033203
60.0,16.875,21.384979248046875,18.482776641845703,35.43115997314453,109.85856628417969,20.22303009033203
61.0,16.875,17.12436866760254,16.908845901489258,31.811622619628906,111.47274017333984,20.22303009033203
50.0,11.25,18.564014434814453,17.531753540039062,33.12979507446289,111.2077407836914,20.22303009033203
42.0,5.625,16.87700843811035,16.87131118774414,31.63556480407715,111.68258666992188,20.22303009033203
35.0,0.0,19.55012321472168,17.7476749420166,33.690818786621094,110.13751220703125,20.22303009033203
26.0,-11.25,25.31633949279785,19.478408813476562,37.35353088378906,105.48036193847656,20.22303009033203
27.0,-11.25,17.20133399963379,16.667125701904297,30.913909912109375,109.5461196899414,20.22303009033203
25.0,-16.875,15.334321975708008,15.853171348571777,28.89647674560547,109.62983703613281,20.22303009033203
