angle,vert_angle,dist,x,y,z,height
183.0,-11.25,43.82962417602539,57.997093200683594,28.660343170166016,117.34191131591797,60.99945068359375
184.0,-11.25,47.10706329345703,59.65018844604492,26.424575805664062,119.1712417602539,60.99945068359375
185.0,-11.25,48.574127197265625,60.709678649902344,25.423789978027344,119.80436706542969,60.99945068359375
186.0,-11.25,49.50131607055664,61.59291458129883,24.791290283203125,120.07100677490234,60.99945068359375
187.0,-11.25,49.96417999267578,62.310890197753906,24.475543975830078,120.02806091308594,60.99945068359375
192.0,-16.875,44.010929107666016,61.67756652832031,25.822315216064453,111.73056030273438,60.99945068359375
193.0,-16.875,46.32331085205078,63.074989318847656,24.10226821899414,112.5750503540039,60.99945068359375
194.0,-16.875,47.416015625,63.96681213378906,23.289466857910156,112.76705932617188,60.99945068359375
195.0,-16.875,48.53001403808594,64.88095092773438,22.460826873779297,112.94542694091797,60.99945068359375
196.0,-16.875,49.55636215209961,65.76720428466797,21.69738006591797,113.05647277832031,60.99945068359375
200.0,-22.5,46.072017669677734,64.47512817382812,21.77777099609375,106.55425262451172,60.99945068359375
201.0,-22.5,47.43870544433594,65.4247817993164,20.686664581298828,106.68425750732422,60.99945068359375
202.0,-22.5,48.71218490600586,66.3405990600586,19.66997528076172,106.75240325927734,60.99945068359375
203.0,-22.5,49.841026306152344,67.19509887695312,18.76876449584961,106.74246215820312,60.99945068359375
