angle,vert_angle,dist,x,y,z,height
71.0,22.5,34.03480529785156,20.968730926513672,40.627132415771484,102.68443298339844,16.3898868560791
61.0,16.875,18.102144241333008,15.447063446044922,28.155303955078125,110.9658203125,16.3898868560791
62.0,16.875,33.60504150390625,20.86634063720703,40.748130798339844,103.72323608398438,16.3898868560791
52.0,11.25,17.877685546875,15.42363166809082,28.080055236816406,111.3116683959961,16.3898868560791
53.0,11.25,30.207752227783203,19.753870010375977,38.16947937011719,105.69584655761719,16.3898868560791
45.0,5.625,26.5274715423584,18.467491149902344,35.107818603515625,107.28473663330078,16.3898868560791
38.0,0.0,17.566978454589844,15.25366497039795,27.621253967285156,111.035400390625,16.3898868560791
39.0,0.0,32.859100341796875,20.59845733642578,39.95639419555664,103.74239349365234,16.3898868560791
30.0,-11.25,16.43810272216797,14.56912899017334,26.009695053100586,110.26995849609375,16.3898868560791
26.0,-16.875,38.4168701171875,22.45570945739746,41.55353546142578,96.81778717041016,16.3898868560791
