angle,vert_angle,dist,x,y,z,height
18.0,-22.5,17.789457321166992,25.297086715698242,22.799396514892578,68.8233871459961,11.970986366271973
