angle,vert_angle,dist,x,y,z,height
57.0,22.5,65.27442169189453,260.4458312988281,45.58441925048828,96.11602783203125,9.129152297973633
58.0,22.5,64.6820297241211,259.9444885253906,45.74846267700195,94.99346923828125,9.129152297973633
281.0,22.5,54.43730545043945,157.79869079589844,48.58525466918945,125.33915710449219,9.129152297973633
282.0,22.5,53.06254577636719,159.38861083984375,48.9659309387207,125.1670913696289,9.129152297973633
283.0,22.5,52.080970764160156,160.67919921875,49.23773193359375,125.20278930664062,9.129152297973633
284.0,22.5,51.40168762207031,161.74659729003906,49.42582702636719,125.40184783935547,9.129152297973633
285.0,22.5,51.06433868408203,162.57305908203125,49.51924133300781,125.80216217041016,9.129152297973633
286.0,22.5,50.685787200927734,163.43043518066406,49.624061584472656,126.1559829711914,9.129152297973633
287.0,22.5,50.51597595214844,164.14993286132812,49.67108917236328,126.63455963134766,9.129152297973633
288.0,22.5,50.32752227783203,164.8878631591797,49.723270416259766,127.08547973632812,9.129152297973633
289.0,22.5,50.33245086669922,165.5068359375,49.72190475463867,127.65936279296875,9.129152297973633
290.0,22.5,50.50056457519531,166.0328826904297,49.67535400390625,128.34072875976562,9.129152297973633
291.0,22.5,50.58356475830078,166.62547302246094,49.652366638183594,128.95199584960938,9.129152297973633
292.0,22.5,50.92041015625,167.07615661621094,49.55909729003906,129.7432403564453,9.129152297973633
293.0,22.5,51.27250671386719,167.5360107421875,49.46160125732422,130.5415802001953,9.129152297973633
294.0,22.5,51.8064079284668,167.90921020507812,49.31376266479492,131.47483825683594,9.129152297973633
295.0,22.5,52.53588104248047,168.1953582763672,49.11176681518555,132.5587921142578,9.129152297973633
296.0,22.5,53.375091552734375,168.4498291015625,48.87938690185547,133.73104858398438,9.129152297973633
297.0,22.5,54.760833740234375,168.44253540039062,48.49567413330078,135.3419647216797,9.129152297973633
298.0,22.5,57.14829635620117,167.95831298828125,47.83457946777344,137.77273559570312,9.129152297973633
