angle,vert_angle,dist,x,y,z,height
148.0,-5.625,49.9560546875,65.2967758178711,22.72757339477539,116.2400131225586,53.72667694091797
147.0,-11.25,46.44618225097656,64.05146026611328,23.161739349365234,112.36994934082031,53.72667694091797
148.0,-11.25,49.96141052246094,66.58016967773438,21.384231567382812,114.19451141357422,53.72667694091797
146.0,-16.875,45.59020233154297,64.34068298339844,22.593116760253906,110.32628631591797,53.72667694091797
147.0,-16.875,49.97675323486328,67.40033721923828,20.278656005859375,112.56781005859375,53.72667694091797
145.0,-22.5,49.27582931518555,67.4020004272461,19.816436767578125,110.99717712402344,53.72667694091797
