angle,vert_angle,dist,x,y,z,height
20.0,-22.5,8.122991561889648,6.3214921951293945,8.175152778625488,63.47356414794922,8.558889389038086
28.0,-22.5,10.868616104125977,5.177011013031006,8.207778930664062,66.29237365722656,8.558889389038086
35.0,-22.5,14.658387184143066,3.91152024269104,8.252811431884766,70.18256378173828,8.558889389038086
171.0,-22.5,48.02387237548828,60.131675720214844,8.649286270141602,50.87665939331055,8.558889389038086
204.0,-22.5,17.99687957763672,26.068710327148438,8.292482376098633,46.40058517456055,8.558889389038086
208.0,-22.5,14.731825828552246,22.930490493774414,8.253684997558594,47.8504638671875,8.558889389038086
