angle,vert_angle,dist,x,y,z,height
353.0,22.5,29.921932220458984,10.771413803100586,16.7822208404541,108.87654876708984,19.073453903198242
356.0,16.875,21.410202026367188,13.600460052490234,19.356182098388672,100.77073669433594,19.073453903198242
358.0,11.25,24.254169464111328,14.01461124420166,21.836257934570312,103.47857666015625,19.073453903198242
3.0,0.0,22.047014236450195,16.118850708007812,25.715852737426758,100.43643951416016,19.073453903198242
6.0,-5.625,20.471696853637695,17.104581832885742,27.053577423095703,98.21044158935547,19.073453903198242
9.0,-11.25,20.751005172729492,17.94602394104004,28.967683792114258,97.49305725097656,19.073453903198242
12.0,-16.875,23.373411178588867,18.875118255615234,32.20455551147461,98.43042755126953,19.073453903198242
13.0,-16.875,19.54351043701172,18.81724739074707,29.95403289794922,95.3173828125,19.073453903198242
16.0,-22.5,24.084829330444336,19.87519073486328,34.454654693603516,97.38670349121094,19.073453903198242
17.0,-22.5,20.812774658203125,19.73149871826172,32.28303527832031,94.92597198486328,19.073453903198242
