angle,vert_angle,dist,x,y,z,height
100.0,-22.5,49.97947692871094,36.85184097290039,69.79165649414062,98.29205322265625,8.972064971923828
101.0,-22.5,49.467018127441406,37.84420394897461,69.88046264648438,98.27181243896484,8.972064971923828
102.0,-22.5,49.52648162841797,38.56481170654297,69.87016296386719,98.7279052734375,8.972064971923828
