angle,vert_angle,dist,x,y,z,height
198.0,22.5,49.84491729736328,48.870086669921875,11.669038772583008,142.9092559814453,-3.1295807361602783
199.0,22.5,48.563682556152344,47.485713958740234,11.262256622314453,142.4374542236328,-3.1295807361602783
200.0,22.5,47.164634704589844,45.9920539855957,10.81806468963623,142.0419921875,-3.1295807361602783
201.0,22.5,44.963531494140625,43.773189544677734,10.119224548339844,141.92369079589844,-3.1295807361602783
202.0,22.5,42.29056167602539,41.13956069946289,9.2705659866333,142.02084350585938,-3.1295807361602783
199.0,16.875,49.5994758605957,48.930171966552734,11.234945297241211,143.62115478515625,-3.1295807361602783
200.0,16.875,48.7725944519043,47.96841049194336,10.978353500366211,143.0221405029297,-3.1295807361602783
201.0,16.875,47.19887161254883,46.3162956237793,10.49000358581543,142.64483642578125,-3.1295807361602783
202.0,16.875,45.305728912353516,44.37421417236328,9.902534484863281,142.4085693359375,-3.1295807361602783
203.0,16.875,42.7619743347168,41.84821701049805,9.113168716430664,142.42384338378906,-3.1295807361602783
200.0,11.25,49.0687141418457,48.74405288696289,10.571246147155762,144.33370971679688,-3.1295807361602783
201.0,11.25,47.79517364501953,47.37580490112305,10.188997268676758,143.8300323486328,-3.1295807361602783
202.0,11.25,46.58102798461914,46.058990478515625,9.824578285217285,143.3562774658203,-3.1295807361602783
203.0,11.25,45.01347732543945,44.415199279785156,9.354084014892578,143.0172576904297,-3.1295807361602783
200.0,5.625,49.07686996459961,49.235870361328125,9.932751655578613,145.6623992919922,-3.1295807361602783
201.0,5.625,47.87952423095703,47.94892501831055,9.58901309967041,145.10028076171875,-3.1295807361602783
202.0,5.625,46.958553314208984,46.91453170776367,9.324613571166992,144.5199432373047,-3.1295807361602783
203.0,5.625,45.21876525878906,45.1132698059082,8.825143814086914,144.16452026367188,-3.1295807361602783
199.0,0.0,49.383968353271484,50.11811065673828,9.239425659179688,147.69772338867188,-3.1295807361602783
200.0,0.0,48.415679931640625,49.068687438964844,8.976770401000977,147.03285217285156,-3.1295807361602783
201.0,0.0,47.4239616394043,47.988487243652344,8.707755088806152,146.40655517578125,-3.1295807361602783
197.0,-5.625,49.95809555053711,51.260826110839844,8.474081039428711,150.5095977783203,-3.1295807361602783
