angle,vert_angle,dist,x,y,z,height
103.0,22.5,30.488706588745117,164.7250518798828,50.779571533203125,129.8983917236328,38.003055572509766
104.0,22.5,29.279409408569336,164.28762817382812,51.04081726074219,131.10752868652344,38.003055572509766
105.0,22.5,28.669696807861328,163.84144592285156,51.17253494262695,131.73927307128906,38.003055572509766
106.0,22.5,28.535566329956055,163.36865234375,51.20151138305664,131.91586303710938,38.003055572509766
107.0,22.5,27.89238166809082,162.9613494873047,51.34046173095703,132.59381103515625,38.003055572509766
108.0,22.5,27.871370315551758,162.4928741455078,51.34499740600586,132.67568969726562,38.003055572509766
109.0,22.5,27.854373931884766,162.025634765625,51.348670959472656,132.76181030273438,38.003055572509766
110.0,22.5,27.89486312866211,161.5505828857422,51.33992385864258,132.8007354736328,38.003055572509766
111.0,22.5,27.755300521850586,161.1089630126953,51.37007522583008,133.0206756591797,38.003055572509766
112.0,22.5,28.080629348754883,160.5796661376953,51.29978942871094,132.80372619628906,38.003055572509766
113.0,22.5,28.29047203063965,160.06649780273438,51.254459381103516,132.70713806152344,38.003055572509766
114.0,22.5,28.63389015197754,159.51681518554688,51.18027114868164,132.4937744140625,38.003055572509766
115.0,22.5,29.10047149658203,158.92681884765625,51.07947540283203,132.17530822753906,38.003055572509766
116.0,22.5,29.579692840576172,158.32029724121094,50.97594451904297,131.85743713378906,38.003055572509766
108.0,16.875,30.92723846435547,162.67930603027344,51.23393630981445,129.5260772705078,38.003055572509766
109.0,16.875,29.808183670043945,162.30279541015625,51.4558219909668,130.67979431152344,38.003055572509766
110.0,16.875,29.50243377685547,161.8438720703125,51.51644515991211,131.04931640625,38.003055572509766
111.0,16.875,29.562164306640625,161.33583068847656,51.504600524902344,131.0729217529297,38.003055572509766
112.0,16.875,29.94137954711914,160.76878356933594,51.42940902709961,130.79794311523438,38.003055572509766
113.0,16.875,29.828523635864258,160.28903198242188,51.451786041259766,131.00633239746094,38.003055572509766
114.0,16.875,30.269332885742188,159.69491577148438,51.36438751220703,130.6934051513672,38.003055572509766
