angle,vert_angle,dist,x,y,z,height
233.0,5.625,47.58715057373047,56.84616470336914,27.499847412109375,121.57769775390625,63.590576171875
234.0,5.625,48.74631881713867,57.74332809448242,26.684871673583984,122.05925750732422,63.590576171875
235.0,5.625,49.92577362060547,58.66823959350586,25.855636596679688,122.53141021728516,63.590576171875
249.0,0.0,42.76850891113281,59.5815544128418,28.392494201660156,112.72697448730469,63.590576171875
250.0,0.0,45.55205535888672,61.102909088134766,26.27307891845703,113.81834411621094,63.590576171875
251.0,0.0,47.278587341308594,62.22342300415039,24.958484649658203,114.3407211303711,63.590576171875
252.0,0.0,48.22565460205078,63.03369903564453,24.23737335205078,114.45146942138672,63.590576171875
253.0,0.0,49.3087158203125,63.913177490234375,23.412715911865234,114.60603332519531,63.590576171875
266.0,-5.625,45.82926940917969,63.28298568725586,23.724308013916016,107.62594604492188,63.590576171875
267.0,-5.625,48.08466339111328,64.61338806152344,21.891979217529297,108.05912017822266,63.590576171875
268.0,-5.625,49.20255661010742,65.43183898925781,20.983787536621094,108.05612182617188,63.590576171875
285.0,-11.25,46.74828338623047,64.36499786376953,20.95886993408203,101.0819320678711,63.590576171875
286.0,-11.25,48.713253021240234,65.469482421875,19.277637481689453,101.10459899902344,63.590576171875
356.0,-11.25,48.77468490600586,59.79905700683594,19.225074768066406,72.72110748291016,63.590576171875
357.0,-11.25,41.534420013427734,56.9383544921875,25.419864654541016,75.1762466430664,63.590576171875
325.0,-16.875,44.180965423583984,62.25172805786133,21.611576080322266,88.04006958007812,63.590576171875
326.0,-16.875,45.555503845214844,62.81403732299805,20.38748550415039,87.5910415649414,63.590576171875
327.0,-16.875,45.01376724243164,62.5092658996582,20.86992645263672,87.27942657470703,63.590576171875
