angle,vert_angle,dist,x,y,z,height
25.0,-11.25,2.8118934631347656,36.704769134521484,69.67766571044922,101.9561538696289,69.37725067138672
26.0,-11.25,2.8084611892700195,36.74763488769531,69.67733764648438,101.97976684570312,69.37725067138672
27.0,-11.25,2.806856393814087,36.78990936279297,69.67718505859375,102.004150390625,69.37725067138672
28.0,-11.25,2.807063102722168,36.831668853759766,69.67720031738281,102.02933502197266,69.37725067138672
29.0,-11.25,2.809081792831421,36.87297821044922,69.67739868164062,102.05535888671875,69.37725067138672
30.0,-11.25,2.812925338745117,36.91390609741211,69.67776489257812,102.082275390625,69.37725067138672
31.0,-11.25,2.8186001777648926,36.95451736450195,69.67830657958984,102.11012268066406,69.37725067138672
32.0,-11.25,2.8261284828186035,36.994876861572266,69.67903137207031,102.13895416259766,69.37725067138672
33.0,-11.25,2.8355488777160645,37.03504943847656,69.679931640625,102.16883850097656,69.37725067138672
34.0,-11.25,2.8468785285949707,37.075096130371094,69.68102264404297,102.19981384277344,69.37725067138672
35.0,-11.25,2.8601741790771484,37.11508560180664,69.68229675292969,102.23196411132812,69.37725067138672
36.0,-11.25,2.875478506088257,37.15508270263672,69.68376159667969,102.26535034179688,69.37725067138672
37.0,-11.25,2.892850875854492,37.195152282714844,69.68543243408203,102.300048828125,69.37725067138672
38.0,-11.25,2.9123592376708984,37.2353630065918,69.68730163574219,102.33614349365234,69.37725067138672
39.0,-11.25,2.9340806007385254,37.27579116821289,69.68938446044922,102.37372589111328,69.37725067138672
40.0,-11.25,2.9580907821655273,37.31650161743164,69.69168090820312,102.41287994384766,69.37725067138672
41.0,-11.25,2.9845099449157715,37.35757827758789,69.6942138671875,102.4537353515625,69.37725067138672
42.0,-11.25,3.0134193897247314,37.39909362792969,69.69699096679688,102.49637603759766,69.37725067138672
