angle,vert_angle,dist,x,y,z,height
322.0,-22.5,28.179580688476562,161.9543914794922,51.5240478515625,130.99127197265625,38.26206970214844
323.0,-22.5,28.173587799072266,161.4669647216797,51.52430725097656,131.0531463623047,38.26206970214844
324.0,-22.5,28.52010726928711,160.9315643310547,51.509315490722656,130.7747802734375,38.26206970214844
