angle,vert_angle,dist,x,y,z,height
301.0,22.5,56.05878448486328,157.40765380859375,49.924949645996094,128.0670623779297,9.121095657348633
302.0,22.5,54.477149963378906,159.17147827148438,50.30887222290039,127.72273254394531,9.121095657348633
303.0,22.5,53.02190399169922,160.82229614257812,50.66211700439453,127.41326141357422,9.121095657348633
304.0,22.5,52.685218811035156,161.6819305419922,50.74384307861328,127.82372283935547,9.121095657348633
305.0,22.5,52.227874755859375,162.62596130371094,50.854854583740234,128.1310272216797,9.121095657348633
306.0,22.5,52.1280632019043,163.3327178955078,50.87908935546875,128.66981506347656,9.121095657348633
307.0,22.5,52.127906799316406,163.98277282714844,50.879119873046875,129.26683044433594,9.121095657348633
308.0,22.5,52.434383392333984,164.4476776123047,50.80473327636719,130.07662963867188,9.121095657348633
309.0,22.5,52.46765899658203,165.10121154785156,50.79664993286133,130.67877197265625,9.121095657348633
310.0,22.5,53.027530670166016,165.44358825683594,50.66075134277344,131.66635131835938,9.121095657348633
311.0,22.5,53.756141662597656,165.70960998535156,50.483890533447266,132.78257751464844,9.121095657348633
312.0,22.5,54.72030258178711,165.8671112060547,50.249855041503906,134.08384704589844,9.121095657348633
