angle,vert_angle,dist,x,y,z,height
285.0,-16.875,38.01040267944336,161.86911010742188,51.55990219116211,130.8691864013672,34.611053466796875
286.0,-16.875,38.055091857910156,161.20582580566406,51.55716323852539,130.90025329589844,34.611053466796875
281.0,-22.5,36.62919616699219,164.31658935546875,51.096832275390625,132.10791015625,34.611053466796875
282.0,-22.5,36.060787200927734,163.71377563476562,51.140174865722656,132.70608520507812,34.611053466796875
283.0,-22.5,35.81277084350586,163.10671997070312,51.159088134765625,132.99551391601562,34.611053466796875
284.0,-22.5,35.67652130126953,162.49862670898438,51.16947937011719,133.18417358398438,34.611053466796875
285.0,-22.5,35.41067886352539,161.91070556640625,51.18975067138672,133.51158142089844,34.611053466796875
286.0,-22.5,35.54647445678711,161.281494140625,51.17939758300781,133.45152282714844,34.611053466796875
287.0,-22.5,35.6650276184082,160.65150451660156,51.170352935791016,133.41978454589844,34.611053466796875
288.0,-22.5,36.08427429199219,159.96995544433594,51.13838577270508,133.1035919189453,34.611053466796875
289.0,-22.5,36.77278137207031,159.22726440429688,51.08588409423828,132.5365447998047,34.611053466796875
290.0,-22.5,37.612770080566406,158.43313598632812,51.02183532714844,131.83676147460938,34.611053466796875
