angle,vert_angle,dist,x,y,z,height
61.0,-22.5,29.873188018798828,164.97637939453125,50.69750213623047,129.96505737304688,38.27996063232422
62.0,-22.5,28.785940170288086,164.48809814453125,50.95576477050781,131.0253143310547,38.27996063232422
63.0,-22.5,27.97607421875,164.02748107910156,51.14814376831055,131.8241729736328,38.27996063232422
64.0,-22.5,27.924882888793945,163.5562286376953,51.160301208496094,131.89439392089844,38.27996063232422
65.0,-22.5,27.286693572998047,163.1267547607422,51.311893463134766,132.54159545898438,38.27996063232422
66.0,-22.5,27.195514678955078,162.6732635498047,51.33355712890625,132.66600036621094,38.27996063232422
67.0,-22.5,27.150171279907227,162.2189178466797,51.34432601928711,132.75387573242188,38.27996063232422
68.0,-22.5,27.137191772460938,161.76309204101562,51.347408294677734,132.81837463378906,38.27996063232422
69.0,-22.5,27.086965560913086,161.313720703125,51.359336853027344,132.92662048339844,38.27996063232422
70.0,-22.5,27.175636291503906,160.8460693359375,51.33827590942383,132.9093017578125,38.27996063232422
71.0,-22.5,27.410585403442383,160.35208129882812,51.282466888427734,132.7604522705078,38.27996063232422
72.0,-22.5,27.632673263549805,159.85401916503906,51.229713439941406,132.63323974609375,38.27996063232422
73.0,-22.5,27.96870994567871,159.3271484375,51.1498908996582,132.40721130371094,38.27996063232422
74.0,-22.5,28.401594161987305,158.76971435546875,51.047061920166016,132.0999755859375,38.27996063232422
75.0,-22.5,29.877365112304688,157.95506286621094,50.69650650024414,130.8212127685547,38.27996063232422
