angle,vert_angle,dist,x,y,z,height
87.0,22.5,35.78937911987305,36.973106384277344,67.82852172851562,106.10893249511719,8.646571159362793
88.0,22.5,35.063987731933594,36.17573928833008,68.03529357910156,105.66300201416016,8.646571159362793
89.0,22.5,34.603275299072266,35.62074661254883,68.1666259765625,105.1870346069336,8.646571159362793
90.0,22.5,34.19658279418945,35.10959243774414,68.28254699707031,104.7160415649414,8.646571159362793
91.0,22.5,34.14871597290039,34.92461013793945,68.29619598388672,104.17317962646484,8.646571159362793
92.0,22.5,33.97172546386719,34.61125564575195,68.34664916992188,103.66796112060547,8.646571159362793
93.0,22.5,33.93230438232422,34.41624069213867,68.3578872680664,103.13317108154297,8.646571159362793
94.0,22.5,33.90871810913086,34.22657012939453,68.36460876464844,102.59786224365234,8.646571159362793
95.0,22.5,33.92850112915039,34.06708908081055,68.35897064208984,102.05299377441406,8.646571159362793
96.0,22.5,34.121360778808594,34.05415725708008,68.30399322509766,101.45465087890625,8.646571159362793
97.0,22.5,34.24089431762695,33.96394729614258,68.2699203491211,100.87850952148438,8.646571159362793
98.0,22.5,34.45301818847656,33.94541549682617,68.20945739746094,100.269287109375,8.646571159362793
99.0,22.5,34.71783447265625,33.96148681640625,68.13397216796875,99.63768005371094,8.646571159362793
100.0,22.5,35.198707580566406,34.154380798339844,67.99689483642578,98.91849517822266,8.646571159362793
101.0,22.5,35.42401123046875,34.10887908935547,67.93267059326172,98.29118347167969,8.646571159362793
102.0,22.5,35.91022872924805,34.2761344909668,67.79407501220703,97.55278778076172,8.646571159362793
103.0,22.5,36.54038619995117,34.55009841918945,67.61444854736328,96.74222564697266,8.646571159362793
104.0,22.5,37.20201873779297,34.83176803588867,67.42584991455078,95.90361022949219,8.646571159362793
105.0,22.5,37.954681396484375,35.17002868652344,67.21129608154297,95.00850677490234,8.646571159362793
106.0,22.5,39.240203857421875,35.92999267578125,66.84485626220703,93.84336853027344,8.646571159362793
107.0,22.5,41.44243621826172,37.413997650146484,66.21710968017578,92.19757843017578,8.646571159362793
