angle,vert_angle,dist,x,y,z,height
207.0,22.5,49.0645637512207,44.142974853515625,14.026420593261719,138.38479614257812,-2.778718948364258
208.0,22.5,43.5566520690918,39.08427429199219,12.020647048950195,139.519775390625,-2.778718948364258
209.0,22.5,34.24193572998047,30.80401039123535,8.628579139709473,142.18231201171875,-2.778718948364258
209.0,16.875,45.13261413574219,40.945098876953125,12.04859733581543,139.69068908691406,-2.778718948364258
210.0,16.875,39.5040283203125,35.77608108520508,10.066963195800781,140.91998291015625,-2.778718948364258
209.0,11.25,49.14774703979492,45.274627685546875,12.701019287109375,139.83782958984375,-2.778718948364258
210.0,11.25,45.211463928222656,41.516151428222656,11.376152038574219,140.29946899414062,-2.778718948364258
211.0,11.25,39.73072814941406,36.42438888549805,9.531451225280762,141.39248657226562,-2.778718948364258
209.0,5.625,49.705467224121094,46.54792785644531,11.957809448242188,141.07041931152344,-2.778718948364258
210.0,5.625,47.15042495727539,43.997127532958984,11.145694732666016,141.0082550048828,-2.778718948364258
211.0,5.625,43.96587371826172,40.89230728149414,10.13348388671875,141.21932983398438,-2.778718948364258
209.0,0.0,48.89155197143555,46.52252960205078,10.633769989013672,142.5780792236328,-2.778718948364258
210.0,0.0,46.9453010559082,44.519474029541016,10.057565689086914,142.2926025390625,-2.778718948364258
211.0,0.0,44.2935676574707,41.8751335144043,9.272491455078125,142.26626586914062,-2.778718948364258
277.0,0.0,48.54320526123047,7.277151584625244,10.530640602111816,108.39811706542969,-2.778718948364258
207.0,-5.625,49.600364685058594,48.19538879394531,9.621417999267578,145.2460174560547,-2.778718948364258
208.0,-5.625,48.5501708984375,47.04023361206055,9.336377143859863,144.64044189453125,-2.778718948364258
209.0,-5.625,47.351165771484375,45.73897171020508,9.010940551757812,144.10459899902344,-2.778718948364258
210.0,-5.625,44.78831481933594,43.15980911254883,8.315336227416992,143.92947387695312,-2.778718948364258
204.0,-11.25,49.75102996826172,49.26551818847656,8.30634880065918,148.8417205810547,-2.778718948364258
