angle,vert_angle,dist,x,y,z,height
115.0,16.875,49.83369445800781,11.612253189086914,21.022552490234375,119.49311828613281,60.33943176269531
325.0,11.25,49.759300231933594,34.15800857543945,18.265789031982422,60.322837829589844,60.33943176269531
344.0,5.625,43.348419189453125,23.990291595458984,21.112247467041016,68.5921859741211,60.33943176269531
345.0,5.625,47.453834533691406,22.766197204589844,17.72774887084961,66.56686401367188,60.33943176269531
346.0,5.625,49.00733184814453,22.003747940063477,16.44704818725586,65.91973114013672,60.33943176269531
1.0,0.0,41.874664306640625,18.158939361572266,20.607421875,76.1667709350586,60.33943176269531
2.0,0.0,44.13677978515625,17.11334800720215,18.649627685546875,75.59036254882812,60.33943176269531
3.0,0.0,45.37784194946289,16.40066909790039,17.57552719116211,75.4122085571289,60.33943176269531
4.0,0.0,46.40492630004883,15.753453254699707,16.68661880493164,75.32958984375,60.33943176269531
5.0,0.0,47.142913818359375,15.203292846679688,16.04791259765625,75.36482238769531,60.33943176269531
6.0,0.0,47.804412841796875,14.677560806274414,15.47540283203125,75.44034576416016,60.33943176269531
7.0,0.0,48.182899475097656,14.255158424377441,15.147838592529297,75.62367248535156,60.33943176269531
8.0,0.0,48.712608337402344,13.7764253616333,14.689388275146484,75.76741027832031,60.33943176269531
9.0,0.0,49.3033332824707,13.273776054382324,14.17813491821289,75.90348052978516,60.33943176269531
10.0,0.0,49.70726776123047,12.843313217163086,13.828540802001953,76.11084747314453,60.33943176269531
11.0,0.0,49.97708511352539,12.46749496459961,13.595024108886719,76.36956787109375,60.33943176269531
74.0,0.0,49.98141860961914,9.629284858703613,13.591270446777344,102.37947845458984,60.33943176269531
75.0,0.0,49.77337646484375,9.912774085998535,13.771324157714844,102.72686004638672,60.33943176269531
76.0,0.0,49.53499984741211,10.214969635009766,13.97763442993164,103.06066131591797,60.33943176269531
77.0,0.0,49.15804672241211,10.583111763000488,14.303878784179688,103.35440063476562,60.33943176269531
78.0,0.0,47.18809127807617,11.650834083557129,16.008811950683594,103.2485122680664,60.33943176269531
