angle,vert_angle,dist,x,y,z,height
352.0,22.5,41.898536682128906,4.821928977966309,12.075645446777344,124.43325805664062,20.205774307250977
353.0,22.5,33.12566375732422,7.732431411743164,13.800371170043945,116.31389617919922,20.205774307250977
354.0,22.5,24.54076385498047,10.310975074768066,15.488142013549805,108.286376953125,20.205774307250977
355.0,22.5,19.234731674194336,11.88553524017334,16.531293869018555,103.31397247314453,20.205774307250977
357.0,16.875,19.725372314453125,12.42308235168457,18.330970764160156,104.21009063720703,20.205774307250977
358.0,16.875,15.734075546264648,13.438464164733887,18.731979370117188,100.35882568359375,20.205774307250977
0.0,11.25,16.906139373779297,13.81939697265625,20.25571060180664,101.68425750732422,20.205774307250977
359.0,11.25,21.268125534057617,12.860345840454102,20.24098014831543,105.95233154296875,20.205774307250977
2.0,5.625,17.578676223754883,14.334702491760254,21.960798263549805,102.3451919555664,20.205774307250977
4.0,0.0,19.36372184753418,14.805830955505371,23.991397857666016,103.9006118774414,20.205774307250977
5.0,0.0,15.066245079040527,15.353601455688477,23.174991607666016,99.70687866210938,20.205774307250977
7.0,-5.625,16.228229522705078,15.804765701293945,24.92759132385254,100.48970031738281,20.205774307250977
8.0,-5.625,13.802865028381348,16.08175277709961,24.23789405822754,98.16748046875,20.205774307250977
9.0,-11.25,20.128324508666992,16.30213737487793,27.881528854370117,103.58464813232422,20.205774307250977
10.0,-11.25,15.802689552307129,16.516979217529297,26.254985809326172,99.57185363769531,20.205774307250977
11.0,-11.25,12.25098991394043,16.624143600463867,24.919462203979492,96.27487182617188,20.205774307250977
12.0,-16.875,19.91059684753418,17.09450340270996,29.55247688293457,102.54405975341797,20.205774307250977
13.0,-16.875,16.132394790649414,17.157115936279297,27.79916763305664,99.18644714355469,20.205774307250977
14.0,-16.875,14.132331848144531,17.245405197143555,26.871023178100586,97.40164947509766,20.205774307250977
15.0,-22.5,23.648717880249023,18.067642211914062,33.26339340209961,104.62517547607422,20.205774307250977
16.0,-22.5,17.528793334960938,17.816268920898438,29.91197967529297,99.50202178955078,20.205774307250977
17.0,-22.5,15.217516899108887,17.81215476989746,28.64626693725586,97.55347442626953,20.205774307250977
18.0,-22.5,13.780500411987305,17.850887298583984,27.859325408935547,96.33324432373047,20.205774307250977
