angle,vert_angle,dist,x,y,z,height
182.0,-16.875,44.91815948486328,60.283409118652344,26.870492935180664,115.54373168945312,60.99394989013672
183.0,-16.875,47.27210235595703,61.676002502441406,25.201065063476562,116.60968017578125,60.99394989013672
184.0,-16.875,48.038761138916016,62.46575927734375,24.657344818115234,116.7202377319336,60.99394989013672
185.0,-16.875,49.07033920288086,63.37530517578125,23.925750732421875,116.96221160888672,60.99394989013672
186.0,-16.875,49.741268157958984,64.14537811279297,23.449928283691406,116.97816467285156,60.99394989013672
189.0,-22.5,44.878265380859375,62.85697555541992,24.39934539794922,110.00163269042969,60.99394989013672
190.0,-22.5,46.816917419433594,64.09555053710938,22.916473388671875,110.5410385131836,60.99394989013672
191.0,-22.5,48.150978088378906,65.08079528808594,21.896053314208984,110.77054595947266,60.99394989013672
192.0,-22.5,49.20077133178711,65.9474105834961,21.09307098388672,110.84606170654297,60.99394989013672
