angle,vert_angle,dist,x,y,z,height
285.0,-16.875,38.0096549987793,161.86941528320312,51.5596923828125,130.8699493408203,34.62075424194336
286.0,-16.875,38.05445861816406,161.2061309814453,51.55694580078125,130.90089416503906,34.62075424194336
281.0,-22.5,36.62646484375,164.31689453125,51.09677505493164,132.1106719970703,34.62075424194336
282.0,-22.5,36.05974197387695,163.71401977539062,51.139991760253906,132.70716857910156,34.62075424194336
283.0,-22.5,35.81233215332031,163.10694885253906,51.15886306762695,132.99598693847656,34.62075424194336
284.0,-22.5,35.67599868774414,162.4988555908203,51.16925811767578,133.18472290039062,34.62075424194336
285.0,-22.5,35.40966033935547,161.9110107421875,51.18956756591797,133.5126190185547,34.62075424194336
286.0,-22.5,35.545955657958984,161.28175354003906,51.179176330566406,133.45205688476562,34.62075424194336
287.0,-22.5,35.66416931152344,160.65182495117188,51.170162200927734,133.420654296875,34.62075424194336
288.0,-22.5,36.08327102661133,159.9702911376953,51.13819885253906,133.10459899902344,34.62075424194336
289.0,-22.5,36.77103805541992,159.22776794433594,51.085750579833984,132.53826904296875,34.62075424194336
290.0,-22.5,37.6118049621582,158.43350219726562,51.021636962890625,131.8377227783203,34.62075424194336
