angle,vert_angle,dist,x,y,z,height
56.0,22.5,20.69663429260254,20.870223999023438,41.298728942871094,110.64749145507812,25.910308837890625
57.0,22.5,18.097423553466797,19.93305778503418,38.98590850830078,111.39061737060547,25.910308837890625
34.0,11.25,20.03384017944336,20.66234588623047,40.696533203125,110.8332748413086,25.910308837890625
28.0,5.625,19.914810180664062,20.456966400146484,40.32826614379883,110.0510482788086,25.910308837890625
26.0,-5.625,11.59387493133545,17.1507625579834,32.44239044189453,111.490478515625,25.910308837890625
