angle,vert_angle,dist,x,y,z,height
223.0,5.625,46.91471481323242,59.05907440185547,26.704395294189453,119.55889129638672,61.875572204589844
224.0,5.625,47.865726470947266,59.919246673583984,26.051273345947266,119.8741226196289,61.875572204589844
225.0,5.625,49.049808502197266,60.88087844848633,25.238094329833984,120.31448364257812,61.875572204589844
226.0,5.625,49.74766540527344,61.67902374267578,24.758831024169922,120.42847442626953,61.875572204589844
237.0,0.0,44.46316146850586,62.00071716308594,25.470081329345703,111.72002410888672,61.875572204589844
238.0,0.0,46.66461181640625,63.35136032104492,23.813732147216797,112.46359252929688,61.875572204589844
239.0,0.0,47.6613655090332,64.19427490234375,23.06378936767578,112.58423614501953,61.875572204589844
240.0,0.0,48.719242095947266,65.07538604736328,22.26785659790039,112.71134185791016,61.875572204589844
241.0,0.0,49.816410064697266,65.98551940917969,21.44235610961914,112.83291625976562,61.875572204589844
13.0,-5.625,49.315467834472656,45.524696350097656,18.940204620361328,60.805294036865234,61.875572204589844
14.0,-5.625,47.96954345703125,44.963645935058594,20.031436920166016,61.5488395690918,61.875572204589844
251.0,-5.625,40.866188049316406,61.89217758178711,25.79062271118164,104.04386901855469,61.875572204589844
252.0,-5.625,45.999168395996094,64.5639877319336,21.628955841064453,105.4880599975586,61.875572204589844
253.0,-5.625,48.00014114379883,65.79486083984375,20.006633758544922,105.78361511230469,61.875572204589844
254.0,-5.625,49.29661560058594,66.7016830444336,18.955493927001953,105.80848693847656,61.875572204589844
272.0,-11.25,47.25637435913086,65.53321838378906,18.219802856445312,97.44612121582031,61.875572204589844
273.0,-11.25,49.015586853027344,66.5165786743164,16.70452117919922,97.32840728759766,61.875572204589844
329.0,-11.25,49.42927169799805,62.70407485961914,16.348190307617188,74.15975952148438,61.875572204589844
330.0,-11.25,48.675987243652344,62.13420867919922,16.997024536132812,74.05558013916016,61.875572204589844
331.0,-11.25,47.88081359863281,61.55047607421875,17.681941986083984,73.98014831542969,61.875572204589844
332.0,-11.25,46.53411865234375,60.75798034667969,18.841907501220703,74.1033706665039,61.875572204589844
333.0,-11.25,45.119911193847656,59.95006561279297,20.06002426147461,74.2722396850586,61.875572204589844
