angle,vert_angle,dist,x,y,z,height
131.0,-11.25,49.075340270996094,68.2710189819336,17.071916580200195,104.95838165283203,50.89033508300781
