angle,vert_angle,dist,x,y,z,height
84.0,-22.5,45.64390563964844,37.45752716064453,67.91553497314453,94.29264831542969,8.40039348602295
85.0,-22.5,44.75851821899414,38.613162994384766,68.11367797851562,94.30992126464844,8.40039348602295
86.0,-22.5,44.368751525878906,39.40186309814453,68.20091247558594,94.6211929321289,8.40039348602295
87.0,-22.5,44.22245788574219,40.018795013427734,68.23365020751953,95.07667541503906,8.40039348602295
88.0,-22.5,44.183677673339844,40.566917419433594,68.24232482910156,95.59276580810547,8.40039348602295
89.0,-22.5,44.21990203857422,41.07212829589844,68.23422241210938,96.1507568359375,8.40039348602295
90.0,-22.5,44.62891387939453,41.336631774902344,68.14268493652344,96.96315002441406,8.40039348602295
91.0,-22.5,44.973751068115234,41.66273498535156,68.06550598144531,97.72956085205078,8.40039348602295
92.0,-22.5,45.48900604248047,41.89611053466797,67.9501953125,98.61820983886719,8.40039348602295
93.0,-22.5,46.219932556152344,42.01462173461914,67.78662109375,99.66787719726562,8.40039348602295
94.0,-22.5,47.22621154785156,41.989688873291016,67.5614242553711,100.92996978759766,8.40039348602295
95.0,-22.5,48.665916442871094,41.73618698120117,67.23921966552734,102.53298950195312,8.40039348602295
