angle,vert_angle,dist,x,y,z,height
259.0,-11.25,46.14588928222656,57.18366241455078,28.970073699951172,118.37824249267578,66.09266662597656
260.0,-11.25,48.03962707519531,58.30329513549805,27.533382415771484,119.12337493896484,66.09266662597656
261.0,-11.25,49.16201400756836,59.169761657714844,26.681880950927734,119.42216491699219,66.09266662597656
262.0,-11.25,49.98930740356445,59.940433502197266,26.054256439208984,119.54176330566406,66.09266662597656
276.0,-16.875,44.330535888671875,59.630680084228516,28.564434051513672,112.14483642578125,66.09266662597656
277.0,-16.875,46.61939239501953,60.937137603759766,26.735946655273438,112.7901382446289,66.09266662597656
278.0,-16.875,48.365848541259766,62.03644561767578,25.34075164794922,113.16908264160156,66.09266662597656
279.0,-16.875,49.76893615722656,63.003517150878906,24.219871520996094,113.37484741210938,66.09266662597656
293.0,-22.5,45.13874053955078,61.51742172241211,26.450698852539062,107.5311508178711,66.09266662597656
294.0,-22.5,48.05198669433594,63.1033935546875,24.02865219116211,108.08738708496094,66.09266662597656
