angle,vert_angle,dist,x,y,z,height
309.0,22.5,54.956764221191406,158.91078186035156,50.649192810058594,128.295654296875,9.128927230834961
310.0,22.5,53.970672607421875,160.24224853515625,50.88029861450195,128.30177307128906,9.128927230834961
311.0,22.5,53.2843017578125,161.35647583007812,51.041160583496094,128.4794464111328,9.128927230834961
312.0,22.5,53.023399353027344,162.17898559570312,51.10231018066406,128.92800903320312,9.128927230834961
313.0,22.5,52.81624221801758,162.97044372558594,51.15085983276367,129.3974151611328,9.128927230834961
314.0,22.5,52.82676696777344,163.62628173828125,51.14839172363281,130.00828552246094,9.128927230834961
315.0,22.5,52.945858001708984,164.22384643554688,51.1204833984375,130.68763732910156,9.128927230834961
316.0,22.5,53.62928771972656,164.48342895507812,50.96030807495117,131.77915954589844,9.128927230834961
317.0,22.5,54.17695617675781,164.85374450683594,50.83195114135742,132.77052307128906,9.128927230834961
318.0,22.5,55.38608932495117,164.85433959960938,50.5485725402832,134.26902770996094,9.128927230834961
