angle,vert_angle,dist,x,y,z,height
100.0,-16.875,48.6630859375,37.17572021484375,69.59870147705078,97.63875579833984,8.909135818481445
101.0,-16.875,48.0257568359375,38.212886810302734,69.71526336669922,97.56842041015625,8.909135818481445
102.0,-16.875,48.066558837890625,38.889244079589844,69.70780181884766,98.04149627685547,8.909135818481445
103.0,-16.875,48.40456771850586,39.42523956298828,69.64598083496094,98.75434112548828,8.909135818481445
104.0,-16.875,49.16303253173828,39.77389144897461,69.50725555419922,99.81974792480469,8.909135818481445
95.0,-22.5,47.15965270996094,35.726776123046875,66.77635955810547,93.9337158203125,8.909135818481445
96.0,-22.5,45.85474395751953,37.11790466308594,67.1007308959961,93.40422821044922,8.909135818481445
97.0,-22.5,45.02766799926758,38.2111930847168,67.30632019042969,93.21298217773438,8.909135818481445
98.0,-22.5,44.677467346191406,39.02607727050781,67.39337158203125,93.37399291992188,8.909135818481445
99.0,-22.5,44.474098205566406,39.759708404541016,67.44392395019531,93.63565826416016,8.909135818481445
100.0,-22.5,44.431365966796875,40.41065979003906,67.45454406738281,94.01338958740234,8.909135818481445
101.0,-22.5,44.41876220703125,41.05213928222656,67.45767974853516,94.40414428710938,8.909135818481445
102.0,-22.5,44.768104553222656,41.520755767822266,67.37084197998047,95.08473205566406,8.909135818481445
103.0,-22.5,45.15726852416992,41.98712921142578,67.27410888671875,95.79350280761719,8.909135818481445
104.0,-22.5,45.672950744628906,42.41252136230469,67.14591979980469,96.6046371459961,8.909135818481445
105.0,-22.5,46.503395080566406,42.71761703491211,66.93949127197266,97.68212127685547,8.909135818481445
106.0,-22.5,47.37762451171875,43.034828186035156,66.72217559814453,98.79840087890625,8.909135818481445
107.0,-22.5,48.89219665527344,43.11498260498047,66.34568786621094,100.47402954101562,8.909135818481445
