angle,vert_angle,dist,x,y,z,height
60.0,22.5,18.090877532958984,13.764928817749023,24.04791259765625,110.84419250488281,12.894107818603516
61.0,22.5,23.480117797851562,15.745351791381836,28.261816024780273,108.1211166381836,12.894107818603516
62.0,22.5,29.847240447998047,18.01077651977539,33.240333557128906,104.84920501708984,12.894107818603516
52.0,16.875,17.498592376708984,13.549206733703613,23.711536407470703,111.35836029052734,12.894107818603516
53.0,16.875,23.443464279174805,15.767743110656738,28.4029483795166,108.45020294189453,12.894107818603516
54.0,16.875,29.874391555786133,18.075212478637695,33.477935791015625,105.2319107055664,12.894107818603516
55.0,16.875,39.79238510131836,21.59918975830078,41.30474853515625,100.2493667602539,12.894107818603516
45.0,11.25,16.166488647460938,12.983857154846191,22.654525756835938,111.94100952148438,12.894107818603516
46.0,11.25,24.19553565979004,16.02724266052246,28.98780059814453,108.05024719238281,12.894107818603516
47.0,11.25,30.355241775512695,18.212059020996094,33.84654998779297,104.94450378417969,12.894107818603516
39.0,5.625,18.899686813354492,14.043874740600586,24.660133361816406,110.38673400878906,12.894107818603516
40.0,5.625,24.39236068725586,16.04294776916504,28.94904327392578,107.58794403076172,12.894107818603516
41.0,5.625,33.6234245300293,19.3829345703125,36.15704345703125,102.87633514404297,12.894107818603516
34.0,0.0,15.406089782714844,12.606719970703125,21.69379425048828,111.65612030029297,12.894107818603516
35.0,0.0,23.878158569335938,15.775659561157227,28.178049087524414,107.21375274658203,12.894107818603516
36.0,0.0,36.014678955078125,20.1872501373291,37.466949462890625,100.75946807861328,12.894107818603516
30.0,-5.625,17.51702117919922,13.40025806427002,22.909265518188477,109.9756088256836,12.894107818603516
31.0,-5.625,26.615297317504883,16.753145217895508,29.66494369506836,104.88038635253906,12.894107818603516
28.0,-11.25,27.98046112060547,17.128164291381836,29.839323043823242,102.95521545410156,12.894107818603516
24.0,-22.5,16.241146087646484,12.429027557373047,20.17183494567871,108.35958099365234,12.894107818603516
