angle,vert_angle,dist,x,y,z,height
35.0,22.5,24.865589141845703,15.97044563293457,28.75981903076172,107.67224884033203,11.990737915039062
36.0,22.5,35.1297492980957,19.66107940673828,36.859092712402344,102.55030059814453,11.990737915039062
30.0,16.875,20.13475227355957,14.169073104858398,24.620094299316406,109.30757904052734,11.990737915039062
31.0,16.875,31.758769989013672,18.419124603271484,33.5576171875,103.2038803100586,11.990737915039062
27.0,11.25,16.06325912475586,12.457756996154785,21.04617691040039,110.64778900146484,11.990737915039062
24.0,5.625,45.9422607421875,23.852502822875977,41.59874725341797,92.13184356689453,11.990737915039062
25.0,5.625,15.332198143005371,12.009072303771973,19.971576690673828,110.2724609375,11.990737915039062
22.0,0.0,43.031898498535156,22.54049301147461,37.754608154296875,91.7667007446289,11.990737915039062
23.0,0.0,17.140241622924805,12.585525512695312,20.536903381347656,108.348388671875,11.990737915039062
21.0,-5.625,34.261390686035156,18.844257354736328,30.279430389404297,95.63545227050781,11.990737915039062
21.0,-11.25,36.37990188598633,18.86293601989746,29.62598419189453,92.19002532958984,11.990737915039062
20.0,-16.875,24.719388961791992,14.721386909484863,21.593137741088867,99.88069152832031,11.990737915039062
21.0,-16.875,31.557125091552734,16.60704231262207,25.038185119628906,94.26750183105469,11.990737915039062
21.0,-22.5,25.65478515625,14.256383895874023,20.418169021606445,97.87865447998047,11.990737915039062
22.0,-22.5,29.281227111816406,14.946316719055176,22.0125675201416,94.66655731201172,11.990737915039062
