angle,vert_angle,dist,x,y,z,height
69.0,22.5,17.087604522705078,15.693946838378906,28.816757202148438,111.52635955810547,17.649532318115234
59.0,16.875,34.71025466918945,21.913347244262695,43.873069763183594,104.76775360107422,17.649532318115234
49.0,11.25,30.012161254882812,20.34288787841797,40.069026947021484,107.08070373535156,17.649532318115234
41.0,5.625,35.158409118652344,22.07320785522461,44.31541061401367,104.72108459472656,17.649532318115234
34.0,0.0,17.407424926757812,15.813532829284668,29.14594268798828,111.51669311523438,17.649532318115234
29.0,-5.625,16.219192504882812,15.338916778564453,27.844196319580078,111.40387725830078,17.649532318115234
25.0,-11.25,39.91912078857422,23.582956314086914,46.028564453125,98.56350708007812,17.649532318115234
26.0,-11.25,15.919157028198242,15.065373420715332,27.168582916259766,110.7218017578125,17.649532318115234
23.0,-16.875,21.429128646850586,16.875871658325195,30.75521469116211,106.78242492675781,17.649532318115234
24.0,-16.875,14.787595748901367,14.490046501159668,25.766441345214844,110.46644592285156,17.649532318115234
