angle,vert_angle,dist,x,y,z,height
332.0,-22.5,7.452947616577148,151.437255859375,7.369252681732178,199.5331573486328,11.656378746032715
333.0,-22.5,7.485299110412598,151.39700317382812,7.354155540466309,199.64492797851562,11.656378746032715
334.0,-22.5,7.512379169464111,151.36331176757812,7.341522216796875,199.7582244873047,11.656378746032715
335.0,-22.5,7.2920331954956055,151.55003356933594,7.444337844848633,199.88540649414062,11.656378746032715
336.0,-22.5,6.952541351318359,151.8444061279297,7.602753162384033,200.01023864746094,11.656378746032715
