angle,vert_angle,dist,x,y,z,height
87.0,-22.5,56.66279220581055,156.68893432617188,49.375247955322266,127.88484954833984,9.126888275146484
88.0,-22.5,53.94020080566406,159.2731170654297,50.06718444824219,126.82341766357422,9.126888275146484
89.0,-22.5,52.93187713623047,160.6014862060547,50.32344436645508,126.82147979736328,9.126888275146484
90.0,-22.5,52.465309143066406,161.54315185546875,50.4420166015625,127.1503677368164,9.126888275146484
91.0,-22.5,52.01061248779297,162.47679138183594,50.557579040527344,127.46534729003906,9.126888275146484
92.0,-22.5,51.72450256347656,163.29774475097656,50.63029098510742,127.87664031982422,9.126888275146484
93.0,-22.5,51.67629623413086,163.96633911132812,50.642539978027344,128.43946838378906,9.126888275146484
94.0,-22.5,51.67784881591797,164.612060546875,50.64215087890625,129.0259552001953,9.126888275146484
95.0,-22.5,51.86016845703125,165.154052734375,50.59581756591797,129.73374938964844,9.126888275146484
96.0,-22.5,52.14634704589844,165.64657592773438,50.5230827331543,130.5113067626953,9.126888275146484
97.0,-22.5,52.75090026855469,165.96401977539062,50.36943817138672,131.52366638183594,9.126888275146484
98.0,-22.5,53.340301513671875,166.31605529785156,50.21964645385742,132.52503967285156,9.126888275146484
99.0,-22.5,54.470821380615234,166.38107299804688,49.93232727050781,133.94602966308594,9.126888275146484
100.0,-22.5,55.89037322998047,166.32334899902344,49.57155227661133,135.60406494140625,9.126888275146484
