angle,vert_angle,dist,x,y,z,height
350.0,22.5,37.21863555908203,260.2781982421875,45.64173126220703,94.61101531982422,9.883609771728516
351.0,22.5,36.00580596923828,261.4507141113281,45.257442474365234,95.17290496826172,9.883609771728516
352.0,22.5,36.008304595947266,261.4814147949219,45.25823974609375,95.76817321777344,9.883609771728516
353.0,22.5,36.13665008544922,261.4035339355469,45.29890441894531,96.37258911132812,9.883609771728516
