angle,vert_angle,dist,x,y,z,height
54.0,22.5,46.00625228881836,57.1237907409668,11.688003540039062,151.4163360595703,18.67147445678711
55.0,22.5,43.90491485595703,55.80955505371094,12.027018547058105,149.63511657714844,18.67147445678711
56.0,22.5,42.20637893676758,54.783775329589844,12.301044464111328,148.11607360839844,18.67147445678711
57.0,22.5,40.62816619873047,53.8187370300293,12.555660247802734,146.70066833496094,18.67147445678711
58.0,22.5,39.465065002441406,53.171695709228516,12.743307113647461,145.52822875976562,18.67147445678711
59.0,22.5,38.2338752746582,52.4355583190918,12.941937446594238,144.3525848388672,18.67147445678711
60.0,22.5,37.13042068481445,51.78073501586914,13.119962692260742,143.26708984375,18.67147445678711
61.0,22.5,35.71187973022461,50.820377349853516,13.348817825317383,142.0708465576172,18.67147445678711
62.0,22.5,33.83034133911133,49.416465759277344,13.652369499206543,140.71603393554688,18.67147445678711
63.0,22.5,29.445720672607422,45.7293586730957,14.35975170135498,138.38681030273438,18.67147445678711
61.0,16.875,45.08418655395508,59.526954650878906,16.22910499572754,146.4547576904297,18.67147445678711
62.0,16.875,43.269962310791016,58.240413665771484,16.345046997070312,144.96661376953125,18.67147445678711
63.0,16.875,41.79179763793945,57.219539642333984,16.439512252807617,143.66952514648438,18.67147445678711
64.0,16.875,40.46441650390625,56.30351638793945,16.52433967590332,142.47425842285156,18.67147445678711
65.0,16.875,39.04624938964844,55.27406311035156,16.614971160888672,141.28155517578125,18.67147445678711
66.0,16.875,37.92832565307617,54.4931755065918,16.68641471862793,140.24034118652344,18.67147445678711
67.0,16.875,36.61186218261719,53.50178909301758,16.770544052124023,139.16127014160156,18.67147445678711
68.0,16.875,34.758365631103516,51.97904586791992,16.888996124267578,137.94113159179688,18.67147445678711
70.0,11.25,45.285430908203125,62.440189361572266,20.656064987182617,139.998291015625,18.67147445678711
71.0,11.25,43.54507064819336,61.0063362121582,20.596660614013672,138.74554443359375,18.67147445678711
72.0,11.25,41.956504821777344,59.68849182128906,20.542436599731445,137.5880584716797,18.67147445678711
73.0,11.25,40.86897659301758,58.82791519165039,20.505313873291016,136.6070098876953,18.67147445678711
74.0,11.25,39.11482620239258,57.29825210571289,20.445438385009766,135.5024871826172,18.67147445678711
75.0,11.25,35.556373596191406,53.983009338378906,20.323974609375,134.0602264404297,18.67147445678711
