angle,vert_angle,dist,x,y,z,height
315.0,22.5,56.62105178833008,157.88433837890625,50.65631103515625,129.72032165527344,9.13203239440918
316.0,22.5,55.03392791748047,159.65524291992188,51.01603317260742,129.32803344726562,9.13203239440918
317.0,22.5,54.08295440673828,160.96595764160156,51.2315788269043,129.3280487060547,9.13203239440918
318.0,22.5,53.54186248779297,161.99021911621094,51.354217529296875,129.58372497558594,9.13203239440918
319.0,22.5,53.6805419921875,162.56507873535156,51.322792053222656,130.3036346435547,9.13203239440918
320.0,22.5,53.69744873046875,163.2327117919922,51.3189582824707,130.92611694335938,9.13203239440918
321.0,22.5,54.35178756713867,163.50840759277344,51.17064666748047,132.00938415527344,9.13203239440918
322.0,22.5,54.68338394165039,164.01132202148438,51.095489501953125,132.85215759277344,9.13203239440918
