angle,vert_angle,dist,x,y,z,height
177.0,-22.5,49.52561569213867,60.06556701660156,27.217166900634766,115.1775131225586,68.0696792602539
