angle,vert_angle,dist,x,y,z,height
86.0,22.5,36.66377258300781,37.83523941040039,67.5049057006836,106.37862396240234,8.658123970031738
87.0,22.5,35.44464874267578,36.57758712768555,67.85684204101562,105.99970245361328,8.658123970031738
88.0,22.5,34.85856246948242,35.91035461425781,68.02603149414062,105.536376953125,8.658123970031738
89.0,22.5,34.3328971862793,35.29362487792969,68.17778778076172,105.08128356933594,8.658123970031738
90.0,22.5,34.145328521728516,34.985137939453125,68.23193359375,104.56706237792969,8.658123970031738
91.0,22.5,34.05158996582031,34.755271911621094,68.25899505615234,104.03804016113281,8.658123970031738
92.0,22.5,33.927303314208984,34.48851776123047,68.29486846923828,103.52268981933594,8.658123970031738
93.0,22.5,33.888938903808594,34.292057037353516,68.30594635009766,102.9899673461914,8.658123970031738
94.0,22.5,33.872501373291016,34.10647964477539,68.3106918334961,102.4548568725586,8.658123970031738
95.0,22.5,33.9184684753418,33.96816635131836,68.29742431640625,101.90385437011719,8.658123970031738
96.0,22.5,34.141544342041016,33.979305267333984,68.23302459716797,101.2965316772461,8.658123970031738
97.0,22.5,34.26964569091797,33.8936653137207,68.196044921875,100.71825408935547,8.658123970031738
98.0,22.5,34.50633239746094,33.893524169921875,68.12771606445312,100.10057067871094,8.658123970031738
99.0,22.5,34.85383605957031,33.978729248046875,68.02739715576172,99.43780517578125,8.658123970031738
100.0,22.5,35.228824615478516,34.074073791503906,67.91914367675781,98.75762176513672,8.658123970031738
101.0,22.5,35.519229888916016,34.0815544128418,67.83531188964844,98.10443878173828,8.658123970031738
102.0,22.5,36.07406234741211,34.30302047729492,67.67514038085938,97.33573150634766,8.658123970031738
103.0,22.5,36.666847229003906,34.53926086425781,67.50402069091797,96.53845977783203,8.658123970031738
104.0,22.5,37.40286636352539,34.87802505493164,67.29154205322266,95.6639633178711,8.658123970031738
105.0,22.5,38.151390075683594,35.2060546875,67.07545471191406,94.76705169677734,8.658123970031738
106.0,22.5,39.549407958984375,36.050567626953125,66.671875,93.54243469238281,8.658123970031738
