angle,vert_angle,dist,x,y,z,height
303.0,22.5,35.076171875,166.6691436767578,49.71440124511719,129.2364959716797,23.969215393066406
304.0,22.5,32.675846099853516,168.4881591796875,48.85821533203125,130.6593017578125,23.969215393066406
305.0,22.5,31.229427337646484,169.5249786376953,48.34228515625,131.6703643798828,23.969215393066406
306.0,22.5,30.82072639465332,169.68740844726562,48.19650650024414,132.282958984375,23.969215393066406
307.0,22.5,30.351444244384766,169.9158477783203,48.029117584228516,132.9064483642578,23.969215393066406
308.0,22.5,30.134183883666992,169.9361114501953,47.951622009277344,133.43930053710938,23.969215393066406
309.0,22.5,30.050756454467773,169.84840393066406,47.9218635559082,133.9282989501953,23.969215393066406
310.0,22.5,29.933467864990234,169.7998046875,47.880027770996094,134.4270782470703,23.969215393066406
311.0,22.5,29.95453453063965,169.6366729736328,47.88753890991211,134.88768005371094,23.969215393066406
312.0,22.5,29.9057559967041,169.54432678222656,47.87013626098633,135.36904907226562,23.969215393066406
313.0,22.5,30.25112533569336,169.10443115234375,47.99333190917969,135.7577667236328,23.969215393066406
314.0,22.5,29.995454788208008,169.21554565429688,47.90213394165039,136.29249572753906,23.969215393066406
315.0,22.5,30.833209991455078,168.34039306640625,48.200958251953125,136.5966796875,23.969215393066406
316.0,22.5,31.48641586303711,167.63662719726562,48.43395233154297,136.96438598632812,23.969215393066406
317.0,22.5,33.30616760253906,165.86643981933594,49.083045959472656,137.1525421142578,23.969215393066406
