angle,vert_angle,dist,x,y,z,height
285.0,-16.875,38.00971603393555,161.86936950683594,51.55971145629883,130.869873046875,34.6438102722168
286.0,-16.875,38.05451202392578,161.20606994628906,51.55696487426758,130.9008331298828,34.6438102722168
281.0,-22.5,36.62669372558594,164.3168487548828,51.09678649902344,132.1104278564453,34.6438102722168
282.0,-22.5,36.05984878540039,163.7139892578125,51.140010833740234,132.70704650878906,34.6438102722168
283.0,-22.5,35.81235885620117,163.10691833496094,51.15888595581055,132.99594116210938,34.6438102722168
284.0,-22.5,35.67603302001953,162.4988250732422,51.169281005859375,133.18467712402344,34.6438102722168
285.0,-22.5,35.40973663330078,161.91094970703125,51.18959045410156,133.5125274658203,34.6438102722168
286.0,-22.5,35.5460205078125,161.28170776367188,51.17919921875,133.4519805908203,34.6438102722168
287.0,-22.5,35.66421890258789,160.65176391601562,51.17018127441406,133.42059326171875,34.6438102722168
288.0,-22.5,36.0833740234375,159.97023010253906,51.13821792602539,133.1044921875,34.6438102722168
289.0,-22.5,36.77123260498047,159.22769165039062,51.08576202392578,132.53807067871094,34.6438102722168
290.0,-22.5,37.611900329589844,158.43345642089844,51.02165603637695,131.83761596679688,34.6438102722168
