angle,vert_angle,dist,x,y,z,height
246.0,22.5,3.5309839248657227,68.26380157470703,15.577406883239746,199.04727172851562,13.939915657043457
247.0,22.5,3.103982448577881,68.22955322265625,15.31837272644043,198.70643615722656,13.939915657043457
248.0,22.5,5.135959625244141,68.68828582763672,16.551044464111328,200.2563018798828,13.939915657043457
237.0,16.875,3.423532009124756,67.986328125,15.341829299926758,199.13343811035156,13.939915657043457
238.0,16.875,3.06465220451355,67.99345397949219,15.141985893249512,198.83175659179688,13.939915657043457
230.0,11.25,2.940654754638672,67.75618743896484,14.910797119140625,198.8525390625,13.939915657043457
216.0,-5.625,8.338996887207031,66.81668853759766,16.017786026000977,204.1985321044922,13.939915657043457
217.0,-5.625,11.349754333496094,66.70903015136719,16.950149536132812,207.06381225585938,13.939915657043457
218.0,-5.625,14.195028305053711,66.71196746826172,17.831260681152344,209.77740478515625,13.939915657043457
6.0,-11.25,4.501943588256836,70.13265991210938,14.51061725616455,192.724365234375,13.939915657043457
207.0,-16.875,9.188544273376465,65.58033752441406,14.957889556884766,205.13742065429688,13.939915657043457
208.0,-16.875,12.872668266296387,64.97306823730469,15.568330764770508,208.72439575195312,13.939915657043457
11.0,-22.5,6.446950435638428,70.71077728271484,14.021797180175781,190.67665100097656,13.939915657043457
13.0,-22.5,4.239482879638672,69.52679443359375,13.821009635925293,192.53778076171875,13.939915657043457
15.0,-22.5,3.5484230518341064,69.10708618164062,13.75815200805664,193.09959411621094,13.939915657043457
203.0,-22.5,8.881399154663086,65.1025161743164,14.243232727050781,204.78622436523438,13.939915657043457
204.0,-22.5,13.754782676696777,63.94297790527344,14.68651008605957,209.5027618408203,13.939915657043457
