angle,vert_angle,dist,x,y,z,height
21.0,16.875,29.80051612854004,26.160844802856445,53.47859191894531,109.63335418701172,29.353683471679688
25.0,16.875,24.495742797851562,23.94441032409668,48.632083892822266,110.20545196533203,29.353683471679688
