angle,vert_angle,dist,x,y,z,height
245.0,22.5,55.588348388671875,159.1815948486328,50.969383239746094,129.5381622314453,9.116506576538086
246.0,22.5,54.69654083251953,160.4580535888672,51.172637939453125,129.5902557373047,9.116506576538086
247.0,22.5,53.772274017333984,161.74615478515625,51.38329315185547,129.5866241455078,9.116506576538086
248.0,22.5,53.885047912597656,162.33837890625,51.35758972167969,130.2924041748047,9.116506576538086
249.0,22.5,53.933319091796875,162.98599243164062,51.346588134765625,130.94210815429688,9.116506576538086
250.0,22.5,54.492897033691406,163.3210906982422,51.219051361083984,131.9586181640625,9.116506576538086
251.0,22.5,54.994720458984375,163.71702575683594,51.104679107666016,132.9319610595703,9.116506576538086
