angle,vert_angle,dist,x,y,z,height
287.0,22.5,73.92831420898438,167.38804626464844,49.60334014892578,132.22836303710938,15.602701187133789
288.0,22.5,71.65695190429688,167.4683380126953,49.296958923339844,134.8057861328125,15.602701187133789
289.0,22.5,71.07635498046875,166.72665405273438,49.21864318847656,135.94773864746094,15.602701187133789
290.0,22.5,70.80804443359375,165.8426055908203,49.18244934082031,136.83897399902344,15.602701187133789
291.0,22.5,71.07296752929688,164.67880249023438,49.21818923950195,137.30747985839844,15.602701187133789
292.0,22.5,71.67084503173828,163.32798767089844,49.29883575439453,137.53030395507812,15.602701187133789
293.0,22.5,72.31616973876953,161.94491577148438,49.38587951660156,137.74496459960938,15.602701187133789
294.0,22.5,74.84393310546875,159.42129516601562,49.726844787597656,136.51075744628906,15.602701187133789
