angle,vert_angle,dist,x,y,z,height
193.0,-11.25,45.715614318847656,60.61173629760742,26.355941772460938,116.26425170898438,61.04029083251953
194.0,-11.25,47.49274826049805,61.78876876831055,25.103981018066406,116.99808502197266,61.04029083251953
195.0,-11.25,48.532630920410156,62.69673538208008,24.37140655517578,117.27000427246094,61.04029083251953
196.0,-11.25,49.331695556640625,63.5194206237793,23.8084716796875,117.3802261352539,61.04029083251953
197.0,-11.25,49.91881561279297,64.26142120361328,23.394859313964844,117.35000610351562,61.04029083251953
202.0,-16.875,45.00335693359375,63.09657669067383,24.06786346435547,109.77625274658203,61.04029083251953
203.0,-16.875,46.92823791503906,64.33208465576172,22.592483520507812,110.29328918457031,61.04029083251953
204.0,-16.875,48.02229690551758,65.20658111572266,21.753917694091797,110.40369415283203,61.04029083251953
205.0,-16.875,49.26507568359375,66.1613540649414,20.80135726928711,110.55482482910156,61.04029083251953
211.0,-22.5,45.48798370361328,64.51407623291016,21.2122802734375,103.51622772216797,61.04029083251953
212.0,-22.5,46.78899383544922,65.3870620727539,20.144039154052734,103.54096221923828,61.04029083251953
213.0,-22.5,48.725921630859375,66.57552337646484,18.553653717041016,103.7312240600586,61.04029083251953
321.0,-22.5,49.0863037109375,49.679012298583984,18.25775146484375,61.84165954589844,61.04029083251953
322.0,-22.5,47.190181732177734,48.96200942993164,19.814624786376953,62.78358459472656,61.04029083251953
