angle,vert_angle,dist,x,y,z,height
321.0,-22.5,27.095075607299805,163.9969940185547,51.14652633666992,131.95213317871094,38.258792877197266
322.0,-22.5,26.540084838867188,163.5537872314453,51.17837142944336,132.525634765625,38.258792877197266
323.0,-22.5,26.195579528808594,163.11585998535156,51.198143005371094,132.8965606689453,38.258792877197266
324.0,-22.5,26.10349464416504,162.66873168945312,51.20343017578125,133.02354431152344,38.258792877197266
325.0,-22.5,26.00179100036621,162.22647094726562,51.209266662597656,133.16770935058594,38.258792877197266
326.0,-22.5,25.753421783447266,161.80625915527344,51.22351837158203,133.4647216796875,38.258792877197266
327.0,-22.5,25.85741424560547,161.34695434570312,51.217552185058594,133.42005920410156,38.258792877197266
328.0,-22.5,26.125137329101562,160.85972595214844,51.202186584472656,133.2222137451172,38.258792877197266
329.0,-22.5,26.20277976989746,160.3972930908203,51.197731018066406,133.2205810546875,38.258792877197266
330.0,-22.5,26.64188003540039,159.86505126953125,51.17253112792969,132.8729705810547,38.258792877197266
331.0,-22.5,27.222688674926758,159.29002380371094,51.13920211791992,132.39781188964844,38.258792877197266
332.0,-22.5,27.88951301574707,158.67770385742188,51.10093307495117,131.8512420654297,38.258792877197266
