angle,vert_angle,dist,x,y,z,height
127.0,22.5,44.47589111328125,63.204673767089844,9.240316390991211,51.83955383300781,12.952980041503906
128.0,22.5,44.75462341308594,63.269287109375,9.21845817565918,51.017581939697266,12.952980041503906
329.0,22.5,2.8625941276550293,18.028881072998047,12.503751754760742,64.79605102539062,12.952980041503906
333.0,22.5,3.9745047092437744,17.313039779663086,12.416552543640137,65.67434692382812,12.952980041503906
335.0,22.5,6.208131313323975,15.768555641174316,12.241385459899902,67.28768157958984,12.952980041503906
151.0,16.875,8.219362258911133,26.72484016418457,12.829849243164062,57.94403076171875,12.952980041503906
338.0,16.875,4.05127477645874,17.49127769470215,12.778325080871582,65.9932861328125,12.952980041503906
349.0,5.625,4.303298473358154,17.975543975830078,13.557491302490234,66.60460662841797,12.952980041503906
357.0,0.0,5.7082109451293945,17.897018432617188,14.329499244689941,68.00621032714844,12.952980041503906
1.0,-5.625,3.4124646186828613,19.07691192626953,13.97595500946045,66.01467895507812,12.952980041503906
2.0,-5.625,4.800905704498291,18.644420623779297,14.48361587524414,67.23423767089844,12.952980041503906
6.0,-11.25,2.3729848861694336,19.6252498626709,13.789511680603027,65.09713745117188,12.952980041503906
9.0,-11.25,3.981156826019287,19.33423614501953,14.508728981018066,66.51310729980469,12.952980041503906
10.0,-11.25,7.683124542236328,18.53597068786621,16.164352416992188,69.72771453857422,12.952980041503906
15.0,-16.875,2.5587854385375977,19.887128829956055,14.070367813110352,65.22630310058594,12.952980041503906
16.0,-16.875,5.11097526550293,19.532962799072266,15.409029006958008,67.37085723876953,12.952980041503906
17.0,-16.875,9.848423957824707,18.950414657592773,17.893896102905273,71.3634262084961,12.952980041503906
24.0,-22.5,14.737397193908691,19.465774536132812,21.522811889648438,74.88557434082031,12.952980041503906
25.0,-22.5,3.029714584350586,20.184337615966797,14.536230087280273,65.51808166503906,12.952980041503906
118.0,-22.5,9.039793968200684,27.570730209350586,18.122758865356445,63.10675048828125,12.952980041503906
120.0,-22.5,4.838828086853027,24.197711944580078,15.615823745727539,62.963722229003906,12.952980041503906
