angle,vert_angle,dist,x,y,z,height
197.0,-22.5,98.98503875732422,208.9381103515625,8.178924560546875,90.37428283691406,9.812751770019531
268.0,-22.5,77.20004272460938,238.60269165039062,8.142051696777344,189.8836212158203,9.812751770019531
269.0,-22.5,79.6072998046875,237.76466369628906,8.146124839782715,192.52268981933594,9.812751770019531
270.0,-22.5,80.57421875,238.0332794189453,8.147762298583984,194.20094299316406,9.812751770019531
271.0,-22.5,81.79344177246094,238.1654510498047,8.149825096130371,196.06549072265625,9.812751770019531
272.0,-22.5,83.33326721191406,238.12374877929688,8.15243148803711,198.17393493652344,9.812751770019531
273.0,-22.5,84.959716796875,238.07969665527344,8.155184745788574,200.3648681640625,9.812751770019531
274.0,-22.5,86.67890930175781,238.0331268310547,8.158095359802246,202.64447021484375,9.812751770019531
275.0,-22.5,89.16236877441406,237.5501708984375,8.162299156188965,205.5234375,9.812751770019531
276.0,-22.5,92.79792022705078,236.41419982910156,8.168450355529785,209.32437133789062,9.812751770019531
277.0,-22.5,98.94305419921875,233.82357788085938,8.178853988647461,215.14227294921875,9.812751770019531
321.0,-22.5,25.680313110351562,298.0902099609375,8.054848670959473,163.53355407714844,9.812751770019531
324.0,-22.5,19.069377899169922,298.4749450683594,8.043659210205078,156.83291625976562,9.812751770019531
