angle,vert_angle,dist,x,y,z,height
64.0,-22.5,30.225893020629883,165.56826782226562,50.41144943237305,129.67137145996094,38.274742126464844
65.0,-22.5,28.608644485473633,165.05197143554688,50.80451965332031,131.23414611816406,38.274742126464844
66.0,-22.5,28.15174102783203,164.5740509033203,50.915565490722656,131.6800994873047,38.274742126464844
67.0,-22.5,27.32462501525879,164.12322998046875,51.116600036621094,132.49307250976562,38.274742126464844
68.0,-22.5,27.180641174316406,163.66790771484375,51.15159225463867,132.65138244628906,38.274742126464844
69.0,-22.5,26.988636016845703,163.22096252441406,51.19825744628906,132.86395263671875,38.274742126464844
70.0,-22.5,26.92699432373047,162.7703857421875,51.21324157714844,132.95803833007812,38.274742126464844
71.0,-22.5,26.852752685546875,162.32382202148438,51.231285095214844,133.07203674316406,38.274742126464844
72.0,-22.5,26.826679229736328,161.87498474121094,51.23762130737305,133.14727783203125,38.274742126464844
73.0,-22.5,26.65825653076172,161.44679260253906,51.27855682373047,133.36708068847656,38.274742126464844
74.0,-22.5,26.876911163330078,160.96768188476562,51.22541427612305,133.22288513183594,38.274742126464844
75.0,-22.5,26.93312644958496,160.5093536376953,51.21175003051758,133.24293518066406,38.274742126464844
76.0,-22.5,27.17239761352539,160.01718139648438,51.153594970703125,133.09674072265625,38.274742126464844
77.0,-22.5,27.428943634033203,159.51510620117188,51.09123992919922,132.9435577392578,38.274742126464844
78.0,-22.5,27.90730094909668,158.95840454101562,50.9749755859375,132.59030151367188,38.274742126464844
79.0,-22.5,28.082138061523438,158.4581298828125,50.93248748779297,132.53456115722656,38.274742126464844
80.0,-22.5,28.664161682128906,157.85299682617188,50.79102325439453,132.10647583007812,38.274742126464844
