angle,vert_angle,dist,x,y,z,height
43.0,22.5,21.139713287353516,15.035531997680664,27.09762191772461,110.71040344238281,12.805949211120605
44.0,22.5,24.65326499938965,16.29901123046875,29.950084686279297,109.0775375366211,12.805949211120605
45.0,22.5,29.707256317138672,18.11789894104004,34.05314636230469,106.73757934570312,12.805949211120605
46.0,22.5,35.647254943847656,20.201812744140625,38.875511169433594,103.94550323486328,12.805949211120605
36.0,16.875,20.075416564941406,14.614123344421387,26.109407424926758,110.9285888671875,12.805949211120605
37.0,16.875,24.058345794677734,16.07326316833496,29.318300247192383,109.06063079833984,12.805949211120605
38.0,16.875,28.906572341918945,17.812334060668945,33.22433090209961,106.75884246826172,12.805949211120605
39.0,16.875,35.200260162353516,20.035390853881836,38.29490661621094,103.7477798461914,12.805949211120605
40.0,16.875,46.21286392211914,23.95360565185547,47.167327880859375,98.5152816772461,12.805949211120605
31.0,11.25,19.996007919311523,14.48433780670166,25.766613006591797,110.36717987060547,12.805949211120605
32.0,11.25,24.89757537841797,16.278606414794922,29.64726448059082,107.95821380615234,12.805949211120605
33.0,11.25,31.0081787109375,18.46295166015625,34.485130310058594,104.91668701171875,12.805949211120605
34.0,11.25,40.517799377441406,21.843109130859375,42.014060974121094,100.17691040039062,12.805949211120605
27.0,5.625,20.10843276977539,14.448965072631836,25.421905517578125,109.53410339355469,12.805949211120605
28.0,5.625,26.622453689575195,16.84099578857422,30.438669204711914,106.12689208984375,12.805949211120605
29.0,5.625,34.3746337890625,19.592769622802734,36.409000396728516,102.00467681884766,12.805949211120605
24.0,0.0,19.681011199951172,14.181111335754395,24.522262573242188,108.83879089355469,12.805949211120605
25.0,0.0,27.797727584838867,17.1466007232666,30.538070678710938,104.25926208496094,12.805949211120605
22.0,-5.625,15.323741912841797,12.325052261352539,20.739273071289062,110.40321350097656,12.805949211120605
23.0,-5.625,33.89690399169922,19.214187622070312,33.83408737182617,99.17344665527344,12.805949211120605
20.0,-16.875,16.657196044921875,12.445882797241211,20.14356231689453,107.81427764892578,12.805949211120605
19.0,-22.5,34.23274230957031,18.65308380126953,29.02511978149414,93.86591339111328,12.805949211120605
20.0,-22.5,40.176727294921875,20.26239776611328,32.339752197265625,89.1709213256836,12.805949211120605
