angle,vert_angle,dist,x,y,z,height
323.0,-22.5,26.51132583618164,164.95407104492188,50.80411911010742,132.53713989257812,38.252174377441406
324.0,-22.5,25.616649627685547,164.5068359375,50.865936279296875,133.43295288085938,38.252174377441406
325.0,-22.5,25.14311408996582,164.0767822265625,50.898658752441406,133.91615295410156,38.252174377441406
326.0,-22.5,25.061145782470703,163.64356994628906,50.904319763183594,134.0163116455078,38.252174377441406
327.0,-22.5,24.867090225219727,163.2212371826172,50.917728424072266,134.23548889160156,38.252174377441406
328.0,-22.5,24.72723960876465,162.80152893066406,50.927391052246094,134.40786743164062,38.252174377441406
329.0,-22.5,24.63692283630371,162.3822021484375,50.933631896972656,134.5381622314453,38.252174377441406
330.0,-22.5,24.628429412841797,161.95697021484375,50.93421936035156,134.59454345703125,38.252174377441406
331.0,-22.5,24.81743049621582,161.50575256347656,50.92116165161133,134.4631805419922,38.252174377441406
332.0,-22.5,24.979135513305664,161.05328369140625,50.90998840332031,134.36709594726562,38.252174377441406
333.0,-22.5,25.01664161682129,160.6177978515625,50.90739440917969,134.40142822265625,38.252174377441406
334.0,-22.5,25.433544158935547,160.11061096191406,50.87858963012695,134.07183837890625,38.252174377441406
335.0,-22.5,25.871973037719727,159.58619689941406,50.848297119140625,133.73158264160156,38.252174377441406
336.0,-22.5,26.301372528076172,159.05047607421875,50.818626403808594,133.41094970703125,38.252174377441406
337.0,-22.5,26.802640914916992,158.48472595214844,50.78398895263672,133.0318603515625,38.252174377441406
338.0,-22.5,27.79473876953125,157.77792358398438,50.71543884277344,132.1917266845703,38.252174377441406
