angle,vert_angle,dist,x,y,z,height
113.0,22.5,36.6992301940918,37.049903869628906,67.6035385131836,106.51912689208984,8.900857925415039
114.0,22.5,36.16040802001953,36.371673583984375,67.75617980957031,106.09626770019531,8.900857925415039
115.0,22.5,35.69755935668945,35.757835388183594,67.88729858398438,105.66976928710938,8.900857925415039
116.0,22.5,35.24108123779297,35.14501190185547,68.01660919189453,105.25923156738281,8.900857925415039
117.0,22.5,35.0998649597168,34.8095588684082,68.0566177368164,104.75688171386719,8.900857925415039
118.0,22.5,35.07547378540039,34.56993865966797,68.06352996826172,104.22016906738281,8.900857925415039
119.0,22.5,34.98408889770508,34.26213073730469,68.08941650390625,103.71349334716797,8.900857925415039
120.0,22.5,35.040042877197266,34.074947357177734,68.07356262207031,103.15557098388672,8.900857925415039
121.0,22.5,35.0872917175293,33.870121002197266,68.0601806640625,102.60372161865234,8.900857925415039
122.0,22.5,35.24830627441406,33.753170013427734,68.01456451416016,102.0064926147461,8.900857925415039
123.0,22.5,35.487857818603516,33.69154739379883,67.94670867919922,101.37448120117188,8.900857925415039
124.0,22.5,35.68204116821289,33.57872009277344,67.89169311523438,100.76071166992188,8.900857925415039
125.0,22.5,36.05501937866211,33.60320281982422,67.7860336303711,100.06230163574219,8.900857925415039
126.0,22.5,36.5081901550293,33.678802490234375,67.65765380859375,99.31936645507812,8.900857925415039
127.0,22.5,36.98859786987305,33.75986862182617,67.52156066894531,98.55514526367188,8.900857925415039
128.0,22.5,37.476932525634766,33.829776763916016,67.38322448730469,97.77873229980469,8.900857925415039
129.0,22.5,38.14753723144531,34.02783966064453,67.19325256347656,96.89842987060547,8.900857925415039
130.0,22.5,38.98573303222656,34.33708190917969,66.95580291748047,95.91495513916016,8.900857925415039
131.0,22.5,39.87981414794922,34.664859771728516,66.70252227783203,94.88375854492188,8.900857925415039
132.0,22.5,41.67953872680664,35.66602325439453,66.19268035888672,93.32093811035156,8.900857925415039
