angle,vert_angle,dist,x,y,z,height
17.0,22.5,48.77469253540039,51.77792739868164,13.061948776245117,143.35147094726562,14.261709213256836
