angle,vert_angle,dist,x,y,z,height
0.0,-22.5,67.60210418701172,168.2972412109375,47.09917449951172,138.77346801757812,15.632131576538086
1.0,-22.5,67.416015625,167.4186553955078,47.07834243774414,139.56918334960938,15.632131576538086
2.0,-22.5,67.8157730102539,166.22543334960938,47.12310028076172,139.8996124267578,15.632131576538086
3.0,-22.5,68.22256469726562,165.02841186523438,47.16865158081055,140.2491455078125,15.632131576538086
4.0,-22.5,68.9222412109375,163.6580810546875,47.24699401855469,140.39028930664062,15.632131576538086
5.0,-22.5,69.86964416503906,162.13023376464844,47.35307312011719,140.36788940429688,15.632131576538086
6.0,-22.5,71.30354309082031,160.287109375,47.513633728027344,140.00497436523438,15.632131576538086
7.0,-22.5,75.36097717285156,156.753662109375,47.96794891357422,137.68389892578125,15.632131576538086
356.0,-22.5,71.41384887695312,170.5108184814453,47.52598190307617,133.05747985839844,15.632131576538086
357.0,-22.5,69.67667388916016,170.28465270996094,47.33147048950195,135.16116333007812,15.632131576538086
358.0,-22.5,68.42356872558594,169.87574768066406,47.19115447998047,136.8396759033203,15.632131576538086
359.0,-22.5,67.83070373535156,169.17010498046875,47.12477493286133,137.95555114746094,15.632131576538086
