angle,vert_angle,dist,x,y,z,height
152.0,16.875,49.7242546081543,66.86817169189453,20.392269134521484,111.68292999267578,52.18952560424805
151.0,11.25,48.18439483642578,66.5382080078125,20.07566261291504,109.18793487548828,52.18952560424805
141.0,-11.25,49.172813415527344,68.24710083007812,17.696414947509766,106.68858337402344,52.18952560424805
137.0,-16.875,49.229312896728516,68.22796630859375,17.841310501098633,106.97298431396484,52.18952560424805
