angle,vert_angle,dist,x,y,z,height
100.0,-16.875,49.76702117919922,37.2773323059082,69.97895812988281,99.47782897949219,8.87973690032959
101.0,-16.875,49.67073440551758,38.042236328125,69.99537658691406,99.87153625488281,8.87973690032959
94.0,-22.5,47.49699783325195,35.569557189941406,67.2144775390625,94.60585021972656,8.87973690032959
95.0,-22.5,45.930389404296875,37.13956069946289,67.58551788330078,93.91382598876953,8.87973690032959
96.0,-22.5,45.15679931640625,38.210235595703125,67.76874542236328,93.79180145263672,8.87973690032959
97.0,-22.5,44.825050354003906,39.01444625854492,67.84732055664062,93.98958587646484,8.87973690032959
98.0,-22.5,44.59309768676758,39.761497497558594,67.90225982666016,94.24921417236328,8.87973690032959
99.0,-22.5,44.647789001464844,40.3531379699707,67.8893051147461,94.72382354736328,8.87973690032959
100.0,-22.5,44.846195220947266,40.877235412597656,67.84231567382812,95.30534362792969,8.87973690032959
101.0,-22.5,45.05938720703125,41.406585693359375,67.79181671142578,95.89160919189453,8.87973690032959
102.0,-22.5,45.48194122314453,41.843719482421875,67.69173431396484,96.6443862915039,8.87973690032959
103.0,-22.5,46.114070892333984,42.19762420654297,67.54202270507812,97.56903839111328,8.87973690032959
104.0,-22.5,46.92266845703125,42.49321746826172,67.35050201416016,98.64230346679688,8.87973690032959
105.0,-22.5,48.224124908447266,42.59310531616211,67.0422592163086,100.1387710571289,8.87973690032959
