angle,vert_angle,dist,x,y,z,height
132.0,-16.875,49.486995697021484,68.26473236083984,17.687911987304688,106.70217895507812,51.413604736328125
