angle,vert_angle,dist,x,y,z,height
51.0,-22.5,67.01412200927734,82.1644515991211,27.236574172973633,214.18301391601562,8.049137115478516
52.0,-22.5,65.55607604980469,80.39781188964844,27.25343132019043,214.76837158203125,8.049137115478516
53.0,-22.5,65.86054992675781,79.59024047851562,27.24991226196289,213.899169921875,8.049137115478516
