angle,vert_angle,dist,x,y,z,height
298.0,22.5,49.733863830566406,141.12469482421875,8.321924209594727,61.25145721435547,7.994899749755859
299.0,22.5,49.575504302978516,141.8290557861328,8.324249267578125,60.722503662109375,7.994899749755859
300.0,22.5,49.42881393432617,142.5271453857422,8.326401710510254,60.19290542602539,7.994899749755859
301.0,22.5,49.166900634765625,143.1576690673828,8.330245971679688,59.55171585083008,7.994899749755859
302.0,22.5,49.020538330078125,143.83082580566406,8.33239459991455,59.00186538696289,7.994899749755859
303.0,22.5,48.998497009277344,144.55616760253906,8.332718849182129,58.54816436767578,7.994899749755859
304.0,22.5,48.80366897583008,145.1814727783203,8.335577964782715,57.93563461303711,7.994899749755859
305.0,22.5,48.66630935668945,145.82447814941406,8.337594985961914,57.36227035522461,7.994899749755859
306.0,22.5,48.83924865722656,146.62908935546875,8.33505630493164,57.03618240356445,7.994899749755859
307.0,22.5,48.80998229980469,147.31427001953125,8.33548641204834,56.52885437011719,7.994899749755859
308.0,22.5,48.943077087402344,148.08560180664062,8.333532333374023,56.141212463378906,7.994899749755859
309.0,22.5,49.136192321777344,148.88809204101562,8.330698013305664,55.786678314208984,7.994899749755859
310.0,22.5,49.08940887451172,149.53909301757812,8.331384658813477,55.22724533081055,7.994899749755859
311.0,22.5,49.02442932128906,150.16812133789062,8.332338333129883,54.642921447753906,7.994899749755859
312.0,22.5,49.42639923095703,151.08644104003906,8.326437950134277,54.40581130981445,7.994899749755859
313.0,22.5,49.59912872314453,151.85525512695312,8.323902130126953,53.97530746459961,7.994899749755859
314.0,22.5,49.60185241699219,152.5048370361328,8.323861122131348,53.40323257446289,7.994899749755859
