angle,vert_angle,dist,x,y,z,height
5.0,-22.5,36.37942123413086,167.02932739257812,49.95258712768555,132.9801025390625,22.303884506225586
6.0,-22.5,37.43864822387695,165.9254913330078,50.362361907958984,133.27740478515625,22.303884506225586
