angle,vert_angle,dist,x,y,z,height
82.0,22.5,37.27570343017578,37.94779586791992,69.88407135009766,101.474853515625,8.66738224029541
83.0,22.5,36.81947708129883,37.32828903198242,69.9833984375,101.01360321044922,8.66738224029541
84.0,22.5,36.737972259521484,37.0478630065918,70.00114440917969,100.44775390625,8.66738224029541
85.0,22.5,36.81636428833008,36.904136657714844,69.98407745361328,99.83320617675781,8.66738224029541
86.0,22.5,36.975006103515625,36.82204055786133,69.94953918457031,99.19114685058594,8.66738224029541
87.0,22.5,37.322017669677734,36.89743423461914,69.87398529052734,98.47738647460938,8.66738224029541
88.0,22.5,38.53117752075195,37.728965759277344,69.6107177734375,97.41975402832031,8.66738224029541
