angle,vert_angle,dist,x,y,z,height
80.0,22.5,21.219541549682617,15.543519020080566,27.761157989501953,108.16210174560547,14.383858680725098
71.0,16.875,18.451980590820312,14.606554985046387,26.094024658203125,110.3740005493164,14.383858680725098
72.0,16.875,29.039167404174805,18.422334671020508,34.407501220703125,105.03761291503906,14.383858680725098
62.0,11.25,22.290496826171875,16.134586334228516,29.471214294433594,109.16498565673828,14.383858680725098
63.0,11.25,29.84967803955078,18.815061569213867,35.53009796142578,105.51551055908203,14.383858680725098
64.0,11.25,40.32631301879883,22.449718475341797,43.927391052246094,100.4002685546875,14.383858680725098
53.0,5.625,21.41963768005371,15.871359825134277,28.956710815429688,109.95660400390625,14.383858680725098
54.0,5.625,27.69339370727539,18.102907180786133,34.039039611816406,107.02194213867188,14.383858680725098
55.0,5.625,35.00740051269531,20.62307357788086,39.964073181152344,103.53783416748047,14.383858680725098
45.0,0.0,14.299356460571289,13.108895301818848,23.199569702148438,113.10690307617188,14.383858680725098
46.0,0.0,27.41657829284668,18.021852493286133,33.83579635620117,107.20470428466797,14.383858680725098
47.0,0.0,34.18376922607422,20.346960067749023,39.323036193847656,103.98341369628906,14.383858680725098
39.0,-5.625,22.878402709960938,16.310842514038086,29.994836807250977,108.94599914550781,14.383858680725098
40.0,-5.625,31.760303497314453,19.46840476989746,37.134254455566406,104.7004165649414,14.383858680725098
33.0,-11.25,18.28689193725586,14.59792709350586,26.03374481201172,110.61137390136719,14.383858680725098
34.0,-11.25,27.741622924804688,18.022563934326172,33.49382781982422,105.91358184814453,14.383858680725098
35.0,-11.25,39.06131362915039,21.974205017089844,42.42543411254883,100.18025970458984,14.383858680725098
29.0,-16.875,17.042163848876953,14.036316871643066,24.67015838623047,110.54597473144531,14.383858680725098
30.0,-16.875,28.012821197509766,17.974607467651367,33.08080291748047,104.70079040527344,14.383858680725098
26.0,-22.5,16.375900268554688,13.685112953186035,23.671920776367188,110.14166259765625,14.383858680725098
