angle,vert_angle,dist,x,y,z,height
69.0,22.5,21.144664764404297,17.37083625793457,32.765769958496094,109.8641586303711,18.118022918701172
58.0,16.875,18.291255950927734,16.45425796508789,30.626571655273438,111.64566040039062,18.118022918701172
48.0,11.25,19.1397647857666,16.77568817138672,31.44142723083496,111.53885650634766,18.118022918701172
40.0,5.625,31.868701934814453,21.19070816040039,42.18855285644531,106.33138275146484,18.118022918701172
33.0,0.0,23.620859146118164,18.283994674682617,34.91651916503906,109.01673126220703,18.118022918701172
25.0,-11.25,18.76898765563965,16.322921752929688,29.974178314208984,109.30770874023438,18.118022918701172
22.0,-16.875,28.201026916503906,19.4622745513916,36.44931411743164,103.04192352294922,18.118022918701172
