angle,vert_angle,dist,x,y,z,height
91.0,-22.5,46.29697036743164,36.668033599853516,67.6064224243164,94.40506744384766,8.713764190673828
92.0,-22.5,45.13780212402344,37.9989128112793,67.87493133544922,94.08454895019531,8.713764190673828
93.0,-22.5,44.600223541259766,38.91708755493164,67.99946594238281,94.18833923339844,8.713764190673828
94.0,-22.5,44.36284255981445,39.644500732421875,68.05445098876953,94.49583435058594,8.713764190673828
95.0,-22.5,44.353336334228516,40.236289978027344,68.05665588378906,94.96175384521484,8.713764190673828
96.0,-22.5,44.461334228515625,40.76654052734375,68.0316390991211,95.50794982910156,8.713764190673828
97.0,-22.5,44.58616638183594,41.29798126220703,68.00271606445312,96.05908966064453,8.713764190673828
98.0,-22.5,45.053829193115234,41.64739990234375,67.8943862915039,96.87390899658203,8.713764190673828
99.0,-22.5,45.577632904052734,41.98664093017578,67.77305603027344,97.73210906982422,8.713764190673828
100.0,-22.5,46.312721252441406,42.234989166259766,67.60277557373047,98.76078033447266,8.713764190673828
101.0,-22.5,47.379066467285156,42.33898162841797,67.35576629638672,100.06377410888672,8.713764190673828
102.0,-22.5,48.90169906616211,42.24968338012695,67.00305938720703,101.75312042236328,8.713764190673828
