angle,vert_angle,dist,x,y,z,height
68.0,22.5,45.03327560424805,26.611299514770508,55.277305603027344,101.55237579345703,19.664581298828125
69.0,22.5,18.072628021240234,17.065893173217773,32.16389083862305,111.6319351196289,19.664581298828125
56.0,16.875,30.336688995361328,21.4898624420166,43.09552764892578,108.12153625488281,19.664581298828125
44.0,11.25,23.80592155456543,19.306255340576172,37.53480529785156,110.81310272216797,19.664581298828125
35.0,5.625,30.318443298339844,21.5330867767334,43.149818420410156,108.358642578125,19.664581298828125
28.0,0.0,22.999021530151367,18.92167854309082,36.493263244628906,110.13665008544922,19.664581298828125
24.0,-5.625,22.66472625732422,18.593358993530273,35.75694274902344,109.09980010986328,19.664581298828125
18.0,-16.875,33.79338073730469,22.132753372192383,42.9791259765625,100.60057067871094,19.664581298828125
19.0,-16.875,19.866727828979492,17.30502700805664,32.13690185546875,107.89244842529297,19.664581298828125
