angle,vert_angle,dist,x,y,z,height
58.0,16.875,20.220470428466797,17.639623641967773,33.454322814941406,110.91513061523438,19.11016273498535
48.0,11.25,19.00748062133789,17.1900634765625,32.514503479003906,111.57656860351562,19.11016273498535
39.0,5.625,18.26239585876465,16.948989868164062,31.815744400024414,111.7394027709961,19.11016273498535
24.0,-11.25,24.509672164916992,18.80538558959961,35.73081970214844,106.41193389892578,19.11016273498535
