angle,vert_angle,dist,x,y,z,height
153.0,-11.25,48.44232940673828,63.45077896118164,23.898719787597656,117.82315063476562,54.862483978271484
154.0,-11.25,49.850975036621094,64.75372314453125,23.20023536682129,118.41770935058594,54.862483978271484
154.0,-16.875,44.962646484375,63.33961486816406,23.85460090637207,112.87781524658203,54.862483978271484
155.0,-16.875,47.83711242675781,65.3768310546875,22.3161563873291,114.36543273925781,54.862483978271484
156.0,-16.875,49.64579772949219,66.89837646484375,21.348127365112305,115.09711456298828,54.862483978271484
155.0,-22.5,47.116424560546875,66.0773696899414,21.090425491333008,111.57254791259766,54.862483978271484
156.0,-22.5,48.987632751464844,67.62505340576172,20.024946212768555,112.24034118652344,54.862483978271484
