angle,vert_angle,dist,x,y,z,height
288.0,22.5,98.23837280273438,159.89535522460938,48.67119598388672,124.57183837890625,41.06024932861328
289.0,22.5,95.86512756347656,162.64898681640625,49.180843353271484,125.29737091064453,41.06024932861328
290.0,22.5,94.59588623046875,164.40196228027344,49.45341110229492,126.3455810546875,41.06024932861328
291.0,22.5,93.89402770996094,165.65545654296875,49.6041259765625,127.56185913085938,41.06024932861328
292.0,22.5,93.58647155761719,166.57408142089844,49.67018127441406,128.90335083007812,41.06024932861328
293.0,22.5,93.71112060546875,167.13201904296875,49.643409729003906,130.4039764404297,41.06024932861328
294.0,22.5,93.98497009277344,167.58627319335938,49.58460235595703,131.96096801757812,41.06024932861328
295.0,22.5,94.89014434814453,167.52162170410156,49.39021301269531,133.79637145996094,41.06024932861328
296.0,22.5,96.41911315917969,166.95953369140625,49.06188201904297,135.93467712402344,41.06024932861328
