angle,vert_angle,dist,x,y,z,height
85.0,-22.5,45.666934967041016,37.538902282714844,68.0116195678711,94.40463256835938,8.366098403930664
86.0,-22.5,44.787628173828125,38.691009521484375,68.20530700683594,94.43804168701172,8.366098403930664
87.0,-22.5,44.406890869140625,39.47084426879883,68.28917694091797,94.7639389038086,8.366098403930664
88.0,-22.5,44.30051040649414,40.055397033691406,68.31260681152344,95.25305938720703,8.366098403930664
89.0,-22.5,44.26872253417969,40.59459686279297,68.31961059570312,95.7809066772461,8.366098403930664
90.0,-22.5,44.354835510253906,41.060874938964844,68.30064392089844,96.37983703613281,8.366098403930664
91.0,-22.5,44.753257751464844,41.32602310180664,68.21287536621094,97.18980407714844,8.366098403930664
92.0,-22.5,45.084556579589844,41.655029296875,68.13990020751953,97.95201873779297,8.366098403930664
93.0,-22.5,45.825164794921875,41.73300552368164,67.97676086425781,99.00776672363281,8.366098403930664
94.0,-22.5,46.44602966308594,41.91581344604492,67.83999633789062,99.98255920410156,8.366098403930664
95.0,-22.5,47.648468017578125,41.75709915161133,67.57512664794922,101.3939208984375,8.366098403930664
96.0,-22.5,49.056209564208984,41.51210021972656,67.26502990722656,102.97601318359375,8.366098403930664
