angle,vert_angle,dist,x,y,z,height
263.0,-22.5,8.999337196350098,2.7763588428497314,8.0475492477417,67.05753326416016,9.696483612060547
264.0,-22.5,9.464315414428711,2.3973817825317383,8.023860931396484,66.74464416503906,9.696483612060547
265.0,-22.5,9.53011703491211,2.222367286682129,8.020508766174316,66.7776870727539,9.696483612060547
266.0,-22.5,8.708168029785156,2.5407633781433105,8.062381744384766,67.55078887939453,9.696483612060547
267.0,-22.5,8.79904556274414,2.363586664199829,8.05775260925293,67.56192779541016,9.696483612060547
268.0,-22.5,9.299362182617188,1.9458929300308228,8.032264709472656,67.24560546875,9.696483612060547
269.0,-22.5,9.530115127563477,1.6771389245986938,8.020508766174316,67.15724182128906,9.696483612060547
270.0,-22.5,9.530121803283691,1.5450758934020996,8.020508766174316,67.25799560546875,9.696483612060547
271.0,-22.5,9.530116081237793,1.4147926568984985,8.020508766174316,67.36105346679688,9.696483612060547
272.0,-22.5,9.530115127563477,1.2863281965255737,8.020508766174316,67.46636199951172,9.696483612060547
273.0,-22.5,9.530126571655273,1.1597111225128174,8.020508766174316,67.57389068603516,9.696483612060547
274.0,-22.5,9.530120849609375,1.035000205039978,8.020508766174316,67.68362426757812,9.696483612060547
275.0,-22.5,9.53011703491211,0.912223756313324,8.020508766174316,67.79551696777344,9.696483612060547
276.0,-22.5,9.530116081237793,0.7914175987243652,8.020508766174316,67.90953063964844,9.696483612060547
277.0,-22.5,9.530122756958008,0.6726175546646118,8.020508766174316,68.02562713623047,9.696483612060547
278.0,-22.5,9.563043594360352,0.5322721004486084,8.018831253051758,68.12088775634766,9.696483612060547
279.0,-22.5,9.690679550170898,0.3242120146751404,8.0123291015625,68.154296875,9.696483612060547
280.0,-22.5,9.705721855163574,0.19862261414527893,8.011563301086426,68.2684326171875,9.696483612060547
281.0,-22.5,9.575799942016602,0.18386822938919067,8.018181800842285,68.480224609375,9.696483612060547
282.0,-22.5,9.530115127563477,0.10999292135238647,8.020508766174316,68.63626861572266,9.696483612060547
283.0,-22.5,9.530122756958008,0.003973580896854401,8.020508766174316,68.76415252685547,9.696483612060547
331.0,-22.5,6.6337127685546875,0.8378673195838928,8.168063163757324,75.79257202148438,9.696483612060547
332.0,-22.5,6.473938465118408,1.013856053352356,8.176202774047852,75.87938690185547,9.696483612060547
