angle,vert_angle,dist,x,y,z,height
227.0,0.0,15.305652618408203,67.71868133544922,19.12783432006836,210.1768035888672,13.592920303344727
221.0,-5.625,14.686361312866211,66.69549560546875,17.940448760986328,209.97845458984375,13.592920303344727
204.0,-22.5,8.787590026855469,64.97901916503906,13.992243766784668,204.58018493652344,13.592920303344727
207.0,-22.5,16.196487426757812,63.544403076171875,15.128981590270996,211.78590393066406,13.592920303344727
