angle,vert_angle,dist,x,y,z,height
99.0,-16.875,48.455726623535156,37.174537658691406,69.55044555664062,97.53621673583984,8.895231246948242
100.0,-16.875,47.71683883666992,38.26474380493164,69.68683624267578,97.39794921875,8.895231246948242
101.0,-16.875,47.82090759277344,38.8950080871582,69.6676254272461,97.93144226074219,8.895231246948242
102.0,-16.875,48.04596710205078,39.47364044189453,69.62608337402344,98.55604553222656,8.895231246948242
103.0,-16.875,48.799739837646484,39.801631927490234,69.4869384765625,99.61958312988281,8.895231246948242
94.0,-22.5,46.961177825927734,35.79978942871094,66.7464828491211,93.82709503173828,8.895231246948242
95.0,-22.5,45.692466735839844,37.174720764160156,67.06387329101562,93.3463134765625,8.895231246948242
96.0,-22.5,44.85907745361328,38.272003173828125,67.2723617553711,93.16651153564453,8.895231246948242
97.0,-22.5,44.500831604003906,39.086055755615234,67.36198425292969,93.33277130126953,8.895231246948242
98.0,-22.5,44.28423309326172,39.81983947753906,67.41617584228516,93.59403991699219,8.895231246948242
99.0,-22.5,44.25914764404297,40.452125549316406,67.42245483398438,93.99463653564453,8.895231246948242
100.0,-22.5,44.24260711669922,41.08646774291992,67.42658996582031,94.39086151123047,8.895231246948242
101.0,-22.5,44.56975555419922,41.552459716796875,67.34474182128906,95.05887603759766,8.895231246948242
102.0,-22.5,44.95911407470703,42.004005432128906,67.24734497070312,95.77330017089844,8.895231246948242
103.0,-22.5,45.44505310058594,42.42728042602539,67.12577056884766,96.56426239013672,8.895231246948242
104.0,-22.5,46.24263381958008,42.72647476196289,66.92623901367188,97.61634063720703,8.895231246948242
105.0,-22.5,47.10016632080078,43.028873443603516,66.71170806884766,98.72079467773438,8.895231246948242
106.0,-22.5,48.548126220703125,43.106388092041016,66.34947204589844,100.3370590209961,8.895231246948242
