angle,vert_angle,dist,x,y,z,height
218.0,22.5,48.12902069091797,38.85248565673828,18.705610275268555,135.05677795410156,-1.9240998029708862
219.0,22.5,37.01860427856445,29.62683868408203,13.688425064086914,138.74305725097656,-1.9240998029708862
220.0,22.5,32.692386627197266,25.932653427124023,11.734821319580078,139.9864501953125,-1.9240998029708862
221.0,22.5,29.346771240234375,23.063684463500977,10.224021911621094,140.9416046142578,-1.9240998029708862
222.0,22.5,27.121076583862305,21.10982322692871,9.218952178955078,141.50637817382812,-1.9240998029708862
220.0,16.875,40.479434967041016,33.24410629272461,14.37329387664795,138.16346740722656,-1.9240998029708862
221.0,16.875,33.91188430786133,27.619930267333984,11.54999828338623,140.13099670410156,-1.9240998029708862
222.0,16.875,29.65666961669922,23.945783615112305,9.720736503601074,141.36026000976562,-1.9240998029708862
221.0,11.25,41.24394989013672,34.70722961425781,13.636659622192383,138.5638885498047,-1.9240998029708862
222.0,11.25,33.49816131591797,27.97007179260254,10.506916046142578,140.83651733398438,-1.9240998029708862
223.0,11.25,28.761632919311523,23.820497512817383,8.593092918395996,142.1776123046875,-1.9240998029708862
221.0,5.625,48.262535095214844,41.82979965209961,15.038186073303223,137.45294189453125,-1.9240998029708862
222.0,5.625,37.85344696044922,32.57945251464844,11.141687393188477,140.2947540283203,-1.9240998029708862
221.0,0.0,48.11602020263672,42.81206512451172,13.379857063293457,138.7771453857422,-1.9240998029708862
222.0,0.0,40.73617172241211,36.02093505859375,10.863245964050293,140.36993408203125,-1.9240998029708862
220.0,-5.625,48.48909378051758,44.3809700012207,11.731918334960938,140.59823608398438,-1.9240998029708862
221.0,-5.625,45.10226821899414,41.066688537597656,10.700966835021973,140.76463317871094,-1.9240998029708862
218.0,-11.25,48.76746368408203,45.893428802490234,9.888338088989258,143.16685485839844,-1.9240998029708862
219.0,-11.25,46.931026458740234,43.987449645996094,9.401936531066895,142.7777099609375,-1.9240998029708862
