angle,vert_angle,dist,x,y,z,height
8.0,0.0,10.780604362487793,44.294986724853516,53.20433807373047,83.32500457763672,63.31050109863281
228.0,0.0,46.39605712890625,57.09859848022461,28.09707260131836,120.2419204711914,63.31050109863281
229.0,0.0,48.710487365722656,58.365234375,26.465503692626953,121.44046783447266,63.31050109863281
230.0,0.0,49.552879333496094,59.182098388671875,25.871658325195312,121.68453979492188,63.31050109863281
231.0,0.0,49.969120025634766,59.86405944824219,25.578227996826172,121.6458511352539,63.31050109863281
244.0,-5.625,43.79286575317383,60.571781158447266,27.25112533569336,112.3213882446289,63.31050109863281
245.0,-5.625,46.177120208740234,61.950130462646484,25.42436981201172,113.15933990478516,63.31050109863281
246.0,-5.625,47.76930236816406,63.022499084472656,24.20447540283203,113.57698059082031,63.31050109863281
247.0,-5.625,48.739601135253906,63.84272766113281,23.461055755615234,113.67139434814453,63.31050109863281
248.0,-5.625,49.738529205322266,64.68515014648438,22.695697784423828,113.7572250366211,63.31050109863281
260.0,-11.25,43.5120849609375,62.32707214355469,25.123428344726562,105.81249237060547,63.31050109863281
261.0,-11.25,46.67567443847656,64.04791259765625,22.529220581054688,106.53341674804688,63.31050109863281
262.0,-11.25,48.594852447509766,65.2175521850586,20.955459594726562,106.7879867553711,63.31050109863281
263.0,-11.25,49.78091812133789,66.05532836914062,19.982864379882812,106.77047729492188,63.31050109863281
282.0,-16.875,48.177818298339844,65.1968994140625,19.0838623046875,98.81525421142578,63.31050109863281
340.0,-16.875,49.14744567871094,61.73823165893555,18.24420166015625,75.46920013427734,63.31050109863281
341.0,-16.875,46.019248962402344,60.260616302490234,20.953109741210938,76.12979125976562,63.31050109863281
342.0,-16.875,42.791439056396484,58.77438735961914,23.748279571533203,76.86933898925781,63.31050109863281
