angle,vert_angle,dist,x,y,z,height
84.0,-22.5,46.67808151245117,36.69349670410156,68.18281555175781,95.08245849609375,8.375038146972656
85.0,-22.5,45.4553337097168,38.112876892089844,68.44172668457031,94.90705871582031,8.375038146972656
86.0,-22.5,44.78260803222656,39.11492156982422,68.58416748046875,95.05007934570312,8.375038146972656
87.0,-22.5,44.673240661621094,39.70805740356445,68.6073226928711,95.54168701171875,8.375038146972656
88.0,-22.5,44.67008972167969,40.233577728271484,68.60799407958984,96.09347534179688,8.375038146972656
89.0,-22.5,44.73151397705078,40.72386932373047,68.59498596191406,96.68048858642578,8.375038146972656
90.0,-22.5,44.982295989990234,41.096229553222656,68.54188537597656,97.39242553710938,8.375038146972656
91.0,-22.5,45.44353485107422,41.34343719482422,68.44422149658203,98.25081634521484,8.375038146972656
92.0,-22.5,46.13743591308594,41.4588508605957,68.29729461669922,99.27873229980469,8.375038146972656
93.0,-22.5,46.89936065673828,41.55731201171875,68.1359634399414,100.3624267578125,8.375038146972656
94.0,-22.5,48.14854049682617,41.37761306762695,67.8714599609375,101.81680297851562,8.375038146972656
