angle,vert_angle,dist,x,y,z,height
101.0,-16.875,49.019596099853516,37.101341247558594,69.68509674072266,97.84785461425781,8.920405387878418
102.0,-16.875,48.52238845825195,38.070255279541016,69.77513885498047,97.88066101074219,8.920405387878418
103.0,-16.875,48.62123107910156,38.73278045654297,69.75723266601562,98.39603424072266,8.920405387878418
104.0,-16.875,48.903717041015625,39.31608963012695,69.70608520507812,99.05744171142578,8.920405387878418
105.0,-16.875,49.67914581298828,39.68205642700195,69.56565856933594,100.13605499267578,8.920405387878418
96.0,-22.5,47.61773681640625,35.505130767822266,66.80754089355469,94.22676086425781,8.920405387878418
97.0,-22.5,46.089603424072266,37.02080154418945,67.18476104736328,93.50328826904297,8.920405387878418
98.0,-22.5,45.28704833984375,38.10094451904297,67.38287353515625,93.31568145751953,8.920405387878418
99.0,-22.5,44.93617248535156,38.922752380371094,67.469482421875,93.46519470214844,8.920405387878418
100.0,-22.5,44.74427795410156,39.6585693359375,67.51685333251953,93.7265396118164,8.920405387878418
101.0,-22.5,44.67329025268555,40.33428955078125,67.53437805175781,94.07280731201172,8.920405387878418
102.0,-22.5,44.70714569091797,40.962867736816406,67.5260238647461,94.49385070800781,8.920405387878418
103.0,-22.5,45.058311462402344,41.44622802734375,67.43933868408203,95.1708984375,8.920405387878418
104.0,-22.5,45.42170715332031,41.9407844543457,67.3496322631836,95.85269165039062,8.920405387878418
105.0,-22.5,45.991146087646484,42.359378814697266,67.20906829833984,96.70524597167969,8.920405387878418
106.0,-22.5,46.84315872192383,42.67774200439453,66.99874877929688,97.79914093017578,8.920405387878418
107.0,-22.5,47.73741912841797,43.01021957397461,66.77799224853516,98.9305419921875,8.920405387878418
108.0,-22.5,49.404518127441406,43.06156921386719,66.36647033691406,100.74212646484375,8.920405387878418
