angle,vert_angle,dist,x,y,z,height
54.0,22.5,23.51462745666504,255.3384246826172,44.69984817504883,99.17606353759766,18.040945053100586
55.0,22.5,22.87456703186035,254.69662475585938,44.45567321777344,98.8965072631836,18.040945053100586
56.0,22.5,22.543346405029297,254.33270263671875,44.32931900024414,98.58744812011719,18.040945053100586
57.0,22.5,22.18292808532715,253.93797302246094,44.19182205200195,98.29530334472656,18.040945053100586
58.0,22.5,22.15947151184082,253.84375,44.18286895751953,97.94956970214844,18.040945053100586
59.0,22.5,22.10708236694336,253.71755981445312,44.16288375854492,97.6120376586914,18.040945053100586
60.0,22.5,22.058080673217773,253.58872985839844,44.144195556640625,97.27680969238281,18.040945053100586
61.0,22.5,21.96721649169922,253.4169464111328,44.109527587890625,96.954833984375,18.040945053100586
62.0,22.5,21.84647560119629,253.2134552001953,44.06346893310547,96.64506530761719,18.040945053100586
63.0,22.5,21.816165924072266,253.08497619628906,44.051902770996094,96.3159408569336,18.040945053100586
64.0,22.5,21.929527282714844,253.0770263671875,44.095149993896484,95.94792175292969,18.040945053100586
65.0,22.5,22.438365936279297,253.40713500976562,44.289268493652344,95.45767211914062,18.040945053100586
66.0,22.5,22.503313064575195,253.34097290039062,44.31404495239258,95.09622192382812,18.040945053100586
67.0,22.5,23.36394500732422,253.95352172851562,44.64236068725586,94.4681167602539,18.040945053100586
68.0,22.5,24.828493118286133,255.06643676757812,45.201072692871094,93.60488891601562,18.040945053100586
69.0,22.5,24.729938507080078,254.8276824951172,45.16347885131836,93.27156829833984,18.040945053100586
