angle,vert_angle,dist,x,y,z,height
275.0,22.5,49.98335266113281,255.95053100585938,19.714149475097656,57.62014389038086,7.997109413146973
276.0,22.5,49.76279830932617,256.8331298828125,19.750946044921875,57.69010925292969,7.997109413146973
277.0,22.5,49.633628845214844,257.68646240234375,19.772491455078125,57.82954406738281,7.997109413146973
278.0,22.5,49.58068084716797,258.51898193359375,19.781322479248047,58.025596618652344,7.997109413146973
279.0,22.5,49.55286407470703,259.34735107421875,19.785966873168945,58.23073196411133,7.997109413146973
280.0,22.5,49.58998489379883,260.1629638671875,19.779769897460938,58.48331832885742,7.997109413146973
281.0,22.5,49.65114212036133,260.9780578613281,19.769569396972656,58.74485397338867,7.997109413146973
282.0,22.5,49.8325309753418,261.7734375,19.73931121826172,59.10819625854492,7.997109413146973
283.0,22.5,49.9363899230957,262.59307861328125,19.721988677978516,59.383277893066406,7.997109413146973
