angle,vert_angle,dist,x,y,z,height
153.0,-22.5,49.92474365234375,239.44639587402344,17.033754348754883,65.55035400390625,7.971370697021484
154.0,-22.5,49.59182357788086,240.0102081298828,17.107215881347656,64.8397216796875,7.971370697021484
155.0,-22.5,49.232749938964844,240.54315185546875,17.186447143554688,64.10071563720703,7.971370697021484
156.0,-22.5,48.92812728881836,241.0869903564453,17.25366973876953,63.40030288696289,7.971370697021484
157.0,-22.5,48.70256805419922,241.65740966796875,17.30344009399414,62.757240295410156,7.971370697021484
158.0,-22.5,48.503108978271484,242.22801208496094,17.347450256347656,62.127323150634766,7.971370697021484
159.0,-22.5,48.251441955566406,242.7547607421875,17.40298080444336,61.44838333129883,7.971370697021484
160.0,-22.5,48.10939025878906,243.33062744140625,17.434329986572266,60.848182678222656,7.971370697021484
161.0,-22.5,47.97581481933594,243.8991241455078,17.463802337646484,60.24599075317383,7.971370697021484
162.0,-22.5,47.89078903198242,244.485107421875,17.482566833496094,59.672149658203125,7.971370697021484
163.0,-22.5,47.832191467285156,245.0764617919922,17.495492935180664,59.10881423950195,7.971370697021484
164.0,-22.5,47.78227233886719,245.6627197265625,17.506507873535156,58.54225540161133,7.971370697021484
165.0,-22.5,47.780086517333984,246.26956176757812,17.50699234008789,58.000675201416016,7.971370697021484
166.0,-22.5,47.82465362548828,246.8979949951172,17.49715805053711,57.48189926147461,7.971370697021484
167.0,-22.5,47.86573028564453,247.5154571533203,17.488094329833984,56.949275970458984,7.971370697021484
168.0,-22.5,47.99351501464844,248.18394470214844,17.45989990234375,56.46514892578125,7.971370697021484
169.0,-22.5,48.16614532470703,248.87689208984375,17.421804428100586,55.99822998046875,7.971370697021484
170.0,-22.5,48.35523986816406,249.57537841796875,17.380081176757812,55.528076171875,7.971370697021484
171.0,-22.5,48.52734375,250.25540161132812,17.342105865478516,55.03234100341797,7.971370697021484
172.0,-22.5,48.813751220703125,251.01284790039062,17.27890396118164,54.59564208984375,7.971370697021484
173.0,-22.5,49.16957092285156,251.8176727294922,17.200389862060547,54.18548583984375,7.971370697021484
174.0,-22.5,49.58747863769531,252.6661834716797,17.10817527770996,53.79470443725586,7.971370697021484
