angle,vert_angle,dist,x,y,z,height
120.0,22.5,49.480594635009766,169.11216735839844,47.13550567626953,137.98611450195312,28.971519470214844
121.0,22.5,48.93373107910156,168.3614501953125,47.14461135864258,138.6736602783203,28.971519470214844
122.0,22.5,48.443115234375,167.62098693847656,47.15277862548828,139.31727600097656,28.971519470214844
123.0,22.5,48.28335952758789,166.8286590576172,47.15544128417969,139.64895629882812,28.971519470214844
124.0,22.5,48.1709098815918,166.03392028808594,47.157310485839844,139.9477996826172,28.971519470214844
125.0,22.5,48.227325439453125,165.20413208007812,47.1563720703125,140.09652709960938,28.971519470214844
126.0,22.5,48.10648727416992,164.4235076904297,47.158382415771484,140.4307403564453,28.971519470214844
127.0,22.5,48.270057678222656,163.57008361816406,47.155662536621094,140.5052947998047,28.971519470214844
128.0,22.5,48.37993240356445,162.7314910888672,47.153831481933594,140.6467742919922,28.971519470214844
129.0,22.5,48.57801055908203,161.86572265625,47.150535583496094,140.71981811523438,28.971519470214844
130.0,22.5,48.9326171875,160.94583129882812,47.144630432128906,140.66156005859375,28.971519470214844
131.0,22.5,49.659088134765625,159.88905334472656,47.13253402709961,140.27320861816406,28.971519470214844
