angle,vert_angle,dist,x,y,z,height
235.0,-16.875,49.861427307128906,256.9372863769531,22.22454833984375,61.17190170288086,7.986199378967285
236.0,-16.875,49.81334686279297,257.79266357421875,22.230165481567383,61.30179214477539,7.986199378967285
237.0,-16.875,49.801490783691406,258.64288330078125,22.231552124023438,61.45197296142578,7.986199378967285
238.0,-16.875,49.848236083984375,259.48602294921875,22.226089477539062,61.644691467285156,7.986199378967285
239.0,-16.875,49.98600387573242,260.3201599121094,22.209989547729492,61.91225814819336,7.986199378967285
229.0,-22.5,49.95641326904297,251.40655517578125,20.364768981933594,59.457950592041016,7.986199378967285
230.0,-22.5,49.43770980834961,252.38197326660156,20.444578170776367,59.24404525756836,7.986199378967285
231.0,-22.5,49.00340270996094,253.32057189941406,20.511402130126953,59.09019470214844,7.986199378967285
232.0,-22.5,48.648109436035156,254.2276153564453,20.566070556640625,58.99290466308594,7.986199378967285
233.0,-22.5,48.37548065185547,255.10577392578125,20.60801887512207,58.95705032348633,7.986199378967285
234.0,-22.5,48.142242431640625,255.96920776367188,20.643903732299805,58.942466735839844,7.986199378967285
235.0,-22.5,48.019859313964844,256.8037109375,20.662734985351562,59.01860427856445,7.986199378967285
236.0,-22.5,47.9463005065918,257.6272888183594,20.674053192138672,59.126888275146484,7.986199378967285
237.0,-22.5,47.92111587524414,258.4422302246094,20.677928924560547,59.2674446105957,7.986199378967285
238.0,-22.5,47.993682861328125,259.2423095703125,20.666763305664062,59.488800048828125,7.986199378967285
239.0,-22.5,48.09550476074219,260.0428466796875,20.65109634399414,59.72491455078125,7.986199378967285
240.0,-22.5,48.24106979370117,260.8431091308594,20.628698348999023,59.99008560180664,7.986199378967285
241.0,-22.5,48.44898986816406,261.642822265625,20.596710205078125,60.3027229309082,7.986199378967285
242.0,-22.5,48.69307327270508,262.44769287109375,20.55915069580078,60.637306213378906,7.986199378967285
243.0,-22.5,49.04372787475586,263.2532653808594,20.505197525024414,61.06309127807617,7.986199378967285
244.0,-22.5,49.41303253173828,264.0709228515625,20.448375701904297,61.49361038208008,7.986199378967285
245.0,-22.5,49.84695053100586,264.8989562988281,20.381610870361328,61.973941802978516,7.986199378967285
