angle,vert_angle,dist,x,y,z,height
336.0,22.5,45.33799743652344,155.40036010742188,48.38821029663086,127.79887390136719,18.704021453857422
337.0,22.5,43.85013961791992,155.90628051757812,48.02735137939453,126.25048828125,18.704021453857422
338.0,22.5,43.32596969604492,156.5390625,47.90022659301758,125.61578369140625,18.704021453857422
339.0,22.5,42.58140182495117,157.10743713378906,47.719642639160156,124.76277160644531,18.704021453857422
340.0,22.5,42.15260314941406,157.71755981445312,47.61564254760742,124.201171875,18.704021453857422
341.0,22.5,42.0136833190918,158.3788604736328,47.58195114135742,123.90354919433594,18.704021453857422
342.0,22.5,41.82756423950195,159.02072143554688,47.53681182861328,123.55079650878906,18.704021453857422
343.0,22.5,41.86553955078125,159.71328735351562,47.5460205078125,123.39669799804688,18.704021453857422
344.0,22.5,41.967872619628906,160.42193603515625,47.570838928222656,123.2900619506836,18.704021453857422
345.0,22.5,42.21339797973633,161.1732635498047,47.63038635253906,123.30265045166016,18.704021453857422
346.0,22.5,42.641597747802734,161.9864044189453,47.73423767089844,123.46833801269531,18.704021453857422
347.0,22.5,43.03043746948242,162.79605102539062,47.82854461669922,123.58152770996094,18.704021453857422
348.0,22.5,43.81304168701172,163.750732421875,48.01835632324219,124.03484344482422,18.704021453857422
349.0,22.5,44.948204040527344,164.85377502441406,48.293670654296875,124.78363800048828,18.704021453857422
