angle,vert_angle,dist,x,y,z,height
0.0,-22.5,43.56212615966797,170.58445739746094,46.95769500732422,135.9895477294922,18.524938583374023
1.0,-22.5,43.33705139160156,170.39830017089844,46.908843994140625,136.7389373779297,18.524938583374023
2.0,-22.5,43.315799713134766,170.05308532714844,46.904232025146484,137.3917236328125,18.524938583374023
3.0,-22.5,43.463768005371094,169.57362365722656,46.93635177612305,137.9726104736328,18.524938583374023
4.0,-22.5,44.036991119384766,168.73326110839844,47.06076431274414,138.3756866455078,18.524938583374023
5.0,-22.5,44.5620002746582,167.93801879882812,47.174713134765625,138.82272338867188,18.524938583374023
6.0,-22.5,44.91809844970703,167.2963104248047,47.25200271606445,139.3612823486328,18.524938583374023
7.0,-22.5,46.32349395751953,165.72572326660156,47.55704116821289,139.5001678466797,18.524938583374023
8.0,-22.5,48.907745361328125,163.0888214111328,48.11793899536133,139.2391357421875,18.524938583374023
354.0,-22.5,48.61935806274414,169.1286163330078,48.05534744262695,129.3289794921875,18.524938583374023
355.0,-22.5,46.51093292236328,170.30162048339844,47.597721099853516,131.20420837402344,18.524938583374023
356.0,-22.5,45.291378021240234,170.8170928955078,47.33302307128906,132.531982421875,18.524938583374023
357.0,-22.5,44.608795166015625,170.93276977539062,47.184871673583984,133.54046630859375,18.524938583374023
358.0,-22.5,44.03218460083008,170.9856719970703,47.05971908569336,134.4807586669922,18.524938583374023
359.0,-22.5,43.731868743896484,170.83148193359375,46.994537353515625,135.2688446044922,18.524938583374023
