angle,vert_angle,dist,x,y,z,height
274.0,22.5,49.825927734375,256.66064453125,19.860431671142578,57.881568908691406,7.997106552124023
275.0,22.5,49.6088981628418,257.53912353515625,19.89611053466797,57.9635009765625,7.997106552124023
276.0,22.5,49.53872299194336,258.3708801269531,19.90764808654785,58.166778564453125,7.997106552124023
277.0,22.5,49.50310134887695,259.19500732421875,19.913503646850586,58.387760162353516,7.997106552124023
278.0,22.5,49.500614166259766,260.01336669921875,19.91391372680664,58.62559509277344,7.997106552124023
279.0,22.5,49.542842864990234,260.82440185546875,19.906970977783203,58.89173889160156,7.997106552124023
280.0,22.5,49.706260681152344,261.6119689941406,19.880102157592773,59.25990676879883,7.997106552124023
281.0,22.5,49.806427001953125,262.4224853515625,19.863636016845703,59.554107666015625,7.997106552124023
