angle,vert_angle,dist,x,y,z,height
67.0,22.5,49.854671478271484,163.30409240722656,34.99192428588867,111.65818786621094,10.386852264404297
68.0,22.5,49.659767150878906,164.18849182128906,34.97142791748047,111.62313079833984,10.386852264404297
69.0,22.5,49.637611389160156,165.0422821044922,34.96909713745117,111.74182891845703,10.386852264404297
70.0,22.5,49.63357925415039,165.89515686035156,34.96867752075195,111.86339569091797,10.386852264404297
71.0,22.5,49.736106872558594,166.73727416992188,34.979454040527344,112.07526397705078,10.386852264404297
72.0,22.5,49.80189514160156,167.5884552001953,34.98637390136719,112.23625183105469,10.386852264404297
