angle,vert_angle,dist,x,y,z,height
110.0,-22.5,49.97562789916992,35.226375579833984,22.437070846557617,63.15122604370117,7.970780372619629
111.0,-22.5,49.845054626464844,36.078392028808594,22.451740264892578,62.95098876953125,7.970780372619629
112.0,-22.5,49.76321792602539,36.92977523803711,22.460935592651367,62.78428268432617,7.970780372619629
113.0,-22.5,49.77597427368164,37.78850173950195,22.459503173828125,62.696163177490234,7.970780372619629
114.0,-22.5,49.84566879272461,38.653831481933594,22.451671600341797,62.6490364074707,7.970780372619629
115.0,-22.5,49.949798583984375,39.52488708496094,22.439971923828125,62.62040710449219,7.970780372619629
