angle,vert_angle,dist,x,y,z,height
252.0,-22.5,49.862220764160156,30.094154357910156,17.810710906982422,61.43588638305664,7.993073463439941
253.0,-22.5,49.691864013671875,30.885967254638672,17.845703125,61.08414077758789,7.993073463439941
254.0,-22.5,49.63616180419922,31.69654083251953,17.85714340209961,60.828025817871094,7.993073463439941
255.0,-22.5,49.51074981689453,32.48351287841797,17.882904052734375,60.49226379394531,7.993073463439941
256.0,-22.5,49.46381378173828,33.28407669067383,17.89254379272461,60.217098236083984,7.993073463439941
257.0,-22.5,49.496131896972656,34.102088928222656,17.885906219482422,60.00227355957031,7.993073463439941
258.0,-22.5,49.5251579284668,34.91574478149414,17.87994384765625,59.76996994018555,7.993073463439941
259.0,-22.5,49.6440315246582,35.75485610961914,17.855525970458984,59.606300354003906,7.993073463439941
260.0,-22.5,49.77574920654297,36.59724044799805,17.828472137451172,59.439109802246094,7.993073463439941
261.0,-22.5,49.93638229370117,37.448997497558594,17.795480728149414,59.282798767089844,7.993073463439941
