angle,vert_angle,dist,x,y,z,height
0.0,-22.5,42.87229537963867,169.6103515625,47.65420150756836,135.9033660888672,19.231433868408203
1.0,-22.5,42.59073257446289,169.48248291015625,47.591835021972656,136.67015075683594,19.231433868408203
2.0,-22.5,43.09453582763672,168.69825744628906,47.703426361083984,137.0676727294922,19.231433868408203
3.0,-22.5,43.35405731201172,168.1280517578125,47.76091003417969,137.596923828125,19.231433868408203
4.0,-22.5,43.54441452026367,167.6254425048828,47.803077697753906,138.17022705078125,19.231433868408203
5.0,-22.5,44.41469192504883,166.53379821777344,47.99584197998047,138.46810913085938,19.231433868408203
6.0,-22.5,45.68711853027344,165.0847930908203,48.277679443359375,138.63485717773438,19.231433868408203
7.0,-22.5,48.10707473754883,162.60501098632812,48.81370162963867,138.39773559570312,19.231433868408203
354.0,-22.5,47.619747161865234,168.32093811035156,48.70576095581055,129.49708557128906,19.231433868408203
355.0,-22.5,45.39165115356445,169.60841369628906,48.21223831176758,131.41786193847656,19.231433868408203
356.0,-22.5,44.44293975830078,169.92469787597656,48.00209426879883,132.57554626464844,19.231433868408203
357.0,-22.5,43.80062484741211,170.02149963378906,47.859825134277344,133.548583984375,19.231433868408203
358.0,-22.5,43.401084899902344,169.94189453125,47.771324157714844,134.3829345703125,19.231433868408203
359.0,-22.5,43.119300842285156,169.78274536132812,47.70891571044922,135.1525115966797,19.231433868408203
