angle,vert_angle,dist,x,y,z,height
46.0,22.5,49.87831497192383,25.653688430786133,12.345796585083008,57.86137390136719,7.993998050689697
47.0,22.5,49.66090393066406,26.43029022216797,12.41425895690918,57.516151428222656,7.993998050689697
48.0,22.5,49.47113800048828,27.202402114868164,12.47401237487793,57.18383026123047,7.993998050689697
49.0,22.5,49.302024841308594,27.969736099243164,12.527264595031738,56.857879638671875,7.993998050689697
50.0,22.5,49.161319732666016,28.734790802001953,12.571571350097656,56.54543685913086,7.993998050689697
51.0,22.5,49.06684875488281,29.5029354095459,12.60132122039795,56.26274871826172,7.993998050689697
52.0,22.5,48.945735931396484,30.257802963256836,12.639458656311035,55.942726135253906,7.993998050689697
53.0,22.5,48.97051239013672,31.044158935546875,12.631656646728516,55.74295425415039,7.993998050689697
54.0,22.5,48.90922927856445,31.8028621673584,12.650952339172363,55.4514274597168,7.993998050689697
55.0,22.5,48.89054870605469,32.56816864013672,12.656834602355957,55.185386657714844,7.993998050689697
56.0,22.5,48.975914001464844,33.36125183105469,12.629955291748047,54.999263763427734,7.993998050689697
57.0,22.5,48.98534393310547,34.12715530395508,12.626983642578125,54.731300354003906,7.993998050689697
58.0,22.5,49.107269287109375,34.927391052246094,12.588591575622559,54.54936218261719,7.993998050689697
59.0,22.5,49.25670623779297,35.73616409301758,12.541534423828125,54.37686538696289,7.993998050689697
60.0,22.5,49.36421203613281,36.52827072143555,12.507683753967285,54.15279769897461,7.993998050689697
61.0,22.5,49.529571533203125,37.340667724609375,12.455615997314453,53.96421432495117,7.993998050689697
62.0,22.5,49.772613525390625,38.18377685546875,12.379083633422852,53.826927185058594,7.993998050689697
