angle,vert_angle,dist,x,y,z,height
67.0,-22.5,49.892005920410156,163.36221313476562,23.416610717773438,86.15189361572266,7.981382369995117
68.0,-22.5,49.63758087158203,164.21397399902344,23.440244674682617,86.44609069824219,7.981382369995117
69.0,-22.5,49.496429443359375,165.00421142578125,23.453357696533203,86.8165054321289,7.981382369995117
70.0,-22.5,49.37950134277344,165.78564453125,23.464218139648438,87.19197845458984,7.981382369995117
71.0,-22.5,49.55900955200195,166.41590881347656,23.44754409790039,87.80329895019531,7.981382369995117
72.0,-22.5,49.580989837646484,167.13992309570312,23.44550132751465,88.27053833007812,7.981382369995117
73.0,-22.5,49.76782989501953,167.79052734375,23.428146362304688,88.86759185791016,7.981382369995117
