angle,vert_angle,dist,x,y,z,height
225.0,-22.5,49.99461364746094,35.20226287841797,11.556089401245117,53.02043151855469,8.00210952758789
