angle,vert_angle,dist,x,y,z,height
44.0,22.5,49.834983825683594,24.830631256103516,12.13589859008789,58.1223030090332,7.993581771850586
45.0,22.5,49.55294418334961,25.599519729614258,12.225976943969727,57.7276496887207,7.993581771850586
46.0,22.5,49.33869171142578,26.368682861328125,12.294402122497559,57.38359451293945,7.993581771850586
47.0,22.5,49.159912109375,27.135046005249023,12.351499557495117,57.059776306152344,7.993581771850586
48.0,22.5,48.9816780090332,27.892858505249023,12.408425331115723,56.723758697509766,7.993581771850586
49.0,22.5,48.866485595703125,28.655929565429688,12.445212364196777,56.43328857421875,7.993581771850586
50.0,22.5,48.747135162353516,29.410968780517578,12.483331680297852,56.126197814941406,7.993581771850586
51.0,22.5,48.65168380737305,30.16473960876465,12.513815879821777,55.828304290771484,7.993581771850586
52.0,22.5,48.66876983642578,30.942258834838867,12.508359909057617,55.619903564453125,7.993581771850586
53.0,22.5,48.601348876953125,31.69198989868164,12.529891014099121,55.32157516479492,7.993581771850586
54.0,22.5,48.6015739440918,32.45585250854492,12.529820442199707,55.0712890625,7.993581771850586
55.0,22.5,48.65707015991211,33.23284912109375,12.512096405029297,54.85703659057617,7.993581771850586
56.0,22.5,48.69533157348633,34.0010986328125,12.499874114990234,54.613651275634766,7.993581771850586
57.0,22.5,48.7993049621582,34.78853988647461,12.466670989990234,54.414546966552734,7.993581771850586
58.0,22.5,48.93243408203125,35.584632873535156,12.424151420593262,54.22657775878906,7.993581771850586
59.0,22.5,49.05817413330078,36.37653350830078,12.383993148803711,54.01746368408203,7.993581771850586
60.0,22.5,49.210670471191406,37.17714309692383,12.33528995513916,53.81675338745117,7.993581771850586
61.0,22.5,49.44049835205078,38.00814437866211,12.26188850402832,53.667076110839844,7.993581771850586
62.0,22.5,49.71390914916992,38.85833740234375,12.174568176269531,53.53816604614258,7.993581771850586
63.0,22.5,49.974021911621094,39.70433044433594,12.0914945602417,53.38120651245117,7.993581771850586
