angle,vert_angle,dist,x,y,z,height
63.0,22.5,49.4593505859375,161.55746459960938,49.07073211669922,138.19638061523438,13.079378128051758
64.0,22.5,48.524620056152344,160.3919677734375,48.7399787902832,138.4095916748047,13.079378128051758
65.0,22.5,48.12085723876953,159.53233337402344,48.59710693359375,138.24871826171875,13.079378128051758
66.0,22.5,47.27752685546875,158.4414825439453,48.29869842529297,138.44476318359375,13.079378128051758
67.0,22.5,47.04948425292969,157.6847686767578,48.21800231933594,138.1886749267578,13.079378128051758
68.0,22.5,47.31194305419922,157.17449951171875,48.310874938964844,137.5617218017578,13.079378128051758
69.0,22.5,47.260520935058594,156.49557495117188,48.29267883300781,137.19131469726562,13.079378128051758
70.0,22.5,47.837791442871094,156.11105346679688,48.49694061279297,136.32754516601562,13.079378128051758
71.0,22.5,48.71250915527344,155.84112548828125,48.80646514892578,135.22418212890625,13.079378128051758
