angle,vert_angle,dist,x,y,z,height
269.0,22.5,49.82355880737305,257.35302734375,20.265541076660156,58.42234420776367,7.995655059814453
270.0,22.5,49.703861236572266,258.1884765625,20.28424835205078,58.65016174316406,7.995655059814453
271.0,22.5,49.61964416503906,259.0129699707031,20.29741096496582,58.89517593383789,7.995655059814453
272.0,22.5,49.554237365722656,259.8337097167969,20.307634353637695,59.14262008666992,7.995655059814453
273.0,22.5,49.545196533203125,260.6389465332031,20.30904769897461,59.42778396606445,7.995655059814453
274.0,22.5,49.64559555053711,261.4143981933594,20.293354034423828,59.801239013671875,7.995655059814453
275.0,22.5,49.690155029296875,262.21453857421875,20.286392211914062,60.10906219482422,7.995655059814453
276.0,22.5,49.884246826171875,262.978515625,20.256057739257812,60.54465103149414,7.995655059814453
