angle,vert_angle,dist,x,y,z,height
27.0,22.5,49.99978256225586,51.061553955078125,19.196130752563477,63.42984390258789,7.997628688812256
28.0,22.5,49.922271728515625,51.795372009277344,19.20985984802246,63.88129425048828,7.997628688812256
29.0,22.5,49.9114990234375,52.49803161621094,19.211767196655273,64.37277221679688,7.997628688812256
30.0,22.5,49.95817947387695,53.17725372314453,19.20349884033203,64.89859771728516,7.997628688812256
