angle,vert_angle,dist,x,y,z,height
234.0,-22.5,49.72287368774414,29.38422966003418,15.858682632446289,59.9547233581543,7.983823299407959
235.0,-22.5,49.42332458496094,30.212215423583984,15.932138442993164,59.6347770690918,7.983823299407959
236.0,-22.5,49.142356872558594,31.0305118560791,16.001039505004883,59.31867599487305,7.983823299407959
237.0,-22.5,48.96708297729492,31.846515655517578,16.044021606445312,59.090824127197266,7.983823299407959
238.0,-22.5,48.801109313964844,32.656341552734375,16.084720611572266,58.85800552368164,7.983823299407959
239.0,-22.5,48.643943786621094,33.46015548706055,16.123262405395508,58.6198616027832,7.983823299407959
240.0,-22.5,48.567413330078125,34.26731872558594,16.14202880859375,58.4455451965332,7.983823299407959
241.0,-22.5,48.50016784667969,35.07135772705078,16.158523559570312,58.266258239746094,7.983823299407959
242.0,-22.5,48.49924087524414,35.88165283203125,16.158748626708984,58.13655090332031,7.983823299407959
243.0,-22.5,48.45314025878906,36.681556701660156,16.17005157470703,57.94966506958008,7.983823299407959
244.0,-22.5,48.5126838684082,37.497798919677734,16.15544891357422,57.84934616088867,7.983823299407959
245.0,-22.5,48.60416793823242,38.31984329223633,16.13301658630371,57.76481628417969,7.983823299407959
246.0,-22.5,48.73823928833008,39.151466369628906,16.100139617919922,57.70574951171875,7.983823299407959
247.0,-22.5,48.93011474609375,39.99818801879883,16.053089141845703,57.68586730957031,7.983823299407959
248.0,-22.5,49.10688400268555,40.843650817871094,16.00973892211914,57.63626480102539,7.983823299407959
249.0,-22.5,49.3397216796875,41.70648193359375,15.952641487121582,57.62318801879883,7.983823299407959
250.0,-22.5,49.65803527832031,42.597660064697266,15.87458324432373,57.67292785644531,7.983823299407959
251.0,-22.5,49.94916534423828,43.48630142211914,15.803192138671875,57.680450439453125,7.983823299407959
