angle,vert_angle,dist,x,y,z,height
246.0,-16.875,49.97340774536133,32.47350311279297,18.622684478759766,61.13407897949219,7.992395877838135
247.0,-16.875,49.89450454711914,33.27670669555664,18.6375732421875,60.828575134277344,7.992395877838135
248.0,-16.875,49.931549072265625,34.10673904418945,18.630586624145508,60.618289947509766,7.992395877838135
249.0,-16.875,49.96995544433594,34.93401336669922,18.623340606689453,60.39462661743164,7.992395877838135
240.0,-22.5,49.679718017578125,26.481721878051758,15.704018592834473,61.397064208984375,7.992395877838135
241.0,-22.5,49.40037536621094,27.268888473510742,15.77345085144043,61.00339889526367,7.992395877838135
242.0,-22.5,49.11183166503906,28.042823791503906,15.845166206359863,60.58807373046875,7.992395877838135
243.0,-22.5,48.94384765625,28.827224731445312,15.886918067932129,60.27477264404297,7.992395877838135
244.0,-22.5,48.74449920654297,29.596866607666016,15.936467170715332,59.918704986572266,7.992395877838135
245.0,-22.5,48.598236083984375,30.36858367919922,15.972822189331055,59.600074768066406,7.992395877838135
246.0,-22.5,48.46620178222656,31.135597229003906,16.005638122558594,59.28196334838867,7.992395877838135
247.0,-22.5,48.42538070678711,31.917888641357422,16.015785217285156,59.03635787963867,7.992395877838135
248.0,-22.5,48.39839172363281,32.69884490966797,16.022491455078125,58.79019546508789,7.992395877838135
249.0,-22.5,48.3643913269043,33.47296905517578,16.030942916870117,58.52406311035156,7.992395877838135
250.0,-22.5,48.417518615722656,34.26806640625,16.017738342285156,58.32484436035156,7.992395877838135
251.0,-22.5,48.48003005981445,35.06339645385742,16.002201080322266,58.12007141113281,7.992395877838135
252.0,-22.5,48.59749984741211,35.874393463134766,15.973005294799805,57.9510612487793,7.992395877838135
253.0,-22.5,48.715274810791016,36.68427276611328,15.943732261657715,57.76750183105469,7.992395877838135
254.0,-22.5,48.89055633544922,37.51370620727539,15.900166511535645,57.62068176269531,7.992395877838135
255.0,-22.5,49.13522720336914,38.3696174621582,15.83935546875,57.520057678222656,7.992395877838135
256.0,-22.5,49.407161712646484,39.23823547363281,15.771763801574707,57.42695236206055,7.992395877838135
257.0,-22.5,49.75571060180664,40.140830993652344,15.68513298034668,57.383949279785156,7.992395877838135
