angle,vert_angle,dist,x,y,z,height
101.0,22.5,49.988853454589844,244.1051483154297,22.073463439941406,67.7874984741211,7.975586414337158
102.0,22.5,49.65620422363281,244.70745849609375,22.113250732421875,67.08636474609375,7.975586414337158
103.0,22.5,49.428863525390625,245.3445587158203,22.14044189453125,66.4682846069336,7.975586414337158
104.0,22.5,49.202362060546875,245.9677734375,22.167530059814453,65.84190368652344,7.975586414337158
105.0,22.5,49.072608947753906,246.6273956298828,22.183048248291016,65.28832244873047,7.975586414337158
106.0,22.5,48.937843322753906,247.2726593017578,22.199169158935547,64.72032928466797,7.975586414337158
107.0,22.5,48.86591720581055,247.9407501220703,22.2077693939209,64.19424438476562,7.975586414337158
108.0,22.5,48.846153259277344,248.628173828125,22.21013641357422,63.699745178222656,7.975586414337158
109.0,22.5,48.88307189941406,249.33956909179688,22.205718994140625,63.239112854003906,7.975586414337158
110.0,22.5,48.92769241333008,250.0479278564453,22.200382232666016,62.771873474121094,7.975586414337158
111.0,22.5,49.060691833496094,250.8025360107422,22.18447494506836,62.36111068725586,7.975586414337158
112.0,22.5,49.237525939941406,251.57899475097656,22.1633243560791,61.96967697143555,7.975586414337158
113.0,22.5,49.498291015625,252.4043426513672,22.132137298583984,61.626712799072266,7.975586414337158
114.0,22.5,49.823638916015625,253.26898193359375,22.093223571777344,61.31495666503906,7.975586414337158
