angle,vert_angle,dist,x,y,z,height
310.0,22.5,49.88755798339844,162.14231872558594,13.174452781677246,67.92512512207031,7.982689380645752
311.0,22.5,49.777950286865234,162.97877502441406,13.207141876220703,67.94651794433594,7.982689380645752
312.0,22.5,49.69960403442383,163.80996704101562,13.230506896972656,67.98267364501953,7.982689380645752
313.0,22.5,49.64044952392578,164.6383819580078,13.248147964477539,68.02237701416016,7.982689380645752
314.0,22.5,49.621158599853516,165.4629669189453,13.253898620605469,68.08541870117188,7.982689380645752
315.0,22.5,49.618465423583984,166.2870635986328,13.254701614379883,68.14983367919922,7.982689380645752
316.0,22.5,49.624473571777344,167.1116485595703,13.252911567687988,68.20814514160156,7.982689380645752
317.0,22.5,49.71736526489258,167.9341583251953,13.225207328796387,68.33493041992188,7.982689380645752
318.0,22.5,49.8275146484375,168.75994873046875,13.192358016967773,68.46385955810547,7.982689380645752
319.0,22.5,49.96614456176758,169.58961486816406,13.151018142700195,68.60556030273438,7.982689380645752
