angle,vert_angle,dist,x,y,z,height
119.0,-22.5,49.964317321777344,62.35354232788086,9.210521697998047,57.8604736328125,8.047687530517578
120.0,-22.5,49.902320861816406,62.80351638793945,9.233953475952148,58.53263854980469,8.047687530517578
121.0,-22.5,49.85354995727539,63.25416946411133,9.252388000488281,59.20232391357422,8.047687530517578
122.0,-22.5,49.762901306152344,63.74882507324219,9.28665542602539,59.84271240234375,8.047687530517578
123.0,-22.5,49.69823455810547,64.2336654663086,9.311100006103516,60.48630905151367,8.047687530517578
124.0,-22.5,49.707305908203125,64.67263793945312,9.307670593261719,61.15886688232422,8.047687530517578
125.0,-22.5,49.67015075683594,65.15833282470703,9.321712493896484,61.79911422729492,8.047687530517578
126.0,-22.5,49.66697311401367,65.62939453125,9.322916030883789,62.44887924194336,8.047687530517578
127.0,-22.5,49.681427001953125,66.09870147705078,9.317453384399414,63.100162506103516,8.047687530517578
128.0,-22.5,49.670188903808594,66.59812927246094,9.32170295715332,63.7286262512207,8.047687530517578
129.0,-22.5,49.829078674316406,66.986328125,9.261642456054688,64.44774627685547,8.047687530517578
130.0,-22.5,49.87767791748047,67.46662139892578,9.243268966674805,65.09600830078125,8.047687530517578
131.0,-22.5,49.97924041748047,67.92178344726562,9.20488166809082,65.7686996459961,8.047687530517578
