angle,vert_angle,dist,x,y,z,height
306.0,22.5,49.74457550048828,156.8478240966797,12.424514770507812,67.50264739990234,7.981904029846191
307.0,22.5,49.43098449707031,157.72039794921875,12.523030281066895,67.4541244506836,7.981904029846191
308.0,22.5,49.10441589355469,158.5902099609375,12.625630378723145,67.3770751953125,7.981904029846191
309.0,22.5,48.887062072753906,159.42782592773438,12.693910598754883,67.38399505615234,7.981904029846191
310.0,22.5,48.69521713256836,160.25637817382812,12.754179954528809,67.39900207519531,7.981904029846191
311.0,22.5,48.47134780883789,161.08840942382812,12.824512481689453,67.36913299560547,7.981904029846191
312.0,22.5,48.305389404296875,161.90548706054688,12.87664794921875,67.3779296875,7.981904029846191
313.0,22.5,48.16130065917969,162.71617126464844,12.921917915344238,67.39237976074219,7.981904029846191
314.0,22.5,48.05984115600586,163.5181427001953,12.953792572021484,67.43222045898438,7.981904029846191
315.0,22.5,48.00562286376953,164.31260681152344,12.9708251953125,67.50218963623047,7.981904029846191
316.0,22.5,47.90291213989258,165.11306762695312,13.003090858459473,67.51249694824219,7.981904029846191
317.0,22.5,47.89170455932617,165.90249633789062,13.00661563873291,67.59498596191406,7.981904029846191
318.0,22.5,47.89883041381836,166.69142150878906,13.004374504089355,67.68099975585938,7.981904029846191
319.0,22.5,47.93525695800781,167.4798126220703,12.992931365966797,67.7809829711914,7.981904029846191
320.0,22.5,48.061466217041016,168.265625,12.953278541564941,67.95233154296875,7.981904029846191
321.0,22.5,48.10824966430664,169.059326171875,12.938586235046387,68.0346908569336,7.981904029846191
322.0,22.5,48.216270446777344,169.85391235351562,12.904647827148438,68.16133117675781,7.981904029846191
323.0,22.5,48.365447998046875,170.65219116210938,12.85778522491455,68.31318664550781,7.981904029846191
324.0,22.5,48.544498443603516,171.45582580566406,12.801530838012695,68.47943115234375,7.981904029846191
325.0,22.5,48.76388931274414,172.26638793945312,12.732608795166016,68.66983795166016,7.981904029846191
326.0,22.5,49.02140808105469,173.08554077148438,12.651705741882324,68.882080078125,7.981904029846191
327.0,22.5,49.261680603027344,173.91148376464844,12.57622241973877,69.06341552734375,7.981904029846191
328.0,22.5,49.56401824951172,174.7493133544922,12.48123836517334,69.28872680664062,7.981904029846191
329.0,22.5,49.91877746582031,175.60092163085938,12.369786262512207,69.54844665527344,7.981904029846191
