angle,vert_angle,dist,x,y,z,height
294.0,22.5,49.809478759765625,158.45541381835938,36.94602584838867,114.63749694824219,11.019554138183594
295.0,22.5,49.57420349121094,159.2871856689453,36.91402816772461,114.32012939453125,11.019554138183594
296.0,22.5,49.42206573486328,160.11959838867188,36.89333724975586,114.07048797607422,11.019554138183594
297.0,22.5,49.370208740234375,160.95909118652344,36.886287689208984,113.90504455566406,11.019554138183594
298.0,22.5,49.267669677734375,161.78668212890625,36.87234115600586,113.675537109375,11.019554138183594
299.0,22.5,49.448360443115234,162.65806579589844,36.89691162109375,113.70808410644531,11.019554138183594
300.0,22.5,49.4664192199707,163.5016632080078,36.89936828613281,113.5667953491211,11.019554138183594
301.0,22.5,49.7403450012207,164.3965606689453,36.936622619628906,113.65849304199219,11.019554138183594
