angle,vert_angle,dist,x,y,z,height
89.0,22.5,45.66136169433594,164.17494201660156,50.79495620727539,134.09156799316406,19.791217803955078
90.0,22.5,43.015960693359375,162.7147216796875,50.06925582885742,136.30348205566406,19.791217803955078
91.0,22.5,42.17557907104492,161.8035125732422,49.83871841430664,136.88125610351562,19.791217803955078
92.0,22.5,42.00696563720703,161.07923889160156,49.7924690246582,136.85345458984375,19.791217803955078
93.0,22.5,42.302425384521484,160.46246337890625,49.87351608276367,136.4052734375,19.791217803955078
94.0,22.5,42.21164321899414,159.75193786621094,49.84861373901367,136.32923889160156,19.791217803955078
95.0,22.5,42.49962615966797,159.11509704589844,49.9276123046875,135.9091796875,19.791217803955078
96.0,22.5,43.072998046875,158.51686096191406,50.084903717041016,135.22962951660156,19.791217803955078
97.0,22.5,44.31995391845703,158.00567626953125,50.42697525024414,133.92030334472656,19.791217803955078
