angle,vert_angle,dist,x,y,z,height
106.0,22.5,49.808807373046875,246.9134521484375,23.36977195739746,66.70872497558594,7.975844383239746
107.0,22.5,49.660980224609375,247.59161376953125,23.383668899536133,66.15324401855469,7.975844383239746
108.0,22.5,49.529136657714844,248.26602172851562,23.39606475830078,65.60093688964844,7.975844383239746
109.0,22.5,49.47097396850586,248.96775817871094,23.401531219482422,65.10025787353516,7.975844383239746
110.0,22.5,49.439727783203125,249.67446899414062,23.40446662902832,64.61038208007812,7.975844383239746
111.0,22.5,49.52490234375,250.43711853027344,23.396461486816406,64.2044677734375,7.975844383239746
112.0,22.5,49.660831451416016,251.222900390625,23.383682250976562,63.825775146484375,7.975844383239746
113.0,22.5,49.80425262451172,252.00828552246094,23.37019920349121,63.43805694580078,7.975844383239746
