angle,vert_angle,dist,x,y,z,height
151.0,-22.5,49.565818786621094,151.75363159179688,22.665966033935547,93.88937377929688,7.972970008850098
152.0,-22.5,49.03855895996094,151.96359252929688,22.723247528076172,92.9084243774414,7.972970008850098
153.0,-22.5,48.77141189575195,152.34214782714844,22.752269744873047,92.10396575927734,7.972970008850098
154.0,-22.5,48.4527587890625,152.66493225097656,22.78688621520996,91.26284790039062,7.972970008850098
155.0,-22.5,48.18982696533203,153.01177978515625,22.81545066833496,90.45608520507812,7.972970008850098
156.0,-22.5,48.04267120361328,153.43093872070312,22.831438064575195,89.71945190429688,7.972970008850098
157.0,-22.5,47.96662902832031,153.89120483398438,22.839698791503906,89.02123260498047,7.972970008850098
158.0,-22.5,47.968116760253906,154.39991760253906,22.839536666870117,88.36258697509766,7.972970008850098
159.0,-22.5,48.03034210205078,154.94586181640625,22.832775115966797,87.73069763183594,7.972970008850098
160.0,-22.5,48.223575592041016,155.58790588378906,22.811786651611328,87.1633529663086,7.972970008850098
161.0,-22.5,48.39772415161133,156.20614624023438,22.792865753173828,86.57147979736328,7.972970008850098
162.0,-22.5,48.74913787841797,156.96327209472656,22.754690170288086,86.06259155273438,7.972970008850098
163.0,-22.5,49.12345886230469,157.73399353027344,22.71402359008789,85.5475082397461,7.972970008850098
164.0,-22.5,49.53602600097656,158.5315704345703,22.669204711914062,85.03314208984375,7.972970008850098
