angle,vert_angle,dist,x,y,z,height
125.0,22.5,49.67021560668945,154.0926055908203,23.697463989257812,93.40703582763672,7.99820613861084
126.0,22.5,49.355499267578125,154.44190979003906,23.72504234313965,92.56011962890625,7.99820613861084
127.0,22.5,49.022335052490234,154.75888061523438,23.754240036010742,91.69928741455078,7.99820613861084
128.0,22.5,48.89600372314453,155.2150421142578,23.76531219482422,90.96968841552734,7.99820613861084
129.0,22.5,48.7900276184082,155.67276000976562,23.77459716796875,90.24669647216797,7.99820613861084
130.0,22.5,48.87233352661133,156.26461791992188,23.767385482788086,89.63253021240234,7.99820613861084
131.0,22.5,48.84599304199219,156.760009765625,23.76969337463379,88.94197082519531,7.99820613861084
132.0,22.5,49.159873962402344,157.51744079589844,23.7421875,88.44209289550781,7.99820613861084
133.0,22.5,49.379676818847656,158.19236755371094,23.722925186157227,87.8709716796875,7.99820613861084
134.0,22.5,49.73190689086914,158.96884155273438,23.692058563232422,87.35863494873047,7.99820613861084
