angle,vert_angle,dist,x,y,z,height
98.0,-16.875,49.96455383300781,36.98109817504883,25.51504898071289,64.82817077636719,7.974452495574951
99.0,-16.875,49.8173828125,37.853424072265625,25.522523880004883,64.69818115234375,7.974452495574951
100.0,-16.875,49.76504135131836,38.72142791748047,25.525182723999023,64.6476821899414,7.974452495574951
101.0,-16.875,49.739776611328125,39.5881462097168,25.526464462280273,64.60909271240234,7.974452495574951
102.0,-16.875,49.76892852783203,40.455875396728516,25.52498435974121,64.60969543457031,7.974452495574951
103.0,-16.875,49.853271484375,41.32725143432617,25.520700454711914,64.65015411376953,7.974452495574951
104.0,-16.875,49.99150466918945,42.20477294921875,25.513681411743164,64.72895812988281,7.974452495574951
96.0,-22.5,49.850276947021484,35.53499984741211,24.717792510986328,64.6046142578125,7.974452495574951
97.0,-22.5,49.60920333862305,36.41166687011719,24.733917236328125,64.40652465820312,7.974452495574951
98.0,-22.5,49.46104431152344,37.27845764160156,24.743831634521484,64.28571319580078,7.974452495574951
99.0,-22.5,49.362117767333984,38.140193939208984,24.75044822692871,64.19888305664062,7.974452495574951
100.0,-22.5,49.3050422668457,38.99907302856445,24.75426483154297,64.13878631591797,7.974452495574951
101.0,-22.5,49.27862548828125,39.856693267822266,24.756032943725586,64.09430694580078,7.974452495574951
102.0,-22.5,49.33958053588867,40.71706008911133,24.751956939697266,64.12196350097656,7.974452495574951
103.0,-22.5,49.435672760009766,41.58112335205078,24.745527267456055,64.16952514648438,7.974452495574951
104.0,-22.5,49.59368896484375,42.45261001586914,24.734956741333008,64.26345825195312,7.974452495574951
105.0,-22.5,49.82459259033203,43.33559799194336,24.719511032104492,64.41427612304688,7.974452495574951
