angle,vert_angle,dist,x,y,z,height
144.0,22.5,49.98016357421875,65.57231903076172,21.49369239807129,232.9666290283203,7.9955220222473145
145.0,22.5,49.798587799072266,65.65131378173828,21.51751708984375,232.08840942382812,7.9955220222473145
146.0,22.5,49.53679275512695,65.63743591308594,21.551868438720703,231.19082641601562,7.9955220222473145
147.0,22.5,49.366275787353516,65.69438171386719,21.574241638183594,230.32052612304688,7.9955220222473145
148.0,22.5,49.27958679199219,65.81623840332031,21.585617065429688,229.47152709960938,7.9955220222473145
149.0,22.5,49.11448669433594,65.8470230102539,21.607280731201172,228.6052703857422,7.9955220222473145
150.0,22.5,49.121620178222656,66.02945709228516,21.60634422302246,227.7751922607422,7.9955220222473145
151.0,22.5,49.08655548095703,66.15625762939453,21.610944747924805,226.9343719482422,7.9955220222473145
152.0,22.5,49.12382888793945,66.33899688720703,21.606056213378906,226.10382080078125,7.9955220222473145
153.0,22.5,49.15347671508789,66.49984741210938,21.602163314819336,225.26844787597656,7.9955220222473145
154.0,22.5,49.180267333984375,66.64334869384766,21.598648071289062,224.42953491210938,7.9955220222473145
155.0,22.5,49.257415771484375,66.82185363769531,21.588523864746094,223.5933380126953,7.9955220222473145
156.0,22.5,49.321983337402344,66.97345733642578,21.580055236816406,222.7516632080078,7.9955220222473145
157.0,22.5,49.459678649902344,67.18273162841797,21.561986923217773,221.91195678710938,7.9955220222473145
158.0,22.5,49.572120666503906,67.35248565673828,21.547231674194336,221.06483459472656,7.9955220222473145
159.0,22.5,49.730613708496094,67.55313873291016,21.52643585205078,220.2148895263672,7.9955220222473145
160.0,22.5,49.873897552490234,67.72394561767578,21.50763702392578,219.3584442138672,7.9955220222473145
