angle,vert_angle,dist,x,y,z,height
260.0,-22.5,27.975482940673828,166.2643585205078,50.11802673339844,129.5449676513672,40.46354293823242
261.0,-22.5,25.7977352142334,164.8175048828125,50.87364196777344,131.05215454101562,40.46354293823242
262.0,-22.5,25.091367721557617,164.12135314941406,51.11872863769531,131.4095001220703,40.46354293823242
263.0,-22.5,24.753711700439453,163.61013793945312,51.23588943481445,131.4827117919922,40.46354293823242
264.0,-22.5,24.614896774291992,163.19314575195312,51.284053802490234,131.403076171875,40.46354293823242
265.0,-22.5,24.363740921020508,162.728759765625,51.37120056152344,131.425537109375,40.46354293823242
266.0,-22.5,24.13349723815918,162.2771453857422,51.45108413696289,131.44033813476562,40.46354293823242
267.0,-22.5,24.09052276611328,161.90396118164062,51.46599578857422,131.30569458007812,40.46354293823242
268.0,-22.5,24.0440673828125,161.52777099609375,51.48211669921875,131.18084716796875,40.46354293823242
269.0,-22.5,24.007951736450195,161.15399169921875,51.49464797973633,131.05398559570312,40.46354293823242
270.0,-22.5,24.122243881225586,160.83181762695312,51.454994201660156,130.80325317382812,40.46354293823242
271.0,-22.5,24.36912727355957,160.54847717285156,51.369327545166016,130.4415283203125,40.46354293823242
272.0,-22.5,24.537508010864258,160.229736328125,51.310909271240234,130.15249633789062,40.46354293823242
273.0,-22.5,25.043970108032227,160.00747680664062,51.13517761230469,129.56863403320312,40.46354293823242
274.0,-22.5,25.525920867919922,159.7600555419922,50.96794891357422,129.0079345703125,40.46354293823242
275.0,-22.5,26.766687393188477,159.7054901123047,50.53744125366211,127.76929473876953,40.46354293823242
