angle,vert_angle,dist,x,y,z,height
270.0,22.5,49.779258728027344,257.3099365234375,14.399062156677246,47.547096252441406,7.9894609451293945
271.0,22.5,49.511375427246094,258.0940246582031,14.472535133361816,47.92897033691406,7.9894609451293945
272.0,22.5,49.24131774902344,258.8827209472656,14.546600341796875,48.29252243041992,7.9894609451293945
273.0,22.5,49.00653076171875,259.65216064453125,14.610994338989258,48.66503143310547,7.9894609451293945
274.0,22.5,48.86126708984375,260.3700256347656,14.65083122253418,49.08778762817383,7.9894609451293945
275.0,22.5,48.668861389160156,261.1215515136719,14.703605651855469,49.46099090576172,7.9894609451293945
276.0,22.5,48.57322692871094,261.82012939453125,14.729832649230957,49.89273452758789,7.9894609451293945
277.0,22.5,48.49693298339844,262.51373291015625,14.750757217407227,50.32615280151367,7.9894609451293945
278.0,22.5,48.39592742919922,263.2276611328125,14.778456687927246,50.72736740112305,7.9894609451293945
279.0,22.5,48.407958984375,263.8852233886719,14.775162696838379,51.204471588134766,7.9894609451293945
280.0,22.5,48.40481185913086,264.5592956542969,14.776021957397461,51.657997131347656,7.9894609451293945
281.0,22.5,48.45271301269531,265.2146911621094,14.762882232666016,52.14102554321289,7.9894609451293945
282.0,22.5,48.5178108215332,265.870361328125,14.745031356811523,52.627010345458984,7.9894609451293945
283.0,22.5,48.59758758544922,266.5281982421875,14.723152160644531,53.11421585083008,7.9894609451293945
284.0,22.5,48.73128890991211,267.169921875,14.686482429504395,53.63559341430664,7.9894609451293945
285.0,22.5,48.88275146484375,267.8144226074219,14.644940376281738,54.161773681640625,7.9894609451293945
286.0,22.5,49.060951232910156,268.45831298828125,14.5960693359375,54.70060348510742,7.9894609451293945
287.0,22.5,49.28858184814453,269.0928649902344,14.533637046813965,55.271968841552734,7.9894609451293945
288.0,22.5,49.51750183105469,269.74017333984375,14.470853805541992,55.83496856689453,7.9894609451293945
289.0,22.5,49.767906188964844,270.39208984375,14.402176856994629,56.40700149536133,7.9894609451293945
