angle,vert_angle,dist,x,y,z,height
13.0,22.5,23.326488494873047,161.22303771972656,51.493865966796875,130.2848663330078,29.15840721130371
14.0,22.5,23.568824768066406,161.67019653320312,51.53750228881836,130.42239379882812,29.15840721130371
