angle,vert_angle,dist,x,y,z,height
308.0,22.5,49.988914489746094,158.60890197753906,26.971145629882812,101.72100067138672,7.984678268432617
310.0,22.5,49.82334899902344,159.94754028320312,26.974687576293945,100.59471893310547,7.984678268432617
