angle,vert_angle,dist,x,y,z,height
99.0,-22.5,49.81992721557617,36.575592041015625,24.71982192993164,64.3789291381836,7.973399639129639
100.0,-22.5,49.68912124633789,37.4415283203125,24.72856903076172,64.24524688720703,7.973399639129639
101.0,-22.5,49.64299392700195,38.30524826049805,24.731657028198242,64.18096923828125,7.973399639129639
102.0,-22.5,49.61368942260742,39.16769790649414,24.73361587524414,64.11842346191406,7.973399639129639
103.0,-22.5,49.63324737548828,40.03158950805664,24.73230743408203,64.08951568603516,7.973399639129639
104.0,-22.5,49.72433090209961,40.901023864746094,24.726215362548828,64.11663818359375,7.973399639129639
105.0,-22.5,49.85708236694336,41.776527404785156,24.717334747314453,64.1697998046875,7.973399639129639
