angle,vert_angle,dist,x,y,z,height
246.0,-22.5,49.69842529296875,28.24668312072754,16.746387481689453,61.39127731323242,7.992558479309082
247.0,-22.5,49.501956939697266,29.039276123046875,16.791080474853516,61.04631423950195,7.992558479309082
248.0,-22.5,49.29991912841797,29.82131004333496,16.837039947509766,60.68294143676758,7.992558479309082
249.0,-22.5,49.13385772705078,30.601577758789062,16.87481689453125,60.34083938598633,7.992558479309082
250.0,-22.5,49.04815673828125,31.392230987548828,16.89431381225586,60.06169509887695,7.992558479309082
251.0,-22.5,49.002891540527344,32.186824798583984,16.90460968017578,59.807167053222656,7.992558479309082
252.0,-22.5,48.949642181396484,32.97395324707031,16.91672134399414,59.53153610229492,7.992558479309082
253.0,-22.5,48.92015075683594,33.76213073730469,16.923431396484375,59.26457977294922,7.992558479309082
254.0,-22.5,48.953636169433594,34.56425857543945,16.915813446044922,59.04229736328125,7.992558479309082
255.0,-22.5,49.05061340332031,35.383277893066406,16.893753051757812,58.8642463684082,7.992558479309082
256.0,-22.5,49.17225646972656,36.208919525146484,16.86608123779297,58.693912506103516,7.992558479309082
257.0,-22.5,49.345428466796875,37.051570892333984,16.82668685913086,58.55523681640625,7.992558479309082
258.0,-22.5,49.5075798034668,37.89035415649414,16.7898006439209,58.390846252441406,7.992558479309082
259.0,-22.5,49.725154876708984,38.74998092651367,16.740304946899414,58.2603645324707,7.992558479309082
