angle,vert_angle,dist,x,y,z,height
287.0,22.5,49.9897346496582,161.4861602783203,16.388263702392578,73.51443481445312,7.969326972961426
288.0,22.5,49.70633316040039,162.37591552734375,16.454391479492188,73.5127182006836,7.969326972961426
289.0,22.5,49.506229400634766,163.23794555664062,16.501083374023438,73.5717544555664,7.969326972961426
290.0,22.5,49.37130355834961,164.08079528808594,16.532567977905273,73.67591094970703,7.969326972961426
291.0,22.5,49.26698303222656,164.9156494140625,16.556909561157227,73.79356384277344,7.969326972961426
292.0,22.5,49.16399383544922,165.7504425048828,16.58094024658203,73.89746856689453,7.969326972961426
293.0,22.5,49.13758850097656,166.5692138671875,16.58710289001465,74.05912017822266,7.969326972961426
294.0,22.5,49.13300704956055,167.385986328125,16.588171005249023,74.22715759277344,7.969326972961426
295.0,22.5,49.20598220825195,168.19186401367188,16.571144104003906,74.455078125,7.969326972961426
296.0,22.5,49.297508239746094,168.99986267089844,16.549789428710938,74.68690490722656,7.969326972961426
297.0,22.5,49.414573669433594,169.8096466064453,16.522472381591797,74.92939758300781,7.969326972961426
298.0,22.5,49.653682708740234,170.61019897460938,16.4666805267334,75.27568054199219,7.969326972961426
299.0,22.5,49.85159683227539,171.4251708984375,16.42049789428711,75.56861877441406,7.969326972961426
