angle,vert_angle,dist,x,y,z,height
310.0,22.5,49.82723617553711,156.08151245117188,25.80629539489746,101.18922424316406,8.001609802246094
311.0,22.5,49.56132507324219,156.6465606689453,25.81827735900879,100.48069763183594,8.001609802246094
312.0,22.5,49.384002685546875,157.24725341796875,25.82626724243164,99.83680725097656,8.001609802246094
313.0,22.5,49.17945861816406,157.8177947998047,25.83548355102539,99.1626205444336,8.001609802246094
314.0,22.5,48.99646759033203,158.38687133789062,25.843727111816406,98.49774169921875,8.001609802246094
315.0,22.5,48.8725700378418,158.97882080078125,25.84930992126465,97.87095642089844,8.001609802246094
316.0,22.5,48.65850067138672,159.5002899169922,25.85895538330078,97.16620635986328,8.001609802246094
317.0,22.5,48.41209411621094,159.9854278564453,25.870058059692383,96.430419921875,8.001609802246094
318.0,22.5,48.6201171875,160.75747680664062,25.860685348510742,96.0271224975586,8.001609802246094
319.0,22.5,48.751182556152344,161.4727325439453,25.854780197143555,95.55164337158203,8.001609802246094
320.0,22.5,48.82606506347656,162.14234924316406,25.85140609741211,95.02171325683594,8.001609802246094
321.0,22.5,49.598628997802734,163.2953643798828,25.81659698486328,94.9731216430664,8.001609802246094
