angle,vert_angle,dist,x,y,z,height
236.0,-22.5,49.87032699584961,44.36140441894531,23.309207916259766,63.71662902832031,7.983560085296631
237.0,-22.5,49.784400939941406,45.203407287597656,23.317380905151367,63.93517303466797,7.983560085296631
238.0,-22.5,49.77617263793945,46.02290725708008,23.31816291809082,64.2117691040039,7.983560085296631
239.0,-22.5,49.80083465576172,46.83700942993164,23.31581687927246,64.50516510009766,7.983560085296631
240.0,-22.5,49.858604431152344,47.64708709716797,23.310321807861328,64.81600952148438,7.983560085296631
241.0,-22.5,49.989540100097656,48.443702697753906,23.297868728637695,65.18306732177734,7.983560085296631
