angle,vert_angle,dist,x,y,z,height
47.0,22.5,49.81438446044922,26.52239990234375,12.39100456237793,57.433448791503906,7.994540691375732
48.0,22.5,49.62531661987305,27.298065185546875,12.450444221496582,57.103084564208984,7.994540691375732
49.0,22.5,49.441497802734375,28.06584358215332,12.508233070373535,56.764747619628906,7.994540691375732
50.0,22.5,49.32963943481445,28.84031867980957,12.543402671813965,56.4802131652832,7.994540691375732
51.0,22.5,49.231136322021484,29.611032485961914,12.574369430541992,56.194942474365234,7.994540691375732
52.0,22.5,49.10525131225586,30.368234634399414,12.613947868347168,55.87160110473633,7.994540691375732
53.0,22.5,49.131797790527344,31.158220291137695,12.605602264404297,55.674564361572266,7.994540691375732
54.0,22.5,49.06375503540039,31.91840362548828,12.626992225646973,55.377906799316406,7.994540691375732
55.0,22.5,49.04838562011719,32.687896728515625,12.63182544708252,55.115840911865234,7.994540691375732
56.0,22.5,49.12361526489258,33.480865478515625,12.608170509338379,54.921661376953125,7.994540691375732
57.0,22.5,49.147132873535156,34.254478454589844,12.600780487060547,54.667198181152344,7.994540691375732
58.0,22.5,49.282737731933594,35.062503814697266,12.558148384094238,54.4982795715332,7.994540691375732
59.0,22.5,49.412109375,35.8673095703125,12.517473220825195,54.308982849121094,7.994540691375732
60.0,22.5,49.52437973022461,36.66424560546875,12.482178688049316,54.08992385864258,7.994540691375732
61.0,22.5,49.7083854675293,37.48694610595703,12.424330711364746,53.91831970214844,7.994540691375732
62.0,22.5,49.9512939453125,38.333160400390625,12.347962379455566,53.78166198730469,7.994540691375732
