angle,vert_angle,dist,x,y,z,height
326.0,22.5,49.79581832885742,25.838943481445312,13.974377632141113,59.88414764404297,7.999483108520508
327.0,22.5,49.55701446533203,26.611679077148438,14.041891098022461,59.50074005126953,7.999483108520508
328.0,22.5,49.3580436706543,27.381929397583008,14.098137855529785,59.14204406738281,7.999483108520508
329.0,22.5,49.14723205566406,28.13991355895996,14.157735824584961,58.75966262817383,7.999483108520508
330.0,22.5,48.99205780029297,28.901039123535156,14.2016019821167,58.4166374206543,7.999483108520508
331.0,22.5,48.89052963256836,29.66731071472168,14.23030948638916,58.11063003540039,7.999483108520508
332.0,22.5,48.81830596923828,30.4344539642334,14.250723838806152,57.818729400634766,7.999483108520508
333.0,22.5,48.754417419433594,31.1976318359375,14.268786430358887,57.521461486816406,7.999483108520508
334.0,22.5,48.782264709472656,31.982397079467773,14.260912895202637,57.29469680786133,7.999483108520508
335.0,22.5,48.740570068359375,32.74126434326172,14.272701263427734,56.991241455078125,7.999483108520508
336.0,22.5,48.818214416503906,33.53416061401367,14.250751495361328,56.782047271728516,7.999483108520508
337.0,22.5,48.92201232910156,34.33366394042969,14.221404075622559,56.58192825317383,7.999483108520508
338.0,22.5,48.97362518310547,35.11201858520508,14.206814765930176,56.320987701416016,7.999483108520508
339.0,22.5,49.12480926513672,35.9245719909668,14.16407585144043,56.13376235961914,7.999483108520508
340.0,22.5,49.32293701171875,36.75470733642578,14.108062744140625,55.97233200073242,7.999483108520508
341.0,22.5,49.54973602294922,37.59675598144531,14.043947219848633,55.819847106933594,7.999483108520508
342.0,22.5,49.80427932739258,38.451290130615234,13.971986770629883,55.67485809326172,7.999483108520508
