angle,vert_angle,dist,x,y,z,height
301.0,22.5,49.902435302734375,163.83802795410156,14.888978004455566,70.85363006591797,7.9704365730285645
302.0,22.5,49.872188568115234,164.67047119140625,14.896954536437988,70.96882629394531,7.9704365730285645
303.0,22.5,49.78667449951172,165.5120391845703,14.919512748718262,71.01665496826172,7.9704365730285645
304.0,22.5,49.792022705078125,166.3416290283203,14.918102264404297,71.13650512695312,7.9704365730285645
305.0,22.5,49.8432502746582,167.16836547851562,14.904587745666504,71.28585815429688,7.9704365730285645
306.0,22.5,49.872535705566406,168.00042724609375,14.896866798400879,71.39977264404297,7.9704365730285645
