angle,vert_angle,dist,x,y,z,height
271.0,22.5,49.82537078857422,260.25286865234375,15.349166870117188,50.52361297607422,7.990034580230713
272.0,22.5,49.75497817993164,260.95574951171875,15.367110252380371,50.98908996582031,7.990034580230713
273.0,22.5,49.585567474365234,261.7228698730469,15.410301208496094,51.36469650268555,7.990034580230713
274.0,22.5,49.513328552246094,262.4393310546875,15.42871379852295,51.801509857177734,7.990034580230713
275.0,22.5,49.42531204223633,263.1709899902344,15.451151847839355,52.21250915527344,7.990034580230713
276.0,22.5,49.483055114746094,263.83038330078125,15.436430931091309,52.727169036865234,7.990034580230713
277.0,22.5,49.46797561645508,264.5374450683594,15.440279960632324,53.171470642089844,7.990034580230713
278.0,22.5,49.489376068115234,265.2334899902344,15.434818267822266,53.63330078125,7.990034580230713
279.0,22.5,49.57881164550781,265.9042053222656,15.412022590637207,54.13965606689453,7.990034580230713
280.0,22.5,49.672481536865234,266.58294677734375,15.388139724731445,54.63855743408203,7.990034580230713
281.0,22.5,49.849578857421875,267.2330322265625,15.342989921569824,55.19711685180664,7.990034580230713
