angle,vert_angle,dist,x,y,z,height
268.0,22.5,49.907752990722656,49.315853118896484,13.829180717468262,57.22087860107422,7.989706993103027
269.0,22.5,49.63446807861328,50.07131576538086,13.907064437866211,57.658145904541016,7.989706993103027
270.0,22.5,49.373268127441406,50.822792053222656,13.981500625610352,58.08686447143555,7.989706993103027
271.0,22.5,49.14909362792969,51.5534782409668,14.045392036437988,58.524375915527344,7.989706993103027
272.0,22.5,48.97556686401367,52.25526809692383,14.094843864440918,58.981346130371094,7.989706993103027
273.0,22.5,48.85377502441406,52.929012298583984,14.129552841186523,59.46027374267578,7.989706993103027
274.0,22.5,48.738433837890625,53.605342864990234,14.162420272827148,59.93056869506836,7.989706993103027
275.0,22.5,48.65226745605469,54.26997375488281,14.186979293823242,60.40879821777344,7.989706993103027
276.0,22.5,48.59745788574219,54.92243957519531,14.20260238647461,60.897438049316406,7.989706993103027
277.0,22.5,48.609745025634766,55.54212188720703,14.199095726013184,61.42399978637695,7.989706993103027
278.0,22.5,48.56992721557617,56.201839447021484,14.210445404052734,61.90045928955078,7.989706993103027
279.0,22.5,48.61594772338867,56.81968307495117,14.197328567504883,62.430606842041016,7.989706993103027
280.0,22.5,48.72196960449219,57.413475036621094,14.16711139678955,62.99686050415039,7.989706993103027
281.0,22.5,48.782257080078125,58.043678283691406,14.149932861328125,63.517799377441406,7.989706993103027
282.0,22.5,48.9403076171875,58.631256103515625,14.104890823364258,64.10588836669922,7.989706993103027
283.0,22.5,49.14287567138672,59.207977294921875,14.047162055969238,64.72089385986328,7.989706993103027
284.0,22.5,49.337440490722656,59.80225372314453,13.99171257019043,65.321044921875,7.989706993103027
285.0,22.5,49.56950378417969,60.39115905761719,13.925578117370605,65.9432373046875,7.989706993103027
286.0,22.5,49.87772750854492,60.95764923095703,13.837739944458008,66.62022399902344,7.989706993103027
