angle,vert_angle,dist,x,y,z,height
134.0,-22.5,49.91468811035156,62.15447998046875,9.193561553955078,51.127471923828125,8.040584564208984
135.0,-22.5,49.77212905883789,62.642024993896484,9.247478485107422,51.78187942504883,8.040584564208984
