angle,vert_angle,dist,x,y,z,height
295.0,22.5,49.98569107055664,160.96365356445312,15.062610626220703,71.34361267089844,7.969760894775391
296.0,22.5,49.76704788208008,161.83021545410156,15.119428634643555,71.3582763671875,7.969760894775391
297.0,22.5,49.569271087646484,162.68861389160156,15.170829772949219,71.37651062011719,7.969760894775391
298.0,22.5,49.429962158203125,163.53167724609375,15.20702838897705,71.43411254882812,7.969760894775391
299.0,22.5,49.30625915527344,164.37026977539062,15.239176750183105,71.49125671386719,7.969760894775391
300.0,22.5,49.193214416503906,165.20582580566406,15.26855182647705,71.5434799194336,7.969760894775391
301.0,22.5,49.22007751464844,166.01779174804688,15.261571884155273,71.71399688720703,7.969760894775391
302.0,22.5,49.21064758300781,166.8383331298828,15.26402473449707,71.83573913574219,7.969760894775391
303.0,22.5,49.26462173461914,167.65261840820312,15.249999046325684,72.0038070678711,7.969760894775391
304.0,22.5,49.299503326416016,168.4727325439453,15.24093246459961,72.13944244384766,7.969760894775391
305.0,22.5,49.43125915527344,169.28660583496094,15.206690788269043,72.3539047241211,7.969760894775391
306.0,22.5,49.64256286621094,170.1001739501953,15.151782035827637,72.63089752197266,7.969760894775391
307.0,22.5,49.80030059814453,170.9252471923828,15.110790252685547,72.84227752685547,7.969760894775391
