angle,vert_angle,dist,x,y,z,height
251.0,-22.5,49.9702262878418,143.86395263671875,14.759427070617676,80.31149291992188,7.969733715057373
252.0,-22.5,49.725284576416016,144.54180908203125,14.82458209991455,79.76412963867188,7.969733715057373
253.0,-22.5,49.54423522949219,145.23196411132812,14.87274169921875,79.2626724243164,7.969733715057373
254.0,-22.5,49.372711181640625,145.91452026367188,14.918368339538574,78.75880432128906,7.969733715057373
255.0,-22.5,49.2007942199707,146.5854034423828,14.96409797668457,78.2440414428711,7.969733715057373
256.0,-22.5,49.04087829589844,147.25,15.006636619567871,77.72921752929688,7.969733715057373
257.0,-22.5,48.91688537597656,147.9197540283203,15.039618492126465,77.23452758789062,7.969733715057373
258.0,-22.5,48.84991455078125,148.606201171875,15.057432174682617,76.7769775390625,7.969733715057373
259.0,-22.5,48.803077697753906,149.2935028076172,15.069890975952148,76.32476806640625,7.969733715057373
260.0,-22.5,48.78974151611328,149.9890899658203,15.073437690734863,75.8885269165039,7.969733715057373
261.0,-22.5,48.76145553588867,150.66897583007812,15.080962181091309,75.42820739746094,7.969733715057373
262.0,-22.5,48.78376007080078,151.3673858642578,15.075028419494629,74.9969253540039,7.969733715057373
263.0,-22.5,48.80664825439453,152.0587921142578,15.068940162658691,74.55377197265625,7.969733715057373
264.0,-22.5,48.862709045410156,152.7613525390625,15.054028511047363,74.12435150146484,7.969733715057373
265.0,-22.5,48.942222595214844,153.47056579589844,15.032878875732422,73.7003173828125,7.969733715057373
266.0,-22.5,49.08399963378906,154.2100372314453,14.99516773223877,73.31065368652344,7.969733715057373
267.0,-22.5,49.26116180419922,154.96578979492188,14.948040962219238,72.93329620361328,7.969733715057373
268.0,-22.5,49.40480041503906,155.69651794433594,14.909833908081055,72.51605224609375,7.969733715057373
269.0,-22.5,49.57176208496094,156.43637084960938,14.8654203414917,72.10159301757812,7.969733715057373
270.0,-22.5,49.84778594970703,157.24090576171875,14.791996955871582,71.7509536743164,7.969733715057373
