angle,vert_angle,dist,x,y,z,height
123.0,-22.5,49.75537109375,60.981407165527344,9.236257553100586,51.922576904296875,8.020003318786621
