angle,vert_angle,dist,x,y,z,height
329.0,22.5,49.64189147949219,154.17335510253906,23.75447654724121,93.53075408935547,8.001065254211426
330.0,22.5,49.332801818847656,154.53237915039062,23.78122901916504,92.69032287597656,8.001065254211426
331.0,22.5,48.98435974121094,154.84365844726562,23.811386108398438,91.82186889648438,8.001065254211426
332.0,22.5,48.87825012207031,155.31983947753906,23.82056999206543,91.10892486572266,8.001065254211426
333.0,22.5,48.7379264831543,155.75595092773438,23.832714080810547,90.36759948730469,8.001065254211426
334.0,22.5,48.79454803466797,156.33145141601562,23.82781410217285,89.74234771728516,8.001065254211426
335.0,22.5,48.763885498046875,156.82740783691406,23.830467224121094,89.05364990234375,8.001065254211426
336.0,22.5,49.09635925292969,157.60244750976562,23.80169105529785,88.57109069824219,8.001065254211426
337.0,22.5,49.31720733642578,158.28158569335938,23.782577514648438,88.006103515625,8.001065254211426
338.0,22.5,49.634239196777344,159.03208923339844,23.75514030456543,87.48023986816406,8.001065254211426
