angle,vert_angle,dist,x,y,z,height
120.0,22.5,45.42646789550781,165.4072723388672,49.98859405517578,135.44728088378906,24.727108001708984
121.0,22.5,44.88176727294922,164.6128692626953,49.9122314453125,135.96556091308594,24.727108001708984
122.0,22.5,44.63003158569336,163.83717346191406,49.87693405151367,136.2076416015625,24.727108001708984
123.0,22.5,44.073829650878906,163.07528686523438,49.79895782470703,136.7646026611328,24.727108001708984
124.0,22.5,43.800533294677734,162.32322692871094,49.760643005371094,137.05458068847656,24.727108001708984
125.0,22.5,44.0155143737793,161.55599975585938,49.7907829284668,136.8746337890625,24.727108001708984
126.0,22.5,44.30353927612305,160.7770233154297,49.83116149902344,136.6361846923828,24.727108001708984
127.0,22.5,44.73622131347656,159.9766387939453,49.891822814941406,136.26905822753906,24.727108001708984
128.0,22.5,45.19900894165039,159.159423828125,49.956703186035156,135.88702392578125,24.727108001708984
129.0,22.5,46.09943771362305,158.27513122558594,50.08293914794922,135.09010314941406,24.727108001708984
