angle,vert_angle,dist,x,y,z,height
319.0,22.5,49.882598876953125,157.57528686523438,25.362258911132812,96.56354522705078,7.967248439788818
320.0,22.5,49.6280517578125,158.0476531982422,25.375980377197266,95.79324340820312,7.967248439788818
321.0,22.5,49.40233612060547,158.52313232421875,25.38814926147461,95.0386962890625,7.967248439788818
322.0,22.5,49.226375579833984,159.01748657226562,25.397634506225586,94.31401824951172,7.967248439788818
323.0,22.5,49.24039077758789,159.63258361816406,25.396879196166992,93.71563720703125,7.967248439788818
324.0,22.5,49.13524627685547,160.15078735351562,25.40254783630371,93.02474975585938,7.967248439788818
325.0,22.5,49.69152069091797,161.1436767578125,25.37255859375,92.77123260498047,7.967248439788818
