angle,vert_angle,dist,x,y,z,height
314.0,-16.875,49.95709228515625,47.62434768676758,37.7382698059082,120.75711822509766,9.88670539855957
311.0,-22.5,49.97052001953125,50.25334930419922,37.33684539794922,118.62191009521484,9.88670539855957
312.0,-22.5,49.841453552246094,49.63536071777344,37.316097259521484,119.23298645019531,9.88670539855957
313.0,-22.5,49.66529846191406,49.058380126953125,37.287776947021484,119.89013671875,9.88670539855957
314.0,-22.5,49.755706787109375,48.330657958984375,37.302310943603516,120.3501968383789,9.88670539855957
315.0,-22.5,49.65398406982422,47.73113250732422,37.28595733642578,120.96967315673828,9.88670539855957
316.0,-22.5,49.764129638671875,47.00733947753906,37.30366516113281,121.4399642944336,9.88670539855957
317.0,-22.5,49.89488983154297,46.27687454223633,37.32468795776367,121.90890502929688,9.88670539855957
