angle,vert_angle,dist,x,y,z,height
291.0,22.5,49.5302734375,158.0962677001953,37.86984634399414,115.57681274414062,12.002399444580078
292.0,22.5,49.11441421508789,158.94093322753906,37.812538146972656,115.14888000488281,12.002399444580078
293.0,22.5,48.83384704589844,159.77688598632812,37.77387619018555,114.84040069580078,12.002399444580078
294.0,22.5,48.74094772338867,160.6140594482422,37.761070251464844,114.7031478881836,12.002399444580078
295.0,22.5,48.651859283447266,161.4474334716797,37.74879455566406,114.55518341064453,12.002399444580078
296.0,22.5,48.54493713378906,162.27484130859375,37.73406219482422,114.37525939941406,12.002399444580078
297.0,22.5,48.58208465576172,163.11349487304688,37.73918151855469,114.32286834716797,12.002399444580078
298.0,22.5,48.82594299316406,163.97882080078125,37.77278518676758,114.45870971679688,12.002399444580078
299.0,22.5,48.92603302001953,164.82923889160156,37.78657531738281,114.43804931640625,12.002399444580078
300.0,22.5,49.342063903808594,165.73300170898438,37.84390640258789,114.71082305908203,12.002399444580078
301.0,22.5,49.767635345458984,166.6501922607422,37.90255355834961,114.97582244873047,12.002399444580078
