angle,vert_angle,dist,x,y,z,height
302.0,22.5,49.903873443603516,155.396240234375,26.817983627319336,104.78099060058594,8.002642631530762
303.0,22.5,49.6292610168457,156.04124450683594,26.824783325195312,104.13810729980469,8.002642631530762
304.0,22.5,49.249149322509766,156.6197967529297,26.834192276000977,103.39397430419922,8.002642631530762
305.0,22.5,49.006683349609375,157.2480010986328,26.840194702148438,102.762451171875,8.002642631530762
306.0,22.5,48.708675384521484,157.83297729492188,26.84757423400879,102.07452392578125,8.002642631530762
307.0,22.5,48.599849700927734,158.50125122070312,26.85026741027832,101.5398178100586,8.002642631530762
308.0,22.5,48.57441329956055,159.20372009277344,26.85089683532715,101.06458282470703,8.002642631530762
309.0,22.5,48.345176696777344,159.78387451171875,26.856571197509766,100.4082260131836,8.002642631530762
310.0,22.5,48.56990051269531,160.6085968017578,26.851009368896484,100.11648559570312,8.002642631530762
311.0,22.5,48.68091583251953,161.36471557617188,26.8482608795166,99.71598052978516,8.002642631530762
312.0,22.5,48.94316101074219,162.2059783935547,26.841768264770508,99.42216491699219,8.002642631530762
313.0,22.5,49.31092834472656,163.11036682128906,26.832664489746094,99.19422149658203,8.002642631530762
314.0,22.5,49.83275604248047,164.1123046875,26.819744110107422,99.06645965576172,8.002642631530762
305.0,16.875,49.7581901550293,157.54074096679688,27.264211654663086,103.4709243774414,8.002642631530762
306.0,16.875,49.606056213378906,158.2130889892578,27.266624450683594,102.90278625488281,8.002642631530762
307.0,16.875,49.39151382446289,158.84031677246094,27.27002716064453,102.27130889892578,8.002642631530762
308.0,16.875,49.348899841308594,159.54623413085938,27.270702362060547,101.77556610107422,8.002642631530762
309.0,16.875,49.287384033203125,160.23226928710938,27.271678924560547,101.25228118896484,8.002642631530762
310.0,16.875,49.52348327636719,161.07778930664062,27.267934799194336,100.96221160888672,8.002642631530762
311.0,16.875,49.779563903808594,161.93316650390625,27.263872146606445,100.6712646484375,8.002642631530762
