angle,vert_angle,dist,x,y,z,height
258.0,22.5,49.95003128051758,52.12361526489258,15.802635192871094,60.86363983154297,8.001638412475586
259.0,22.5,49.69573974609375,52.84825134277344,15.864991188049316,61.35999298095703,8.001638412475586
260.0,22.5,49.498512268066406,53.536766052246094,15.913355827331543,61.876468658447266,8.001638412475586
261.0,22.5,49.318336486816406,54.219661712646484,15.957538604736328,62.38936233520508,8.001638412475586
262.0,22.5,49.212867736816406,54.856197357177734,15.983402252197266,62.93720245361328,8.001638412475586
263.0,22.5,49.12224578857422,55.49058532714844,16.0056209564209,63.482513427734375,8.001638412475586
264.0,22.5,49.07840347290039,56.10115432739258,16.016372680664062,64.04753112792969,8.001638412475586
265.0,22.5,49.08033752441406,56.68999481201172,16.015897750854492,64.63308715820312,8.001638412475586
266.0,22.5,49.10258483886719,57.275516510009766,16.010440826416016,65.22264862060547,8.001638412475586
267.0,22.5,49.143218994140625,57.85953903198242,16.000476837158203,65.81536865234375,8.001638412475586
268.0,22.5,49.25483703613281,58.40898513793945,15.973106384277344,66.45001983642578,8.001638412475586
269.0,22.5,49.38185119628906,58.96124267578125,15.941963195800781,67.08763885498047,8.001638412475586
270.0,22.5,49.54787063598633,59.50227355957031,15.901252746582031,67.74617767333984,8.001638412475586
271.0,22.5,49.769287109375,60.023685455322266,15.84695816040039,68.43913269042969,8.001638412475586
