angle,vert_angle,dist,x,y,z,height
257.0,-22.5,49.77960968017578,241.02891540527344,16.048683166503906,61.034690856933594,7.981657981872559
258.0,-22.5,49.42765808105469,241.6553955078125,16.133543014526367,60.37885284423828,7.981657981872559
259.0,-22.5,49.10968780517578,242.27923583984375,16.210208892822266,59.74443435668945,7.981657981872559
260.0,-22.5,48.773860931396484,242.87928771972656,16.291181564331055,59.086124420166016,7.981657981872559
261.0,-22.5,48.51750183105469,243.49853515625,16.35299301147461,58.48834228515625,7.981657981872559
262.0,-22.5,48.351539611816406,244.14553833007812,16.39300537109375,57.95884323120117,7.981657981872559
263.0,-22.5,48.160491943359375,244.76869201660156,16.439071655273438,57.39836502075195,7.981657981872559
264.0,-22.5,47.95832061767578,245.37367248535156,16.487817764282227,56.81942367553711,7.981657981872559
265.0,-22.5,47.90208435058594,246.03990173339844,16.501373291015625,56.35232162475586,7.981657981872559
266.0,-22.5,47.821128845214844,246.68414306640625,16.520893096923828,55.853965759277344,7.981657981872559
267.0,-22.5,47.799720764160156,247.35047912597656,16.526058197021484,55.39327621459961,7.981657981872559
268.0,-22.5,47.731727600097656,247.98263549804688,16.542449951171875,54.88407516479492,7.981657981872559
269.0,-22.5,47.78587341308594,248.67405700683594,16.529396057128906,54.46083068847656,7.981657981872559
270.0,-22.5,47.844398498535156,249.36123657226562,16.51528549194336,54.02846145629883,7.981657981872559
271.0,-22.5,47.986724853515625,250.09127807617188,16.480968475341797,53.64793395996094,7.981657981872559
272.0,-22.5,48.107078552246094,250.80313110351562,16.451950073242188,53.2365837097168,7.981657981872559
273.0,-22.5,48.27542495727539,251.53904724121094,16.411361694335938,52.847412109375,7.981657981872559
274.0,-22.5,48.56221389770508,252.34515380859375,16.342208862304688,52.530792236328125,7.981657981872559
275.0,-22.5,48.82814025878906,253.13580322265625,16.278095245361328,52.18183135986328,7.981657981872559
276.0,-22.5,49.11439514160156,253.93695068359375,16.209074020385742,51.830604553222656,7.981657981872559
277.0,-22.5,49.481849670410156,254.78982543945312,16.12047576904297,51.51911163330078,7.981657981872559
278.0,-22.5,49.924713134765625,255.6930694580078,16.01369857788086,51.24046325683594,7.981657981872559
