angle,vert_angle,dist,x,y,z,height
271.0,22.5,49.877498626708984,257.9621887207031,20.379356384277344,58.71360778808594,7.995869159698486
272.0,22.5,49.81615447998047,258.78765869140625,20.3887939453125,58.9610481262207,7.995869159698486
273.0,22.5,49.79462814331055,259.6033935546875,20.392105102539062,59.23084259033203,7.995869159698486
274.0,22.5,49.75018310546875,260.430419921875,20.39893913269043,59.464725494384766,7.995869159698486
275.0,22.5,49.86487579345703,261.214111328125,20.381296157836914,59.83409118652344,7.995869159698486
276.0,22.5,49.92282485961914,262.0216979980469,20.37238311767578,60.13646697998047,7.995869159698486
