angle,vert_angle,dist,x,y,z,height
85.0,22.5,49.89944839477539,156.0799102783203,21.080244064331055,83.03385925292969,7.986390590667725
86.0,22.5,49.774017333984375,156.8771514892578,21.0977725982666,82.6850814819336,7.986390590667725
87.0,22.5,49.679954528808594,157.6751251220703,21.11091423034668,82.35277557373047,7.986390590667725
88.0,22.5,49.65410614013672,158.48641967773438,21.114524841308594,82.07134246826172,7.986390590667725
89.0,22.5,49.71001052856445,159.31849670410156,21.106712341308594,81.8525161743164,7.986390590667725
90.0,22.5,49.72832107543945,160.13487243652344,21.104156494140625,81.58387756347656,7.986390590667725
91.0,22.5,49.79114532470703,160.96246337890625,21.095378875732422,81.34210205078125,7.986390590667725
