angle,vert_angle,dist,x,y,z,height
8.0,22.5,49.95526885986328,71.9331283569336,24.61072540283203,230.6298065185547,7.992295265197754
9.0,22.5,49.81455993652344,71.80872344970703,24.62041664123535,229.75880432128906,7.992295265197754
10.0,22.5,49.69971466064453,71.69493865966797,24.628328323364258,228.89234924316406,7.992295265197754
11.0,22.5,49.67909622192383,71.6600570678711,24.629749298095703,228.02764892578125,7.992295265197754
12.0,22.5,49.57881546020508,71.53069305419922,24.636655807495117,227.16741943359375,7.992295265197754
13.0,22.5,49.56538772583008,71.4729232788086,24.63758087158203,226.30612182617188,7.992295265197754
14.0,22.5,49.65073013305664,71.49838256835938,24.631702423095703,225.4385528564453,7.992295265197754
15.0,22.5,49.65855026245117,71.43157958984375,24.63116455078125,224.5765380859375,7.992295265197754
16.0,22.5,49.86380386352539,71.54544830322266,24.617023468017578,223.69357299804688,7.992295265197754
