angle,vert_angle,dist,x,y,z,height
297.0,22.5,49.7479133605957,33.48853302001953,18.637588500976562,60.761146545410156,7.989013671875
298.0,22.5,49.56733703613281,34.34051513671875,18.67176055908203,60.588436126708984,7.989013671875
299.0,22.5,49.37118148803711,35.18590545654297,18.70888328552246,60.38562774658203,7.989013671875
300.0,22.5,49.26366424560547,36.027610778808594,18.729228973388672,60.255165100097656,7.989013671875
301.0,22.5,49.193389892578125,36.867095947265625,18.742525100708008,60.14663314819336,7.989013671875
302.0,22.5,49.160484313964844,37.7060661315918,18.74875259399414,60.06013870239258,7.989013671875
303.0,22.5,49.139320373535156,38.54385757446289,18.752761840820312,59.97054672241211,7.989013671875
304.0,22.5,49.1977653503418,39.388023376464844,18.74169921875,59.94409942626953,7.989013671875
305.0,22.5,49.27253723144531,40.23461151123047,18.727548599243164,59.91870880126953,7.989013671875
306.0,22.5,49.390968322753906,41.087989807128906,18.70513916015625,59.920806884765625,7.989013671875
307.0,22.5,49.552730560302734,41.95010757446289,18.674524307250977,59.949703216552734,7.989013671875
308.0,22.5,49.8122444152832,42.8322868347168,18.625411987304688,60.05756378173828,7.989013671875
