angle,vert_angle,dist,x,y,z,height
262.0,-22.5,49.9434928894043,243.5833740234375,17.08138656616211,59.84685134887695,7.980624675750732
263.0,-22.5,49.72943115234375,244.2615509033203,17.128406524658203,59.295745849609375,7.980624675750732
264.0,-22.5,49.471351623535156,244.9074249267578,17.185089111328125,58.69614791870117,7.980624675750732
265.0,-22.5,49.228878021240234,245.5458984375,17.238346099853516,58.100868225097656,7.980624675750732
266.0,-22.5,49.132625579833984,246.23890686035156,17.259485244750977,57.62153244018555,7.980624675750732
267.0,-22.5,49.00860595703125,246.90858459472656,17.28672981262207,57.107444763183594,7.980624675750732
268.0,-22.5,48.905059814453125,247.5775604248047,17.309471130371094,56.599998474121094,7.980624675750732
269.0,-22.5,48.93376159667969,248.30404663085938,17.30316925048828,56.1915283203125,7.980624675750732
270.0,-22.5,48.922203063964844,249.00241088867188,17.305706024169922,55.73716735839844,7.980624675750732
271.0,-22.5,48.96000671386719,249.71934509277344,17.297401428222656,55.31084060668945,7.980624675750732
272.0,-22.5,49.01576232910156,250.4392547607422,17.285160064697266,54.88607406616211,7.980624675750732
273.0,-22.5,49.09866714477539,251.1679229736328,17.26694679260254,54.46973419189453,7.980624675750732
274.0,-22.5,49.306495666503906,251.96328735351562,17.221298217773438,54.13755416870117,7.980624675750732
275.0,-22.5,49.5858039855957,252.79824829101562,17.159950256347656,53.844520568847656,7.980624675750732
276.0,-22.5,49.853363037109375,253.6245574951172,17.101186752319336,53.52505874633789,7.980624675750732
