angle,vert_angle,dist,x,y,z,height
143.0,22.5,44.326568603515625,79.6104507446289,26.99323844909668,218.85047912597656,7.975582599639893
144.0,22.5,42.86188888549805,78.8015365600586,27.02823829650879,217.41236877441406,7.975582599639893
145.0,22.5,42.28752899169922,78.71138000488281,27.041963577270508,216.4778289794922,7.975582599639893
146.0,22.5,41.84400177001953,78.71220397949219,27.052562713623047,215.62034606933594,7.975582599639893
147.0,22.5,41.57978820800781,78.84990692138672,27.058876037597656,214.8584442138672,7.975582599639893
148.0,22.5,41.17962646484375,78.85282135009766,27.068439483642578,214.0330352783203,7.975582599639893
149.0,22.5,40.7645378112793,78.82481384277344,27.078357696533203,213.20692443847656,7.975582599639893
150.0,22.5,40.63391876220703,79.03316497802734,27.081480026245117,212.51560974121094,7.975582599639893
151.0,22.5,40.528160095214844,79.25081634521484,27.084007263183594,211.83358764648438,7.975582599639893
152.0,22.5,40.60889434814453,79.62513732910156,27.082077026367188,211.2274169921875,7.975582599639893
153.0,22.5,40.28860092163086,79.62226867675781,27.089731216430664,210.4524383544922,7.975582599639893
154.0,22.5,40.60736083984375,80.19310760498047,27.082115173339844,209.92919921875,7.975582599639893
155.0,22.5,40.59636688232422,80.45049285888672,27.08237648010254,209.2691192626953,7.975582599639893
156.0,22.5,40.636287689208984,80.74388122558594,27.081422805786133,208.62277221679688,7.975582599639893
157.0,22.5,41.4892463684082,81.79145812988281,27.061038970947266,208.24464416503906,7.975582599639893
158.0,22.5,42.09743118286133,82.60536193847656,27.046506881713867,207.75582885742188,7.975582599639893
149.0,16.875,42.17512893676758,80.11833190917969,27.288022994995117,213.78761291503906,7.975582599639893
150.0,16.875,42.31134033203125,80.57508850097656,27.285554885864258,213.19322204589844,7.975582599639893
151.0,16.875,42.17582321166992,80.77738189697266,27.28801155090332,212.47152709960938,7.975582599639893
152.0,16.875,41.872230529785156,80.81322479248047,27.293514251708984,211.6786651611328,7.975582599639893
153.0,16.875,42.13934326171875,81.3560562133789,27.288671493530273,211.11834716796875,7.975582599639893
154.0,16.875,41.86451721191406,81.3905029296875,27.29365348815918,210.33636474609375,7.975582599639893
