angle,vert_angle,dist,x,y,z,height
48.0,22.5,49.85409164428711,27.178741455078125,12.453529357910156,57.170318603515625,7.995332717895508
49.0,22.5,49.67584991455078,27.954105377197266,12.509296417236328,56.8416862487793,7.995332717895508
50.0,22.5,49.52992248535156,28.727569580078125,12.55495548248291,56.53012466430664,7.995332717895508
51.0,22.5,49.42881393432617,29.503328323364258,12.586591720581055,56.24700164794922,7.995332717895508
52.0,22.5,49.29969024658203,30.265581130981445,12.62699031829834,55.92507553100586,7.995332717895508
53.0,22.5,49.32075119018555,31.059040069580078,12.620401382446289,55.72767639160156,7.995332717895508
54.0,22.5,49.249637603759766,31.823862075805664,12.642650604248047,55.43257522583008,7.995332717895508
55.0,22.5,49.226417541503906,32.59625244140625,12.64991569519043,55.167823791503906,7.995332717895508
56.0,22.5,49.30757522583008,33.39561080932617,12.624524116516113,54.98355484008789,7.995332717895508
57.0,22.5,49.31025314331055,34.16755676269531,12.623687744140625,54.71481704711914,7.995332717895508
58.0,22.5,49.4337158203125,34.975608825683594,12.585058212280273,54.53982925415039,7.995332717895508
59.0,22.5,49.57225799560547,35.7877311706543,12.54171085357666,54.363304138183594,7.995332717895508
60.0,22.5,49.68077087402344,36.58768844604492,12.507758140563965,54.145484924316406,7.995332717895508
61.0,22.5,49.84587860107422,37.407127380371094,12.456100463867188,53.96217727661133,7.995332717895508
