angle,vert_angle,dist,x,y,z,height
0.0,-22.5,45.383514404296875,166.47276306152344,49.9365234375,133.77830505371094,19.982707977294922
1.0,-22.5,44.97483825683594,166.42343139648438,49.83575439453125,134.63758850097656,19.982707977294922
2.0,-22.5,45.163299560546875,165.8872833251953,49.88222885131836,135.2094268798828,19.982707977294922
3.0,-22.5,45.88690948486328,164.9025115966797,50.06065368652344,135.54840087890625,19.982707977294922
358.0,-22.5,46.73351287841797,166.19546508789062,50.2694091796875,131.76292419433594,19.982707977294922
359.0,-22.5,45.21676254272461,167.01271057128906,49.895408630371094,133.2111358642578,19.982707977294922
