angle,vert_angle,dist,x,y,z,height
269.0,22.5,49.986541748046875,49.699214935302734,14.258429527282715,57.90217971801758,7.990475654602051
270.0,22.5,49.74793243408203,50.456459045410156,14.324271202087402,58.32521438598633,7.990475654602051
271.0,22.5,49.53307342529297,51.20249938964844,14.383563041687012,58.748905181884766,7.990475654602051
272.0,22.5,49.357460021972656,51.927913665771484,14.432024955749512,59.18510437011719,7.990475654602051
273.0,22.5,49.24950408935547,52.615962982177734,14.46181583404541,59.65570068359375,7.990475654602051
274.0,22.5,49.13444900512695,53.31511688232422,14.493561744689941,60.10779571533203,7.990475654602051
275.0,22.5,49.11591339111328,53.9621467590332,14.498679161071777,60.61846923828125,7.990475654602051
276.0,22.5,49.04093933105469,54.65117263793945,14.519369125366211,61.074851989746094,7.990475654602051
277.0,22.5,49.05209732055664,55.29719924926758,14.516287803649902,61.58445739746094,7.990475654602051
278.0,22.5,49.08709716796875,55.938724517822266,14.506631851196289,62.10137939453125,7.990475654602051
279.0,22.5,49.128875732421875,56.58588790893555,14.495101928710938,62.61268997192383,7.990475654602051
280.0,22.5,49.24999237060547,57.19978713989258,14.461679458618164,63.17622375488281,7.990475654602051
281.0,22.5,49.37841033935547,57.82130813598633,14.426241874694824,63.73597717285156,7.990475654602051
282.0,22.5,49.55356979370117,58.430484771728516,14.37790584564209,64.32403564453125,7.990475654602051
283.0,22.5,49.78369140625,59.02513885498047,14.31440544128418,64.94820404052734,7.990475654602051
284.0,22.5,49.98691940307617,59.64683151245117,14.258322715759277,65.54145812988281,7.990475654602051
