angle,vert_angle,dist,x,y,z,height
271.0,22.5,49.862274169921875,51.61272048950195,15.050154685974121,59.698177337646484,7.990870475769043
272.0,22.5,49.776885986328125,52.314273834228516,15.072421073913574,60.16640853881836,7.990870475769043
273.0,22.5,49.687007904052734,53.025447845458984,15.095856666564941,60.61802291870117,7.990870475769043
274.0,22.5,49.670127868652344,53.700923919677734,15.10025405883789,61.11262893676758,7.990870475769043
275.0,22.5,49.638771057128906,54.39287567138672,15.10843276977539,61.58387756347656,7.990870475769043
276.0,22.5,49.6517333984375,55.06808853149414,15.10505485534668,62.077789306640625,7.990870475769043
277.0,22.5,49.73991394042969,55.71156311035156,15.08205795288086,62.62028121948242,7.990870475769043
278.0,22.5,49.82010269165039,56.3698616027832,15.061149597167969,63.145816802978516,7.990870475769043
279.0,22.5,49.94412612915039,57.01603317260742,15.028810501098633,63.69644546508789,7.990870475769043
