angle,vert_angle,dist,x,y,z,height
2.0,22.5,24.3312931060791,156.6790771484375,50.14506530761719,130.29908752441406,28.0982723236084
3.0,22.5,22.549222946166992,157.0217742919922,49.871646881103516,128.52517700195312,28.0982723236084
4.0,22.5,21.940235137939453,157.37344360351562,49.77821350097656,127.9041976928711,28.0982723236084
5.0,22.5,21.509885787963867,157.71759033203125,49.712188720703125,127.45388793945312,28.0982723236084
6.0,22.5,20.932958602905273,158.0325469970703,49.62367248535156,126.85411071777344,28.0982723236084
7.0,22.5,20.80249786376953,158.37701416015625,49.60365295410156,126.68831634521484,28.0982723236084
8.0,22.5,20.576316833496094,158.70396423339844,49.56895446777344,126.42302703857422,28.0982723236084
9.0,22.5,20.269987106323242,159.0106658935547,49.52195358276367,126.07428741455078,28.0982723236084
10.0,22.5,20.25869369506836,159.35411071777344,49.52022171020508,126.00862121582031,28.0982723236084
11.0,22.5,20.24034881591797,159.6949005126953,49.51740646362305,125.9301528930664,28.0982723236084
12.0,22.5,20.1777286529541,160.0252227783203,49.5078010559082,125.80294036865234,28.0982723236084
13.0,22.5,20.094144821166992,160.34774780273438,49.494972229003906,125.64997863769531,28.0982723236084
14.0,22.5,19.9971923828125,160.66307067871094,49.4801025390625,125.47888946533203,28.0982723236084
15.0,22.5,20.062166213989258,161.0137939453125,49.49007034301758,125.4576416015625,28.0982723236084
16.0,22.5,20.227855682373047,161.39175415039062,49.5154914855957,125.52589416503906,28.0982723236084
17.0,22.5,20.46572494506836,161.79383850097656,49.55198669433594,125.65514373779297,28.0982723236084
18.0,22.5,20.81828498840332,162.23611450195312,49.6060791015625,125.88424682617188,28.0982723236084
19.0,22.5,21.111980438232422,162.66966247558594,49.65113830566406,126.04855346679688,28.0982723236084
20.0,22.5,21.39597511291504,163.10760498046875,49.69470977783203,126.194580078125,28.0982723236084
21.0,22.5,21.73303985595703,163.57098388671875,49.746421813964844,126.3803939819336,28.0982723236084
22.0,22.5,22.488691329956055,164.19451904296875,49.86235809326172,126.94087219238281,28.0982723236084
23.0,22.5,23.18722915649414,164.8182373046875,49.96953582763672,127.43335723876953,28.0982723236084
