angle,vert_angle,dist,x,y,z,height
101.0,22.5,49.732574462890625,242.1277313232422,20.209840774536133,67.27466583251953,7.985736846923828
102.0,22.5,49.49250030517578,242.70175170898438,20.247699737548828,66.59805297851562,7.985736846923828
103.0,22.5,49.296119689941406,243.2856903076172,20.27866554260254,65.94893646240234,7.985736846923828
104.0,22.5,49.067771911621094,243.8365936279297,20.31467056274414,65.26643371582031,7.985736846923828
105.0,22.5,48.946990966796875,244.4373321533203,20.333721160888672,64.66083526611328,7.985736846923828
106.0,22.5,48.8327522277832,245.02980041503906,20.351734161376953,64.05117797851562,7.985736846923828
107.0,22.5,48.72672653198242,245.61520385742188,20.368453979492188,63.438758850097656,7.985736846923828
108.0,22.5,48.696617126464844,246.2373046875,20.37320327758789,62.874237060546875,7.985736846923828
109.0,22.5,48.667118072509766,246.84947204589844,20.377853393554688,62.299739837646484,7.985736846923828
110.0,22.5,48.75482940673828,247.52963256835938,20.364023208618164,61.800045013427734,7.985736846923828
111.0,22.5,48.79127883911133,248.16708374023438,20.358274459838867,61.25094223022461,7.985736846923828
112.0,22.5,48.94270706176758,248.8751678466797,20.334396362304688,60.771060943603516,7.985736846923828
113.0,22.5,49.185482025146484,249.64117431640625,20.296112060546875,60.34003829956055,7.985736846923828
114.0,22.5,49.325286865234375,250.3284149169922,20.274065017700195,59.82297897338867,7.985736846923828
115.0,22.5,49.60468292236328,251.11013793945312,20.23000717163086,59.38499450683594,7.985736846923828
116.0,22.5,49.95368576049805,251.93893432617188,20.174976348876953,58.97521209716797,7.985736846923828
