angle,vert_angle,dist,x,y,z,height
272.0,22.5,49.92301940917969,257.2157897949219,20.249828338623047,58.37797164916992,7.996671676635742
273.0,22.5,49.82639694213867,258.0560302734375,20.26492691040039,58.583839416503906,7.996671676635742
274.0,22.5,49.78163528442383,258.88177490234375,20.271921157836914,58.822994232177734,7.996671676635742
275.0,22.5,49.753387451171875,259.7059020996094,20.276336669921875,59.063011169433594,7.996671676635742
276.0,22.5,49.763763427734375,260.5227355957031,20.274715423583984,59.32502746582031,7.996671676635742
277.0,22.5,49.906986236572266,261.30889892578125,20.252330780029297,59.69917678833008,7.996671676635742
278.0,22.5,49.986289978027344,262.1197814941406,20.23993682861328,59.99910354614258,7.996671676635742
