angle,vert_angle,dist,x,y,z,height
300.0,22.5,49.74623489379883,151.734130859375,19.02056312561035,82.03639221191406,7.995893955230713
301.0,22.5,49.232887268066406,152.5450439453125,19.11375617980957,81.47186279296875,7.995893955230713
302.0,22.5,48.884613037109375,153.35313415527344,19.176979064941406,81.05560302734375,7.995893955230713
303.0,22.5,48.61444091796875,154.15672302246094,19.226028442382812,80.70223999023438,7.995893955230713
304.0,22.5,48.27849578857422,154.94085693359375,19.287015914916992,80.27136993408203,7.995893955230713
305.0,22.5,48.09637451171875,155.73431396484375,19.320077896118164,79.97724914550781,7.995893955230713
306.0,22.5,47.88560104370117,156.51470947265625,19.358341217041016,79.64204406738281,7.995893955230713
307.0,22.5,47.75581741333008,157.30027770996094,19.38190460205078,79.37218475341797,7.995893955230713
308.0,22.5,47.70137023925781,158.09371948242188,19.39178466796875,79.16165924072266,7.995893955230713
309.0,22.5,47.62826919555664,158.8784637451172,19.40505599975586,78.91960906982422,7.995893955230713
310.0,22.5,47.60674285888672,159.6696014404297,19.408966064453125,78.71347045898438,7.995893955230713
311.0,22.5,47.65998840332031,160.47518920898438,19.39929962158203,78.56480407714844,7.995893955230713
312.0,22.5,47.73399353027344,161.28448486328125,19.3858642578125,78.4215087890625,7.995893955230713
313.0,22.5,47.831092834472656,162.0988311767578,19.368236541748047,78.28553771972656,7.995893955230713
314.0,22.5,48.042724609375,162.94638061523438,19.329814910888672,78.24222564697266,7.995893955230713
315.0,22.5,48.261566162109375,163.7987518310547,19.290090560913086,78.18971252441406,7.995893955230713
316.0,22.5,48.58711242675781,164.68887329101562,19.23099136352539,78.21994018554688,7.995893955230713
317.0,22.5,48.95390701293945,165.5989227294922,19.16440200805664,78.27066802978516,7.995893955230713
318.0,22.5,49.37303924560547,166.5345458984375,19.08831214904785,78.35108947753906,7.995893955230713
319.0,22.5,49.89392852783203,167.51657104492188,18.993751525878906,78.50483703613281,7.995893955230713
