angle,vert_angle,dist,x,y,z,height
306.0,22.5,49.95653533935547,49.676979064941406,35.90480422973633,120.34376525878906,9.540788650512695
307.0,22.5,49.949989318847656,49.01724624633789,35.90390396118164,120.9010009765625,9.540788650512695
313.0,-22.5,49.897125244140625,49.43754577636719,35.869163513183594,120.6121597290039,9.540788650512695
314.0,-22.5,49.988792419433594,48.71918487548828,35.88173294067383,121.09969329833984,9.540788650512695
