angle,vert_angle,dist,x,y,z,height
333.0,22.5,49.29115295410156,157.3577117919922,49.71233367919922,127.83143615722656,16.583175659179688
334.0,22.5,48.213191986083984,157.89471435546875,49.39869689941406,126.63232421875,16.583175659179688
335.0,22.5,47.670799255371094,158.5316619873047,49.24088668823242,125.92210388183594,16.583175659179688
336.0,22.5,47.55854034423828,159.2654266357422,49.208221435546875,125.59764099121094,16.583175659179688
337.0,22.5,47.398136138916016,159.97764587402344,49.16154861450195,125.21708679199219,16.583175659179688
338.0,22.5,47.639984130859375,160.8037109375,49.23191452026367,125.18960571289062,16.583175659179688
339.0,22.5,48.05763626098633,161.6895751953125,49.35343551635742,125.3047866821289,16.583175659179688
340.0,22.5,49.32278060913086,162.8699493408203,49.721534729003906,126.16075897216797,16.583175659179688
