angle,vert_angle,dist,x,y,z,height
50.0,22.5,49.053611755371094,161.1377410888672,31.596315383911133,108.2080078125,9.536722183227539
51.0,22.5,48.67802810668945,162.0642547607422,31.57682991027832,108.1205062866211,9.536722183227539
52.0,22.5,48.074623107910156,163.04888916015625,31.545520782470703,107.79717254638672,9.536722183227539
53.0,22.5,47.77511978149414,163.93463134765625,31.529983520507812,107.74565887451172,9.536722183227539
54.0,22.5,47.45581817626953,164.8193817138672,31.51341438293457,107.658203125,9.536722183227539
55.0,22.5,47.32624435424805,165.6516571044922,31.506690979003906,107.73788452148438,9.536722183227539
56.0,22.5,47.18232345581055,166.48617553710938,31.499223709106445,107.78853607177734,9.536722183227539
57.0,22.5,47.21244812011719,167.28326416015625,31.50078773498535,107.99417114257812,9.536722183227539
58.0,22.5,47.34879684448242,168.06431579589844,31.507862091064453,108.29014587402344,9.536722183227539
59.0,22.5,47.30075454711914,168.8843231201172,31.505369186401367,108.3914566040039,9.536722183227539
60.0,22.5,47.434486389160156,169.6771697998047,31.51230812072754,108.65766143798828,9.536722183227539
61.0,22.5,47.7708854675293,170.44911193847656,31.529762268066406,109.1108169555664,9.536722183227539
62.0,22.5,47.94223403930664,171.25437927246094,31.538652420043945,109.38753509521484,9.536722183227539
63.0,22.5,48.43691635131836,172.03427124023438,31.564319610595703,109.97169494628906,9.536722183227539
64.0,22.5,48.829872131347656,172.8414764404297,31.584705352783203,110.44174194335938,9.536722183227539
65.0,22.5,49.22568893432617,173.66339111328125,31.605243682861328,110.9010009765625,9.536722183227539
66.0,22.5,49.80367660522461,174.49098205566406,31.635231018066406,111.52794647216797,9.536722183227539
55.0,16.875,49.84284973144531,164.7707061767578,33.38343048095703,109.98285675048828,9.536722183227539
56.0,16.875,49.60104751586914,165.66769409179688,33.3624153137207,109.95417022705078,9.536722183227539
57.0,16.875,49.608985900878906,166.5072021484375,33.363101959228516,110.15204620361328,9.536722183227539
58.0,16.875,49.58230209350586,167.35690307617188,33.36078643798828,110.30144500732422,9.536722183227539
59.0,16.875,49.60620880126953,168.1996612548828,33.36286163330078,110.4854965209961,9.536722183227539
60.0,16.875,49.83013916015625,169.01393127441406,33.382328033447266,110.85157012939453,9.536722183227539
61.0,16.875,49.990150451660156,169.84742736816406,33.39623260498047,111.14094543457031,9.536722183227539
