angle,vert_angle,dist,x,y,z,height
327.0,22.5,49.43520736694336,154.14491271972656,46.51712417602539,126.37464141845703,14.497379302978516
328.0,22.5,48.47003173828125,154.7323760986328,46.258445739746094,125.28058624267578,14.497379302978516
329.0,22.5,47.448272705078125,155.2710418701172,45.98460388183594,124.12773132324219,14.497379302978516
330.0,22.5,47.08855056762695,155.9464111328125,45.8881950378418,123.58395385742188,14.497379302978516
331.0,22.5,46.7551383972168,156.61370849609375,45.79883575439453,123.05443572998047,14.497379302978516
332.0,22.5,46.452110290527344,157.27520751953125,45.717620849609375,122.54290008544922,14.497379302978516
333.0,22.5,46.33884811401367,157.9817352294922,45.6872673034668,122.194580078125,14.497379302978516
334.0,22.5,46.17824172973633,158.66482543945312,45.64422607421875,121.79168701171875,14.497379302978516
335.0,22.5,46.236610412597656,159.4130859375,45.65986633300781,121.57511901855469,14.497379302978516
336.0,22.5,46.29218673706055,160.1574249267578,45.67476272583008,121.3426513671875,14.497379302978516
337.0,22.5,46.65769577026367,161.01402282714844,45.77272415161133,121.3721923828125,14.497379302978516
338.0,22.5,47.21273422241211,161.95030212402344,45.92147445678711,121.55143737792969,14.497379302978516
339.0,22.5,47.92510223388672,162.9615936279297,46.11240005493164,121.84809875488281,14.497379302978516
340.0,22.5,48.84956359863281,164.07762145996094,46.360164642333984,122.30593872070312,14.497379302978516
