angle,vert_angle,dist,x,y,z,height
314.0,22.5,49.73814392089844,243.3761749267578,23.94782066345215,71.39102172851562,7.980839729309082
315.0,22.5,49.47479248046875,243.9549102783203,23.969539642333984,70.6993408203125,7.980839729309082
316.0,22.5,49.26569747924805,244.54844665527344,23.98678207397461,70.04471588134766,7.980839729309082
317.0,22.5,49.00543212890625,245.0977783203125,24.00824737548828,69.3404769897461,7.980839729309082
318.0,22.5,48.914485931396484,245.73182678222656,24.0157470703125,68.76480865478516,7.980839729309082
319.0,22.5,48.74834442138672,246.30868530273438,24.029449462890625,68.11978912353516,7.980839729309082
320.0,22.5,48.71022033691406,246.95162963867188,24.0325927734375,67.56620788574219,7.980839729309082
321.0,22.5,48.72608184814453,247.61863708496094,24.031286239624023,67.04331970214844,7.980839729309082
322.0,22.5,48.710914611816406,248.25648498535156,24.032535552978516,66.48523712158203,7.980839729309082
323.0,22.5,48.81139373779297,248.96090698242188,24.024250030517578,66.00238800048828,7.980839729309082
324.0,22.5,48.931087493896484,249.6710662841797,24.01437759399414,65.52022552490234,7.980839729309082
325.0,22.5,49.11689758300781,250.41970825195312,23.999053955078125,65.07199096679688,7.980839729309082
326.0,22.5,49.31580352783203,251.17190551757812,23.982650756835938,64.61778259277344,7.980839729309082
327.0,22.5,49.581600189208984,251.96620178222656,23.960731506347656,64.19464111328125,7.980839729309082
317.0,16.875,49.908287048339844,245.37933349609375,24.91202735900879,70.33213806152344,7.980839729309082
318.0,16.875,49.796302795410156,246.01866149902344,24.919069290161133,69.7339859008789,7.980839729309082
319.0,16.875,49.63934326171875,246.61871337890625,24.928937911987305,69.0902099609375,7.980839729309082
320.0,16.875,49.54875564575195,247.2462921142578,24.93463134765625,68.48975372314453,7.980839729309082
321.0,16.875,49.50731658935547,247.8931121826172,24.937236785888672,67.91739654541016,7.980839729309082
322.0,16.875,49.521820068359375,248.5653839111328,24.936325073242188,67.37689208984375,7.980839729309082
323.0,16.875,49.62541580200195,249.2869415283203,24.929811477661133,66.89142608642578,7.980839729309082
324.0,16.875,49.75412368774414,250.0181121826172,24.921720504760742,66.4107894897461,7.980839729309082
325.0,16.875,49.9625244140625,250.79693603515625,24.908618927001953,65.97386932373047,7.980839729309082
