angle,vert_angle,dist,x,y,z,height
246.0,-22.5,49.9878044128418,33.29985809326172,17.964778900146484,60.267601013183594,7.983786582946777
247.0,-22.5,49.88958740234375,34.13795471191406,17.98459815979004,60.07903289794922,7.983786582946777
248.0,-22.5,49.77735137939453,34.969120025634766,18.007247924804688,59.86247253417969,7.983786582946777
249.0,-22.5,49.76580810546875,35.809505462646484,18.00957489013672,59.729183197021484,7.983786582946777
250.0,-22.5,49.75848388671875,36.647918701171875,18.01105308532715,59.585357666015625,7.983786582946777
251.0,-22.5,49.79427719116211,37.49143981933594,18.003829956054688,59.46843338012695,7.983786582946777
252.0,-22.5,49.861083984375,38.339595794677734,17.990352630615234,59.366416931152344,7.983786582946777
253.0,-22.5,49.99781036376953,39.202064514160156,17.962757110595703,59.3161735534668,7.983786582946777
