angle,vert_angle,dist,x,y,z,height
183.0,-22.5,49.90791702270508,57.747623443603516,17.43196678161621,67.47527313232422,7.994782447814941
184.0,-22.5,49.854827880859375,58.28145217895508,17.443265914916992,68.13957977294922,7.994782447814941
185.0,-22.5,49.83917236328125,58.79696273803711,17.446598052978516,68.81565856933594,7.994782447814941
186.0,-22.5,49.90390396118164,59.26197052001953,17.432823181152344,69.53055572509766,7.994782447814941
187.0,-22.5,49.96357727050781,59.74391174316406,17.420124053955078,70.23499298095703,7.994782447814941
