angle,vert_angle,dist,x,y,z,height
76.0,-22.5,49.8798828125,161.80740356445312,24.92070960998535,90.5011978149414,7.981986999511719
77.0,-22.5,49.61511993408203,162.70977783203125,24.93729591369629,90.58152770996094,7.981986999511719
78.0,-22.5,49.440704345703125,163.57745361328125,24.94822120666504,90.72886657714844,7.981986999511719
79.0,-22.5,49.59101104736328,164.33628845214844,24.938804626464844,91.1654052734375,7.981986999511719
80.0,-22.5,49.81046676635742,165.0831756591797,24.925058364868164,91.6549301147461,7.981986999511719
