angle,vert_angle,dist,x,y,z,height
294.0,22.5,49.79486083984375,158.50601196289062,37.713314056396484,115.2005386352539,11.51651382446289
295.0,22.5,49.60822296142578,159.35108947753906,37.68672180175781,114.96147918701172,11.51651382446289
296.0,22.5,49.36832046508789,160.18389892578125,37.65253448486328,114.65545654296875,11.51651382446289
297.0,22.5,49.27542495727539,161.02273559570312,37.63929748535156,114.48002624511719,11.51651382446289
298.0,22.5,49.26106643676758,161.86648559570312,37.63725280761719,114.36729431152344,11.51651382446289
299.0,22.5,49.23197937011719,162.70578002929688,37.63310623168945,114.2254638671875,11.51651382446289
300.0,22.5,49.4720573425293,163.58438110351562,37.66731643676758,114.33210754394531,11.51651382446289
301.0,22.5,49.64284133911133,164.4567108154297,37.691654205322266,114.35518646240234,11.51651382446289
