angle,vert_angle,dist,x,y,z,height
215.0,-22.5,49.826602935791016,30.416423797607422,10.968791961669922,53.40791320800781,8.002132415771484
216.0,-22.5,49.72177505493164,31.214895248413086,11.004732131958008,53.212730407714844,8.002132415771484
217.0,-22.5,49.64270782470703,32.01166915893555,11.031835556030273,53.02781677246094,8.002132415771484
218.0,-22.5,49.602027893066406,32.80965805053711,11.045782089233398,52.864803314208984,8.002132415771484
219.0,-22.5,49.51520919799805,33.596248626708984,11.075546264648438,52.64537048339844,8.002132415771484
220.0,-22.5,49.48664093017578,34.38825988769531,11.085338592529297,52.466163635253906,8.002132415771484
221.0,-22.5,49.49708557128906,35.184410095214844,11.081756591796875,52.30904769897461,8.002132415771484
222.0,-22.5,49.57173538208008,35.991783142089844,11.056167602539062,52.19670867919922,8.002132415771484
223.0,-22.5,49.59612274169922,36.786563873291016,11.04780387878418,52.024269104003906,8.002132415771484
224.0,-22.5,49.65069580078125,37.58611297607422,11.02910041809082,51.86521530151367,8.002132415771484
225.0,-22.5,49.795799255371094,38.40756607055664,10.979354858398438,51.773597717285156,8.002132415771484
226.0,-22.5,49.92671585083008,39.225608825683594,10.934471130371094,51.654239654541016,8.002132415771484
