angle,vert_angle,dist,x,y,z,height
179.0,-22.5,49.9318962097168,72.08731842041016,24.897565841674805,226.94354248046875,7.993047714233398
180.0,-22.5,49.700321197509766,71.99999237060547,24.91219711303711,226.0498504638672,7.993047714233398
181.0,-22.5,49.671875,72.09732055664062,24.91399383544922,225.18943786621094,7.993047714233398
182.0,-22.5,49.51481628417969,72.05211639404297,24.92391586303711,224.3126678466797,7.993047714233398
183.0,-22.5,49.56467819213867,72.1967544555664,24.920766830444336,223.4605255126953,7.993047714233398
184.0,-22.5,49.465843200683594,72.17870330810547,24.92700958251953,222.59262084960938,7.993047714233398
185.0,-22.5,49.513954162597656,72.29170227050781,24.92397117614746,221.73667907714844,7.993047714233398
186.0,-22.5,49.50911331176758,72.3370132446289,24.92427635192871,220.87545776367188,7.993047714233398
187.0,-22.5,49.56749725341797,72.43035125732422,24.92058753967285,220.01568603515625,7.993047714233398
188.0,-22.5,49.66704177856445,72.54976654052734,24.91429901123047,219.1539764404297,7.993047714233398
189.0,-22.5,49.72710037231445,72.61473083496094,24.910503387451172,218.28872680664062,7.993047714233398
190.0,-22.5,49.89742660522461,72.77458953857422,24.899744033813477,217.4191436767578,7.993047714233398
191.0,-22.5,49.99235534667969,72.84397888183594,24.893747329711914,216.54681396484375,7.993047714233398
