angle,vert_angle,dist,x,y,z,height
53.0,22.5,49.76846694946289,154.19053649902344,16.314151763916016,75.62598419189453,7.976370811462402
54.0,22.5,49.4534912109375,155.03488159179688,16.38843536376953,75.3280258178711,7.976370811462402
55.0,22.5,49.210750579833984,155.86973571777344,16.445682525634766,75.08560943603516,7.976370811462402
56.0,22.5,48.989864349365234,156.69680786132812,16.497774124145508,74.84999084472656,7.976370811462402
57.0,22.5,48.79567337036133,157.51727294921875,16.543577194213867,74.62603759765625,7.976370811462402
58.0,22.5,48.639076232910156,158.3328857421875,16.580509185791016,74.42444610595703,7.976370811462402
59.0,22.5,48.522361755371094,159.1455841064453,16.6080322265625,74.24746704101562,7.976370811462402
60.0,22.5,48.475013732910156,159.9600830078125,16.619199752807617,74.12357330322266,7.976370811462402
61.0,22.5,48.44248962402344,160.77322387695312,16.626873016357422,73.99987030029297,7.976370811462402
62.0,22.5,48.4345817565918,161.58685302734375,16.62873649597168,73.88575744628906,7.976370811462402
63.0,22.5,48.44556427001953,162.40106201171875,16.62614631652832,73.77561950683594,7.976370811462402
64.0,22.5,48.55696105957031,163.23031616210938,16.599872589111328,73.74736022949219,7.976370811462402
65.0,22.5,48.705997467041016,164.06773376464844,16.56472396850586,73.74021911621094,7.976370811462402
66.0,22.5,48.871524810791016,164.9106903076172,16.52568817138672,73.73362731933594,7.976370811462402
67.0,22.5,49.053836822509766,165.75978088378906,16.482688903808594,73.72763061523438,7.976370811462402
68.0,22.5,49.30644989013672,166.62814331054688,16.423114776611328,73.77239227294922,7.976370811462402
69.0,22.5,49.64548110961914,167.52296447753906,16.343158721923828,73.8820571899414,7.976370811462402
70.0,22.5,49.96339416503906,168.41944885253906,16.26818084716797,73.95482635498047,7.976370811462402
