angle,vert_angle,dist,x,y,z,height
300.0,-22.5,49.93782043457031,152.56455993652344,23.2189884185791,95.4837646484375,7.969381332397461
301.0,-22.5,49.50901794433594,152.8853759765625,23.260475158691406,94.57530975341797,7.969381332397461
302.0,-22.5,48.96295928955078,153.10145568847656,23.31330680847168,93.58524322509766,7.969381332397461
303.0,-22.5,48.54460144042969,153.38623046875,23.35378074645996,92.68550872802734,7.969381332397461
304.0,-22.5,48.30103302001953,153.77911376953125,23.37734603881836,91.90322875976562,7.969381332397461
305.0,-22.5,48.03879165649414,154.14149475097656,23.402713775634766,91.1051254272461,7.969381332397461
306.0,-22.5,47.885955810546875,154.57003784179688,23.417503356933594,90.3746109008789,7.969381332397461
307.0,-22.5,47.85443115234375,155.07757568359375,23.420551300048828,89.71515655517578,7.969381332397461
308.0,-22.5,47.750511169433594,155.5166015625,23.430606842041016,89.00276184082031,7.969381332397461
309.0,-22.5,47.922019958496094,156.16024780273438,23.414012908935547,88.45015716552734,7.969381332397461
310.0,-22.5,48.06929016113281,156.77647399902344,23.399765014648438,87.86976623535156,7.969381332397461
311.0,-22.5,48.28950500488281,157.44326782226562,23.378459930419922,87.31851196289062,7.969381332397461
312.0,-22.5,48.637447357177734,158.20762634277344,23.344797134399414,86.82408905029297,7.969381332397461
313.0,-22.5,49.03160858154297,159.0050506591797,23.306663513183594,86.33661651611328,7.969381332397461
314.0,-22.5,49.70056915283203,160.0288848876953,23.241941452026367,85.97545623779297,7.969381332397461
