angle,vert_angle,dist,x,y,z,height
193.0,-22.5,49.81206130981445,138.43052673339844,29.325435638427734,158.38433837890625,8.43161392211914
194.0,-22.5,49.61193084716797,138.20933532714844,29.32095718383789,157.52207946777344,8.43161392211914
195.0,-22.5,49.59716033935547,138.15835571289062,29.320627212524414,156.65789794921875,8.43161392211914
196.0,-22.5,49.53731918334961,138.04736328125,29.31928825378418,155.798095703125,8.43161392211914
197.0,-22.5,49.5272216796875,137.97100830078125,29.319061279296875,154.93714904785156,8.43161392211914
198.0,-22.5,49.68217849731445,138.04379272460938,29.322528839111328,154.0608673095703,8.43161392211914
199.0,-22.5,49.789310455322266,138.0535125732422,29.324926376342773,153.1865234375,8.43161392211914
