angle,vert_angle,dist,x,y,z,height
261.0,22.5,49.8381233215332,254.22427368164062,21.24089813232422,59.980716705322266,7.989433288574219
262.0,22.5,49.36980056762695,255.19927978515625,21.304903030395508,59.97218704223633,7.989433288574219
263.0,22.5,48.921287536621094,256.1580505371094,21.366195678710938,59.9605598449707,7.989433288574219
264.0,22.5,48.661346435546875,257.02935791015625,21.40172004699707,60.09754943847656,7.989433288574219
265.0,22.5,48.43634796142578,257.884521484375,21.432470321655273,60.248931884765625,7.989433288574219
266.0,22.5,48.23674392700195,258.7286376953125,21.459747314453125,60.40686798095703,7.989433288574219
267.0,22.5,48.18034362792969,259.51812744140625,21.46745491027832,60.67985916137695,7.989433288574219
268.0,22.5,48.084293365478516,260.32568359375,21.4805850982666,60.90209197998047,7.989433288574219
269.0,22.5,48.10065460205078,261.0966796875,21.478347778320312,61.2140007019043,7.989433288574219
270.0,22.5,48.14935302734375,261.862548828125,21.471691131591797,61.542686462402344,7.989433288574219
271.0,22.5,48.326717376708984,262.5946044921875,21.447452545166016,61.97917175292969,7.989433288574219
272.0,22.5,48.52107620239258,263.33203125,21.42089080810547,62.41981506347656,7.989433288574219
273.0,22.5,48.70940399169922,264.08197021484375,21.39515495300293,62.842777252197266,7.989433288574219
274.0,22.5,48.95832061767578,264.82635498046875,21.361135482788086,63.311344146728516,7.989433288574219
275.0,22.5,49.289085388183594,265.5627746582031,21.31593132019043,63.84647750854492,7.989433288574219
276.0,22.5,49.67607879638672,266.3010559082031,21.263044357299805,64.42424011230469,7.989433288574219
267.0,16.875,49.923160552978516,258.27117919921875,22.87298583984375,62.245094299316406,7.989433288574219
268.0,16.875,49.76686096191406,259.1298828125,22.88920021057129,62.43335723876953,7.989433288574219
269.0,16.875,49.71847915649414,259.95068359375,22.89421844482422,62.705787658691406,7.989433288574219
270.0,16.875,49.711116790771484,260.7613220214844,22.894983291625977,63.001869201660156,7.989433288574219
271.0,16.875,49.75440979003906,261.5604248046875,22.890491485595703,63.33134078979492,7.989433288574219
272.0,16.875,49.87307357788086,262.3426818847656,22.878183364868164,63.71833801269531,7.989433288574219
