angle,vert_angle,dist,x,y,z,height
65.0,-22.5,49.70062255859375,161.63967895507812,22.196876525878906,83.41719818115234,7.982522964477539
66.0,-22.5,49.167442321777344,162.63363647460938,22.259681701660156,83.57978820800781,7.982522964477539
67.0,-22.5,48.7091064453125,163.57591247558594,22.313671112060547,83.77640533447266,7.982522964477539
68.0,-22.5,48.25482177734375,164.51278686523438,22.3671817779541,83.95469665527344,7.982522964477539
69.0,-22.5,48.0111083984375,165.3191375732422,22.395891189575195,84.27765655517578,7.982522964477539
70.0,-22.5,47.90611267089844,166.04566955566406,22.40825653076172,84.69466400146484,7.982522964477539
71.0,-22.5,47.81037139892578,166.77256774902344,22.419536590576172,85.1053466796875,7.982522964477539
72.0,-22.5,47.845542907714844,167.4315185546875,22.41539192199707,85.60946655273438,7.982522964477539
73.0,-22.5,47.93522262573242,168.06979370117188,22.404829025268555,86.14747619628906,7.982522964477539
74.0,-22.5,47.95512008666992,168.7559051513672,22.402484893798828,86.6166763305664,7.982522964477539
75.0,-22.5,48.21541213989258,169.32565307617188,22.371824264526367,87.27754974365234,7.982522964477539
76.0,-22.5,48.52849197387695,169.88409423828125,22.334945678710938,87.97586822509766,7.982522964477539
77.0,-22.5,48.89986038208008,170.4308319091797,22.291200637817383,88.71741485595703,7.982522964477539
78.0,-22.5,49.340415954589844,170.96327209472656,22.239307403564453,89.51280975341797,7.982522964477539
79.0,-22.5,49.778560638427734,171.51734924316406,22.187694549560547,90.30024719238281,7.982522964477539
