angle,vert_angle,dist,x,y,z,height
240.0,-22.5,49.79500198364258,31.29690933227539,16.89503288269043,60.09503936767578,7.983802318572998
241.0,-22.5,49.60451126098633,32.126739501953125,16.937715530395508,59.849117279052734,7.983802318572998
242.0,-22.5,49.417938232421875,32.94928741455078,16.97951889038086,59.59284210205078,7.983802318572998
243.0,-22.5,49.25318145751953,33.76654815673828,17.016429901123047,59.34370040893555,7.983802318572998
244.0,-22.5,49.15019989013672,34.58454895019531,17.039508819580078,59.14035415649414,7.983802318572998
245.0,-22.5,49.117523193359375,35.40739822387695,17.046829223632812,58.990760803222656,7.983802318572998
246.0,-22.5,49.10205078125,36.229766845703125,17.05029296875,58.843448638916016,7.983802318572998
247.0,-22.5,49.14518737792969,37.05970764160156,17.040630340576172,58.73798751831055,7.983802318572998
248.0,-22.5,49.18096160888672,37.88695526123047,17.032615661621094,58.61088943481445,7.983802318572998
249.0,-22.5,49.26987838745117,38.723793029785156,17.012691497802734,58.5197868347168,7.983802318572998
250.0,-22.5,49.39475631713867,39.5686149597168,16.984710693359375,58.447811126708984,7.983802318572998
251.0,-22.5,49.59577560424805,40.432838439941406,16.939672470092773,58.43238830566406,7.983802318572998
252.0,-22.5,49.82795715332031,41.30815887451172,16.887649536132812,58.43023681640625,7.983802318572998
