angle,vert_angle,dist,x,y,z,height
291.0,22.5,49.6048469543457,250.1895751953125,21.27307891845703,61.34839630126953,7.9800543785095215
292.0,22.5,49.340576171875,251.03672790527344,21.30919075012207,61.061153411865234,7.9800543785095215
293.0,22.5,49.07780456542969,251.87425231933594,21.3450984954834,60.7608642578125,7.9800543785095215
294.0,22.5,48.87603759765625,252.70631408691406,21.372669219970703,60.506568908691406,7.9800543785095215
295.0,22.5,48.767311096191406,253.53868103027344,21.387523651123047,60.329872131347656,7.9800543785095215
296.0,22.5,48.703094482421875,254.37075805664062,21.396299362182617,60.18268966674805,7.9800543785095215
297.0,22.5,48.71156311035156,255.20809936523438,21.395143508911133,60.09257125854492,7.9800543785095215
298.0,22.5,48.72616195678711,256.04473876953125,21.39314842224121,59.993839263916016,7.9800543785095215
299.0,22.5,48.893646240234375,256.9040222167969,21.370262145996094,60.02998352050781,7.9800543785095215
300.0,22.5,49.12541580200195,257.7779541015625,21.338590621948242,60.11331558227539,7.9800543785095215
301.0,22.5,49.33610534667969,258.653076171875,21.309799194335938,60.160152435302734,7.9800543785095215
302.0,22.5,49.776466369628906,259.58062744140625,21.2496280670166,60.413326263427734,7.9800543785095215
