angle,vert_angle,dist,x,y,z,height
261.0,22.5,49.74060821533203,50.94902038574219,14.6572904586792,58.95035934448242,7.992614269256592
262.0,22.5,49.44534683227539,51.69314956665039,14.736827850341797,59.42145919799805,7.992614269256592
263.0,22.5,49.19739532470703,52.407466888427734,14.803616523742676,59.90517044067383,7.992614269256592
264.0,22.5,48.97743225097656,53.107173919677734,14.86286735534668,60.3910026550293,7.992614269256592
265.0,22.5,48.85755920410156,53.74150466918945,14.895157814025879,60.92668914794922,7.992614269256592
266.0,22.5,48.685142517089844,54.420528411865234,14.941600799560547,61.41502380371094,7.992614269256592
267.0,22.5,48.56452941894531,55.07028579711914,14.974088668823242,61.9242057800293,7.992614269256592
268.0,22.5,48.52650451660156,55.67146682739258,14.984333038330078,62.477088928222656,7.992614269256592
269.0,22.5,48.46985626220703,56.29416275024414,14.999592781066895,63.0059928894043,7.992614269256592
270.0,22.5,48.44837951660156,56.902313232421875,15.005378723144531,63.54818344116211,7.992614269256592
271.0,22.5,48.48202896118164,57.48427200317383,14.996315956115723,64.11909484863281,7.992614269256592
272.0,22.5,48.56177520751953,58.047603607177734,14.974832534790039,64.71379852294922,7.992614269256592
273.0,22.5,48.654762268066406,58.614131927490234,14.949785232543945,65.30928802490234,7.992614269256592
274.0,22.5,48.78839874267578,59.16769790649414,14.913788795471191,65.92632293701172,7.992614269256592
275.0,22.5,48.9783821105957,59.700538635253906,14.862611770629883,66.57794189453125,7.992614269256592
276.0,22.5,49.1431884765625,60.26171112060547,14.818219184875488,67.20265197753906,7.992614269256592
277.0,22.5,49.41289138793945,60.777015686035156,14.745570182800293,67.90116119384766,7.992614269256592
278.0,22.5,49.6447639465332,61.328887939453125,14.68310546875,68.56324005126953,7.992614269256592
