angle,vert_angle,dist,x,y,z,height
299.0,22.5,49.852317810058594,157.80824279785156,34.45646286010742,112.6971435546875,9.527347564697266
300.0,22.5,49.73101806640625,158.627197265625,34.443077087402344,112.3974380493164,9.527347564697266
301.0,22.5,49.41630935668945,159.3933868408203,34.40834045410156,111.89716339111328,9.527347564697266
302.0,22.5,49.402923583984375,160.22120666503906,34.406864166259766,111.67466735839844,9.527347564697266
303.0,22.5,49.49507141113281,161.0730743408203,34.41703796386719,111.538818359375,9.527347564697266
304.0,22.5,49.534385681152344,161.908935546875,34.4213752746582,111.3373794555664,9.527347564697266
305.0,22.5,49.54499053955078,162.73313903808594,34.42254638671875,111.09398651123047,9.527347564697266
306.0,22.5,49.87590408325195,163.6549835205078,34.459068298339844,111.13780975341797,9.527347564697266
