angle,vert_angle,dist,x,y,z,height
301.0,22.5,48.75409698486328,168.9628448486328,48.16240692138672,129.1998748779297,17.600605010986328
302.0,22.5,46.84632110595703,170.10791015625,47.71436309814453,130.8687286376953,17.600605010986328
303.0,22.5,46.03317642211914,170.38107299804688,47.523399353027344,131.95074462890625,17.600605010986328
304.0,22.5,44.913421630859375,170.93954467773438,47.26042938232422,133.16229248046875,17.600605010986328
305.0,22.5,44.38453674316406,171.0231475830078,47.13621520996094,134.07391357421875,17.600605010986328
306.0,22.5,44.285667419433594,170.75584411621094,47.112998962402344,134.78347778320312,17.600605010986328
307.0,22.5,44.197792053222656,170.4921417236328,47.09235382080078,135.4913787841797,17.600605010986328
308.0,22.5,43.917362213134766,170.41053771972656,47.02650451660156,136.2827606201172,17.600605010986328
309.0,22.5,43.96610641479492,170.0534210205078,47.03794860839844,136.9388427734375,17.600605010986328
310.0,22.5,43.925270080566406,169.78738403320312,47.028358459472656,137.63641357421875,17.600605010986328
311.0,22.5,44.62896728515625,168.86483764648438,47.19362258911133,138.06182861328125,17.600605010986328
312.0,22.5,45.20370864868164,168.06207275390625,47.3286018371582,138.56016540527344,17.600605010986328
313.0,22.5,46.269981384277344,166.81690979003906,47.57901382446289,138.914794921875,17.600605010986328
314.0,22.5,47.81769561767578,165.130615234375,47.9424934387207,139.15248107910156,17.600605010986328
