angle,vert_angle,dist,x,y,z,height
260.0,-22.5,49.994937896728516,252.53759765625,19.08060646057129,57.03158187866211,7.983485698699951
