angle,vert_angle,dist,x,y,z,height
341.0,22.5,49.97616195678711,148.10842895507812,15.453015327453613,77.86790466308594,7.991654396057129
342.0,22.5,49.917724609375,148.78810119628906,15.467745780944824,77.36503601074219,7.991654396057129
343.0,22.5,49.94340515136719,149.50376892089844,15.461273193359375,76.91828918457031,7.991654396057129
344.0,22.5,49.938690185546875,150.19496154785156,15.462462425231934,76.43482971191406,7.991654396057129
345.0,22.5,49.95977783203125,150.8922576904297,15.457144737243652,75.95958709716797,7.991654396057129
