angle,vert_angle,dist,x,y,z,height
98.0,22.5,49.91659164428711,242.46510314941406,20.95516586303711,68.08495330810547,7.974771976470947
99.0,22.5,49.579708099365234,243.05763244628906,21.003063201904297,67.37873840332031,7.974771976470947
100.0,22.5,49.31483840942383,243.66864013671875,21.04072380065918,66.72673034667969,7.974771976470947
101.0,22.5,49.05628967285156,244.2675018310547,21.07748031616211,66.07185363769531,7.974771976470947
102.0,22.5,48.81273651123047,244.85899353027344,21.112112045288086,65.4215087890625,7.974771976470947
103.0,22.5,48.65465545654297,245.48193359375,21.134586334228516,64.83394622802734,7.974771976470947
104.0,22.5,48.506099700927734,246.0975799560547,21.15570640563965,64.24491119384766,7.974771976470947
105.0,22.5,48.39900207519531,246.72445678710938,21.17093276977539,63.680171966552734,7.974771976470947
106.0,22.5,48.33709716796875,247.36636352539062,21.17973518371582,63.1417121887207,7.974771976470947
107.0,22.5,48.34746170043945,248.041259765625,21.178260803222656,62.64968490600586,7.974771976470947
108.0,22.5,48.374412536621094,248.71778869628906,21.17443084716797,62.158721923828125,7.974771976470947
109.0,22.5,48.439884185791016,249.41015625,21.16512107849121,61.685245513916016,7.974771976470947
110.0,22.5,48.53472900390625,250.11383056640625,21.151636123657227,61.22120666503906,7.974771976470947
111.0,22.5,48.74664306640625,250.88699340820312,21.121505737304688,60.83097457885742,7.974771976470947
112.0,22.5,49.0178337097168,251.69546508789062,21.082948684692383,60.46824264526367,7.974771976470947
113.0,22.5,49.333351135253906,252.53102111816406,21.038089752197266,60.12018585205078,7.974771976470947
114.0,22.5,49.705162048339844,253.4031982421875,20.985225677490234,59.79375076293945,7.974771976470947
104.0,16.875,49.900089263916016,247.46978759765625,22.67111587524414,65.23654174804688,7.974771976470947
105.0,16.875,49.83417510986328,248.13653564453125,22.678224563598633,64.68118286132812,7.974771976470947
106.0,16.875,49.82341766357422,248.82554626464844,22.679386138916016,64.15876770019531,7.974771976470947
107.0,16.875,49.901771545410156,249.55966186523438,22.67093276977539,63.69438552856445,7.974771976470947
