angle,vert_angle,dist,x,y,z,height
315.0,22.5,49.750125885009766,156.83120727539062,25.41353416442871,98.88288116455078,7.966938495635986
316.0,22.5,49.2869873046875,157.22235107421875,25.438091278076172,97.98526000976562,7.966938495635986
317.0,22.5,49.07408142089844,157.75137329101562,25.449378967285156,97.27811431884766,7.966938495635986
318.0,22.5,48.71562957763672,158.1702117919922,25.4683837890625,96.45417785644531,7.966938495635986
319.0,22.5,48.44477844238281,158.62818908691406,25.482746124267578,95.69242095947266,7.966938495635986
320.0,22.5,47.99613571166992,158.94874572753906,25.506532669067383,94.79563903808594,7.966938495635986
321.0,22.5,48.15156555175781,159.66519165039062,25.498292922973633,94.33436584472656,7.966938495635986
322.0,22.5,47.922218322753906,160.10484313964844,25.510452270507812,93.58595275878906,7.966938495635986
323.0,22.5,48.130767822265625,160.84185791015625,25.4993953704834,93.13786315917969,7.966938495635986
324.0,22.5,48.66465759277344,161.81016540527344,25.471086502075195,92.89688110351562,7.966938495635986
325.0,22.5,49.23167419433594,162.804931640625,25.441022872924805,92.65443420410156,7.966938495635986
