angle,vert_angle,dist,x,y,z,height
100.0,-16.875,49.937007904052734,37.95347595214844,25.51644515991211,64.68318939208984,7.973933219909668
101.0,-16.875,49.910484313964844,38.82316207885742,25.517791748046875,64.64330291748047,7.973933219909668
102.0,-16.875,49.89359664916992,39.69195556640625,25.51865005493164,64.59786224365234,7.973933219909668
103.0,-16.875,49.946109771728516,40.563629150390625,25.51598358154297,64.60647583007812,7.973933219909668
97.0,-22.5,49.92567443847656,35.62995529174805,24.712743759155273,64.58580017089844,7.973933219909668
98.0,-22.5,49.704132080078125,36.50389862060547,24.727563858032227,64.3919677734375,7.973933219909668
99.0,-22.5,49.56452560424805,37.37007522583008,24.73690414428711,64.26460266113281,7.973933219909668
100.0,-22.5,49.49287033081055,38.232295989990234,24.741695404052734,64.18994903564453,7.973933219909668
101.0,-22.5,49.44966506958008,39.09268569946289,24.744586944580078,64.12865447998047,7.973933219909668
102.0,-22.5,49.44705581665039,39.953033447265625,24.744762420654297,64.09284973144531,7.973933219909668
103.0,-22.5,49.52294158935547,40.81766128540039,24.739686965942383,64.12018585205078,7.973933219909668
104.0,-22.5,49.636993408203125,41.68706130981445,24.732057571411133,64.1702880859375,7.973933219909668
105.0,-22.5,49.8139533996582,42.5654411315918,24.720218658447266,64.2674789428711,7.973933219909668
