angle,vert_angle,dist,x,y,z,height
243.0,22.5,49.57817840576172,275.9310302734375,17.156658172607422,145.295166015625,8.112648963928223
244.0,22.5,48.87103271484375,275.1904602050781,17.312475204467773,146.08863830566406,8.112648963928223
245.0,22.5,48.28303146362305,274.45758056640625,17.44203758239746,146.77835083007812,8.112648963928223
246.0,22.5,47.73558044433594,273.7398376464844,17.562667846679688,147.4401397705078,8.112648963928223
247.0,22.5,47.086246490478516,273.0618896484375,17.70574378967285,148.210205078125,8.112648963928223
248.0,22.5,46.54901123046875,272.38555908203125,17.82412338256836,148.88282775878906,8.112648963928223
249.0,22.5,46.20658493041992,271.68719482421875,17.899574279785156,149.38003540039062,8.112648963928223
250.0,22.5,45.9208984375,270.9898681640625,17.9625244140625,149.83428955078125,8.112648963928223
251.0,22.5,45.5530891418457,270.3260498046875,18.043567657470703,150.37680053710938,8.112648963928223
252.0,22.5,45.3552131652832,269.6321105957031,18.087169647216797,150.76980590820312,8.112648963928223
253.0,22.5,45.12415313720703,268.95782470703125,18.138080596923828,151.20486450195312,8.112648963928223
254.0,22.5,45.019989013671875,268.25665283203125,18.16103744506836,151.53274536132812,8.112648963928223
255.0,22.5,44.93714141845703,267.5562744140625,18.179288864135742,151.85256958007812,8.112648963928223
256.0,22.5,44.82008361816406,266.8742980957031,18.205081939697266,152.21546936035156,8.112648963928223
257.0,22.5,44.860382080078125,266.1455993652344,18.196203231811523,152.44622802734375,8.112648963928223
258.0,22.5,45.033302307128906,265.37188720703125,18.158100128173828,152.57000732421875,8.112648963928223
259.0,22.5,45.2396125793457,264.5849914550781,18.112640380859375,152.6784210205078,8.112648963928223
260.0,22.5,45.55490493774414,263.7536315917969,18.043163299560547,152.70484924316406,8.112648963928223
261.0,22.5,45.97831726074219,262.87335205078125,17.949874877929688,152.65245056152344,8.112648963928223
262.0,22.5,46.53125762939453,261.9303894042969,17.828035354614258,152.50497436523438,8.112648963928223
263.0,22.5,47.192344665527344,260.92864990234375,17.68236541748047,152.28421020507812,8.112648963928223
264.0,22.5,48.26799011230469,259.7232360839844,17.445350646972656,151.7292022705078,8.112648963928223
265.0,22.5,49.55793380737305,258.390869140625,17.16111946105957,151.02125549316406,8.112648963928223
