angle,vert_angle,dist,x,y,z,height
267.0,22.5,49.684539794921875,255.85215759277344,19.566967010498047,57.387882232666016,7.972109794616699
268.0,22.5,49.37135696411133,256.7503662109375,19.620450973510742,57.505577087402344,7.972109794616699
269.0,22.5,49.10515594482422,257.62548828125,19.665912628173828,57.6468391418457,7.972109794616699
270.0,22.5,48.954647064208984,258.4508056640625,19.691617965698242,57.874237060546875,7.972109794616699
271.0,22.5,48.83342742919922,259.26593017578125,19.712322235107422,58.112518310546875,7.972109794616699
272.0,22.5,48.746856689453125,260.0699157714844,19.727108001708984,58.3671760559082,7.972109794616699
273.0,22.5,48.682945251464844,260.8685607910156,19.738021850585938,58.6279296875,7.972109794616699
274.0,22.5,48.7616081237793,261.6205139160156,19.724584579467773,59.00553894042969,7.972109794616699
275.0,22.5,48.742733001708984,262.4128723144531,19.72780990600586,59.28005599975586,7.972109794616699
276.0,22.5,49.00539779663086,263.1198425292969,19.682950973510742,59.80308532714844,7.972109794616699
277.0,22.5,49.13572311401367,263.880126953125,19.660694122314453,60.19100570678711,7.972109794616699
278.0,22.5,49.36356735229492,264.6213684082031,19.621780395507812,60.65823745727539,7.972109794616699
279.0,22.5,49.66315460205078,265.35504150390625,19.57061767578125,61.18155288696289,7.972109794616699
280.0,22.5,49.94044876098633,266.1083068847656,19.523258209228516,61.67211151123047,7.972109794616699
