angle,vert_angle,dist,x,y,z,height
326.0,22.5,49.89270782470703,152.8572998046875,44.86464309692383,126.03092956542969,13.50971508026123
327.0,22.5,48.75035858154297,153.41615295410156,44.57710266113281,124.76445770263672,13.50971508026123
328.0,22.5,47.91170120239258,154.00863647460938,44.366004943847656,123.7774658203125,13.50971508026123
329.0,22.5,47.3976936340332,154.6551055908203,44.23662567138672,123.08647918701172,13.50971508026123
330.0,22.5,47.000816345214844,155.31361389160156,44.13672637939453,122.49532318115234,13.50971508026123
331.0,22.5,46.53030776977539,155.93368530273438,44.01829528808594,121.82685089111328,13.50971508026123
332.0,22.5,46.20118713378906,156.57827758789062,43.93545150756836,121.2797622680664,13.50971508026123
333.0,22.5,45.981834411621094,157.24375915527344,43.88024139404297,120.82335662841797,13.50971508026123
334.0,22.5,45.95305252075195,157.96287536621094,43.87299346923828,120.52922821044922,13.50971508026123
335.0,22.5,45.92277908325195,158.67575073242188,43.86537551879883,120.22142791748047,13.50971508026123
336.0,22.5,45.9654541015625,159.40992736816406,43.87611770629883,119.96654510498047,13.50971508026123
337.0,22.5,46.14839553833008,160.19473266601562,43.92216491699219,119.82292938232422,13.50971508026123
338.0,22.5,46.476348876953125,161.03836059570312,44.00471496582031,119.79188537597656,13.50971508026123
339.0,22.5,47.03413391113281,161.98275756835938,44.145111083984375,119.94420623779297,13.50971508026123
340.0,22.5,47.581642150878906,162.93365478515625,44.282928466796875,120.06697082519531,13.50971508026123
341.0,22.5,48.49863052368164,164.0609588623047,44.51374435424805,120.48552703857422,13.50971508026123
