angle,vert_angle,dist,x,y,z,height
192.0,-16.875,45.18752670288086,80.10169219970703,27.246580123901367,214.6061248779297,7.9737162590026855
193.0,-16.875,44.81304931640625,79.60780334472656,27.253257751464844,213.88995361328125,7.9737162590026855
194.0,-16.875,45.452049255371094,80.09866333007812,27.241865158081055,213.00254821777344,7.9737162590026855
195.0,-16.875,45.83448028564453,80.32052612304688,27.23504638671875,212.14735412597656,7.9737162590026855
196.0,-16.875,45.985504150390625,80.30023193359375,27.23235321044922,211.3323516845703,7.9737162590026855
197.0,-16.875,46.79296112060547,80.90303802490234,27.21795654296875,210.36093139648438,7.9737162590026855
198.0,-16.875,47.69200897216797,81.5739974975586,27.201929092407227,209.3424072265625,7.9737162590026855
187.0,-22.5,44.32020950317383,79.64408111572266,27.008255004882812,218.4903106689453,7.9737162590026855
188.0,-22.5,43.880706787109375,79.14933013916016,27.01860809326172,217.7552032470703,7.9737162590026855
189.0,-22.5,43.55610656738281,78.75682830810547,27.02625274658203,217.0250701904297,7.9737162590026855
190.0,-22.5,43.54610061645508,78.66459655761719,27.0264892578125,216.27073669433594,7.9737162590026855
191.0,-22.5,43.58190155029297,78.60462188720703,27.025646209716797,215.5121307373047,7.9737162590026855
192.0,-22.5,43.78316116333008,78.69482421875,27.020906448364258,214.72901916503906,7.9737162590026855
193.0,-22.5,43.89314270019531,78.68084716796875,27.018314361572266,213.95639038085938,7.9737162590026855
194.0,-22.5,43.955360412597656,78.60613250732422,27.016849517822266,213.1911163330078,7.9737162590026855
195.0,-22.5,44.13140106201172,78.6292724609375,27.01270294189453,212.403076171875,7.9737162590026855
196.0,-22.5,44.539920806884766,78.8647232055664,27.003080368041992,211.5605926513672,7.9737162590026855
197.0,-22.5,45.182369232177734,79.31099700927734,26.987947463989258,210.65174865722656,7.9737162590026855
198.0,-22.5,45.53798294067383,79.46125030517578,26.979570388793945,209.7972412109375,7.9737162590026855
199.0,-22.5,46.256465911865234,79.94413757324219,26.962646484375,208.83596801757812,7.9737162590026855
200.0,-22.5,47.762542724609375,81.1607666015625,26.927169799804688,207.62789916992188,7.9737162590026855
