angle,vert_angle,dist,x,y,z,height
5.0,-22.5,49.9353141784668,206.50523376464844,18.83417510986328,176.19093322753906,8.17664909362793
6.0,-22.5,49.72651290893555,206.3694305419922,18.873004913330078,177.05917358398438,8.17664909362793
7.0,-22.5,49.57292556762695,206.1994171142578,18.90157127380371,177.906982421875,8.17664909362793
8.0,-22.5,49.44007110595703,206.02598571777344,18.92627716064453,178.7482452392578,8.17664909362793
9.0,-22.5,49.40406036376953,205.77798461914062,18.93297576904297,179.5594482421875,8.17664909362793
10.0,-22.5,49.26939392089844,205.63662719726562,18.958023071289062,180.40403747558594,8.17664909362793
11.0,-22.5,49.26839065551758,205.3850555419922,18.958208084106445,181.21060180664062,8.17664909362793
12.0,-22.5,49.183815002441406,205.22657775878906,18.97393798828125,182.0438995361328,8.17664909362793
13.0,-22.5,49.262733459472656,204.9278106689453,18.959259033203125,182.837158203125,8.17664909362793
14.0,-22.5,49.33892822265625,204.6451873779297,18.945087432861328,183.63748168945312,8.17664909362793
15.0,-22.5,49.424232482910156,204.3675537109375,18.929224014282227,184.44186401367188,8.17664909362793
16.0,-22.5,49.64840316772461,203.9701690673828,18.887535095214844,185.22430419921875,8.17664909362793
17.0,-22.5,49.7711181640625,203.68362426757812,18.86471176147461,186.03616333007812,8.17664909362793
281.0,-22.5,49.900672912597656,265.9505615234375,18.840618133544922,148.35971069335938,8.17664909362793
282.0,-22.5,49.86804962158203,265.120849609375,18.846681594848633,148.14907836914062,8.17664909362793
283.0,-22.5,49.80873107910156,264.2813415527344,18.857717514038086,147.97845458984375,8.17664909362793
284.0,-22.5,49.98988342285156,263.4967346191406,18.82402801513672,147.59339904785156,8.17664909362793
