angle,vert_angle,dist,x,y,z,height
51.0,22.5,49.893680572509766,28.469690322875977,12.75090217590332,56.86790084838867,7.99533224105835
52.0,22.5,49.77427673339844,29.25208282470703,12.787519454956055,56.57444381713867,7.99533224105835
53.0,22.5,49.721431732177734,30.04288673400879,12.803725242614746,56.32925033569336,7.99533224105835
54.0,22.5,49.605247497558594,30.812593460083008,12.839353561401367,56.01235580444336,7.99533224105835
55.0,22.5,49.596885681152344,31.60349464416504,12.84192180633545,55.78112030029297,7.99533224105835
56.0,22.5,49.56052017211914,32.38221740722656,12.853073120117188,55.510704040527344,7.99533224105835
57.0,22.5,49.57802963256836,33.17157745361328,12.84770393371582,55.27561950683594,7.99533224105835
58.0,22.5,49.61027526855469,33.96160888671875,12.837813377380371,55.03995895385742,7.99533224105835
59.0,22.5,49.686763763427734,34.76248550415039,12.814356803894043,54.82986068725586,7.99533224105835
60.0,22.5,49.833839416503906,35.58509826660156,12.769253730773926,54.667991638183594,7.99533224105835
61.0,22.5,49.923824310302734,36.386470794677734,12.741656303405762,54.440589904785156,7.99533224105835
