angle,vert_angle,dist,x,y,z,height
41.0,22.5,49.90977096557617,19.983901977539062,10.481054306030273,58.822105407714844,7.980271339416504
42.0,22.5,49.686649322509766,20.700355529785156,10.55960464477539,58.383853912353516,7.980271339416504
43.0,22.5,49.49845886230469,21.41598892211914,10.625858306884766,57.96528625488281,7.980271339416504
44.0,22.5,49.32498550415039,22.125917434692383,10.686929702758789,57.54827880859375,7.980271339416504
45.0,22.5,49.15577697753906,22.82720375061035,10.746501922607422,57.12364959716797,7.980271339416504
46.0,22.5,49.01060485839844,23.52665138244629,10.797607421875,56.708763122558594,7.980271339416504
47.0,22.5,48.9283447265625,24.23914909362793,10.826568603515625,56.337005615234375,7.980271339416504
48.0,22.5,48.8354377746582,24.939823150634766,10.859277725219727,55.94426345825195,7.980271339416504
49.0,22.5,48.77840805053711,25.646106719970703,10.879352569580078,55.57051467895508,7.980271339416504
50.0,22.5,48.722530364990234,26.345382690429688,10.899026870727539,55.18586349487305,7.980271339416504
51.0,22.5,48.699405670166016,27.05072593688965,10.907171249389648,54.816890716552734,7.980271339416504
52.0,22.5,48.697269439697266,27.758277893066406,10.907922744750977,54.453243255615234,7.980271339416504
53.0,22.5,48.71337890625,28.46750259399414,10.902250289916992,54.09233093261719,7.980271339416504
54.0,22.5,48.833160400390625,29.218414306640625,10.860078811645508,53.803367614746094,7.980271339416504
55.0,22.5,48.826026916503906,29.905471801757812,10.862590789794922,53.3980712890625,7.980271339416504
56.0,22.5,48.94976043701172,30.649362564086914,10.81903076171875,53.08528137207031,7.980271339416504
57.0,22.5,49.106849670410156,31.406192779541016,10.763725280761719,52.7848014831543,7.980271339416504
58.0,22.5,49.22467041015625,32.13949203491211,10.722248077392578,52.439125061035156,7.980271339416504
59.0,22.5,49.40992736816406,32.904048919677734,10.657028198242188,52.13160705566406,7.980271339416504
60.0,22.5,49.59036636352539,33.66297149658203,10.593503952026367,51.80539321899414,7.980271339416504
61.0,22.5,49.81098937988281,34.44087600708008,10.515830993652344,51.49445724487305,7.980271339416504
