angle,vert_angle,dist,x,y,z,height
273.0,-16.875,49.860626220703125,264.8143310546875,28.74088478088379,122.86264038085938,13.940489768981934
274.0,-16.875,49.70721435546875,263.9396057128906,28.755264282226562,122.94339752197266,13.940489768981934
275.0,-16.875,49.55123519897461,263.0689697265625,28.76988983154297,123.0421371459961,13.940489768981934
276.0,-16.875,49.554893493652344,262.2090759277344,28.769546508789062,122.99737548828125,13.940489768981934
277.0,-16.875,49.53253936767578,261.3479309082031,28.771642684936523,122.99351501464844,13.940489768981934
278.0,-16.875,49.70286560058594,260.4880065917969,28.755674362182617,122.81285858154297,13.940489768981934
279.0,-16.875,49.84225845336914,259.62249755859375,28.742603302001953,122.67804718017578,13.940489768981934
270.0,-22.5,49.85993194580078,266.9027404785156,28.066320419311523,123.1682357788086,13.940489768981934
271.0,-22.5,49.39069366455078,265.9901123046875,28.116662979125977,123.52355194091797,13.940489768981934
272.0,-22.5,49.20792007446289,265.12005615234375,28.136272430419922,123.61219787597656,13.940489768981934
273.0,-22.5,48.99970245361328,264.2527770996094,28.158611297607422,123.74151611328125,13.940489768981934
274.0,-22.5,48.8968391418457,263.3982238769531,28.169647216796875,123.78168487548828,13.940489768981934
275.0,-22.5,48.869346618652344,262.5498046875,28.17259407043457,123.76200866699219,13.940489768981934
276.0,-22.5,48.86211013793945,261.7021789550781,28.173372268676758,123.73702239990234,13.940489768981934
277.0,-22.5,48.950828552246094,260.85552978515625,28.163854598999023,123.6314468383789,13.940489768981934
278.0,-22.5,49.08067321777344,260.00537109375,28.14992332458496,123.49977111816406,13.940489768981934
279.0,-22.5,49.333003997802734,259.14801025390625,28.122852325439453,123.26123809814453,13.940489768981934
280.0,-22.5,49.559993743896484,258.28326416015625,28.098499298095703,123.06301879882812,13.940489768981934
281.0,-22.5,49.93043899536133,257.4029541015625,28.05875587463379,122.73772430419922,13.940489768981934
