angle,vert_angle,dist,x,y,z,height
295.0,22.5,49.917118072509766,159.4242401123047,36.3414306640625,113.77229309082031,10.377032279968262
296.0,22.5,49.91206359863281,160.27430725097656,36.34074783325195,113.6219711303711,10.377032279968262
297.0,22.5,49.77265167236328,161.09568786621094,36.32199478149414,113.32625579833984,10.377032279968262
298.0,22.5,49.88498306274414,161.962158203125,36.33710479736328,113.26055145263672,10.377032279968262
299.0,22.5,49.88555908203125,162.80389404296875,36.337181091308594,113.0715103149414,10.377032279968262
