angle,vert_angle,dist,x,y,z,height
0.0,-22.5,44.79141616821289,172.38763427734375,45.85160827636719,134.61390686035156,17.62993049621582
1.0,-22.5,44.28919219970703,172.38540649414062,45.74781036376953,135.51939392089844,17.62993049621582
2.0,-22.5,44.067413330078125,172.16958618164062,45.70197296142578,136.2741241455078,17.62993049621582
3.0,-22.5,43.72856521606445,172.06761169433594,45.63193893432617,137.08740234375,17.62993049621582
4.0,-22.5,43.57601547241211,171.8240966796875,45.60041046142578,137.80755615234375,17.62993049621582
5.0,-22.5,43.745887756347656,171.31723022460938,45.63551712036133,138.3790283203125,17.62993049621582
6.0,-22.5,43.79958724975586,170.9198760986328,45.6466178894043,139.01431274414062,17.62993049621582
7.0,-22.5,44.25400161743164,170.18238830566406,45.740535736083984,139.48228454589844,17.62993049621582
8.0,-22.5,44.644569396972656,169.50616455078125,45.821258544921875,139.99693298339844,17.62993049621582
9.0,-22.5,45.31133270263672,168.59031677246094,45.959068298339844,140.41725158691406,17.62993049621582
10.0,-22.5,46.14774703979492,167.52508544921875,46.131935119628906,140.79771423339844,17.62993049621582
11.0,-22.5,47.081321716308594,166.37326049804688,46.32489013671875,141.17344665527344,17.62993049621582
356.0,-22.5,48.580833435058594,171.22288513183594,46.634803771972656,129.86648559570312,17.62993049621582
357.0,-22.5,47.115699768066406,171.87583923339844,46.33198928833008,131.38174438476562,17.62993049621582
358.0,-22.5,46.04072570800781,172.25909423828125,46.10981750488281,132.6434326171875,17.62993049621582
359.0,-22.5,45.216209411621094,172.472900390625,45.93940353393555,133.744384765625,17.62993049621582
