angle,vert_angle,dist,x,y,z,height
59.0,22.5,49.88895034790039,161.69699096679688,33.702571868896484,110.59296417236328,10.044252395629883
60.0,22.5,49.46116638183594,162.63986206054688,33.665771484375,110.39617919921875,10.044252395629883
61.0,22.5,49.3102912902832,163.50997924804688,33.652793884277344,110.45006561279297,10.044252395629883
62.0,22.5,48.862632751464844,164.439697265625,33.61428451538086,110.1989517211914,10.044252395629883
63.0,22.5,48.81319046020508,165.28172302246094,33.61003112792969,110.319580078125,10.044252395629883
64.0,22.5,48.64155960083008,166.14598083496094,33.59526443481445,110.30545043945312,10.044252395629883
65.0,22.5,48.657142639160156,166.9778289794922,33.59660720825195,110.4599838256836,10.044252395629883
66.0,22.5,48.76445007324219,167.79983520507812,33.6058349609375,110.69051361083984,10.044252395629883
67.0,22.5,48.94426345825195,168.6188201904297,33.621307373046875,110.97860717773438,10.044252395629883
68.0,22.5,49.24256134033203,169.43353271484375,33.64696502685547,111.37012481689453,10.044252395629883
69.0,22.5,49.39638900756836,170.27259826660156,33.66019821166992,111.60446166992188,10.044252395629883
70.0,22.5,49.79010009765625,171.1017303466797,33.694068908691406,112.06275177001953,10.044252395629883
