angle,vert_angle,dist,x,y,z,height
291.0,22.5,49.93839645385742,160.74893188476562,15.571995735168457,72.24600982666016,7.969688892364502
292.0,22.5,49.7025146484375,161.62078857421875,15.63094711303711,72.27506256103516,7.969688892364502
293.0,22.5,49.45347213745117,162.49266052246094,15.69318675994873,72.2755355834961,7.969688892364502
294.0,22.5,49.30125427246094,163.336669921875,15.731230735778809,72.35040283203125,7.969688892364502
295.0,22.5,49.14399719238281,164.18055725097656,15.77053165435791,72.4051742553711,7.969688892364502
296.0,22.5,49.0562629699707,165.0079803466797,15.792460441589355,72.51029968261719,7.969688892364502
297.0,22.5,48.98014450073242,165.8334197998047,15.811484336853027,72.61167907714844,7.969688892364502
298.0,22.5,48.9666862487793,166.6481170654297,15.814845085144043,72.7580337524414,7.969688892364502
299.0,22.5,48.979331970214844,167.4607696533203,15.811683654785156,72.91502380371094,7.969688892364502
300.0,22.5,49.043556213378906,168.26881408691406,15.795633316040039,73.10722351074219,7.969688892364502
301.0,22.5,49.14088439941406,169.07691955566406,15.771307945251465,73.31721496582031,7.969688892364502
302.0,22.5,49.25720977783203,169.88812255859375,15.742236137390137,73.53155517578125,7.969688892364502
303.0,22.5,49.48000717163086,170.69483947753906,15.686556816101074,73.83451080322266,7.969688892364502
304.0,22.5,49.690826416015625,171.51138305664062,15.633869171142578,74.11211395263672,7.969688892364502
305.0,22.5,49.99978256225586,172.33029174804688,15.556652069091797,74.47052001953125,7.969688892364502
