angle,vert_angle,dist,x,y,z,height
158.0,-22.5,49.872840881347656,24.752634048461914,10.93752670288086,56.19955825805664,7.986891746520996
159.0,-22.5,49.59891128540039,25.531240463256836,11.031524658203125,55.84636306762695,7.986891746520996
160.0,-22.5,49.39306640625,26.30843734741211,11.102161407470703,55.543514251708984,7.986891746520996
161.0,-22.5,49.20189666748047,27.07915496826172,11.167760848999023,55.24127197265625,7.986891746520996
162.0,-22.5,49.061920166015625,27.850046157836914,11.215797424316406,54.97345733642578,7.986891746520996
163.0,-22.5,48.895450592041016,28.60898208618164,11.272920608520508,54.66826629638672,7.986891746520996
164.0,-22.5,48.83716583251953,29.381614685058594,11.292919158935547,54.44968795776367,7.986891746520996
165.0,-22.5,48.734371185302734,30.139692306518555,11.328195571899414,54.177207946777344,7.986891746520996
166.0,-22.5,48.641517639160156,30.89359474182129,11.360057830810547,53.900978088378906,7.986891746520996
167.0,-22.5,48.620689392089844,31.659029006958008,11.367204666137695,53.6772575378418,7.986891746520996
168.0,-22.5,48.61632537841797,32.42448806762695,11.368705749511719,53.455135345458984,7.986891746520996
169.0,-22.5,48.633087158203125,33.19180679321289,11.362951278686523,53.238651275634766,7.986891746520996
170.0,-22.5,48.65156173706055,33.95600128173828,11.356609344482422,53.01025390625,7.986891746520996
171.0,-22.5,48.71180725097656,34.729408264160156,11.3359375,52.805458068847656,7.986891746520996
172.0,-22.5,48.785240173339844,35.50435256958008,11.310739517211914,52.59847640991211,7.986891746520996
173.0,-22.5,48.934791564941406,36.30278396606445,11.259420394897461,52.44413757324219,7.986891746520996
174.0,-22.5,49.0604362487793,37.092105865478516,11.216306686401367,52.25422286987305,7.986891746520996
175.0,-22.5,49.23472213745117,37.89802932739258,11.156499862670898,52.0916862487793,7.986891746520996
176.0,-22.5,49.43242645263672,38.71269989013672,11.088653564453125,51.93398666381836,7.986891746520996
177.0,-22.5,49.654930114746094,39.53740692138672,11.012300491333008,51.78178024291992,7.986891746520996
178.0,-22.5,49.941497802734375,40.389366149902344,10.913965225219727,51.66750717163086,7.986891746520996
