angle,vert_angle,dist,x,y,z,height
329.0,22.5,49.75825500488281,155.54042053222656,48.4022102355957,127.47511291503906,15.520526885986328
330.0,22.5,48.48590087890625,156.05911254882812,48.04157257080078,126.09828186035156,15.520526885986328
331.0,22.5,48.00077819824219,156.726318359375,47.90407180786133,125.44768524169922,15.520526885986328
332.0,22.5,47.21281433105469,157.29498291015625,47.68073654174805,124.50828552246094,15.520526885986328
333.0,22.5,47.07307815551758,158.01451110839844,47.64112854003906,124.15782928466797,15.520526885986328
334.0,22.5,46.866111755371094,158.70584106445312,47.582462310791016,123.73418426513672,15.520526885986328
335.0,22.5,46.7960205078125,159.4287567138672,47.562599182128906,123.42386627197266,15.520526885986328
336.0,22.5,47.02864074707031,160.2435302734375,47.62853240966797,123.37444305419922,15.520526885986328
337.0,22.5,47.370662689208984,161.0982666015625,47.72547149658203,123.40751647949219,15.520526885986328
338.0,22.5,47.99346923828125,162.0589141845703,47.902000427246094,123.67354583740234,15.520526885986328
339.0,22.5,48.562232971191406,163.01358032226562,48.063209533691406,123.87104797363281,15.520526885986328
340.0,22.5,49.88420486450195,164.2721405029297,48.437904357910156,124.70882415771484,15.520526885986328
