angle,vert_angle,dist,x,y,z,height
113.0,-22.5,49.97102355957031,34.927677154541016,21.670637130737305,62.70161437988281,7.970480918884277
114.0,-22.5,49.829959869384766,35.77431106567383,21.68865203857422,62.48047637939453,7.970480918884277
115.0,-22.5,49.76536178588867,36.62370681762695,21.696903228759766,62.32014846801758,7.970480918884277
116.0,-22.5,49.769752502441406,37.47849655151367,21.696340560913086,62.21294403076172,7.970480918884277
117.0,-22.5,49.849483489990234,38.342979431152344,21.686159133911133,62.16463851928711,7.970480918884277
118.0,-22.5,49.93571472167969,39.20896530151367,21.675146102905273,62.10737609863281,7.970480918884277
