angle,vert_angle,dist,x,y,z,height
162.0,-22.5,49.924835205078125,243.6105499267578,17.033737182617188,59.722007751464844,7.983144760131836
163.0,-22.5,49.900611877441406,244.25018310546875,17.03908348083496,59.1622428894043,7.983144760131836
164.0,-22.5,49.804290771484375,244.8334197998047,17.060333251953125,58.538673400878906,7.983144760131836
165.0,-22.5,49.72886657714844,245.41812133789062,17.076980590820312,57.92123031616211,7.983144760131836
166.0,-22.5,49.78844451904297,246.0809783935547,17.063831329345703,57.39069747924805,7.983144760131836
167.0,-22.5,49.81399154663086,246.7121124267578,17.058195114135742,56.824134826660156,7.983144760131836
168.0,-22.5,49.89936065673828,247.37489318847656,17.039356231689453,56.28753662109375,7.983144760131836
