angle,vert_angle,dist,x,y,z,height
334.0,22.5,49.28606414794922,156.31629943847656,49.77761459350586,129.73040771484375,17.643856048583984
335.0,22.5,47.08163070678711,156.69351196289062,49.179405212402344,127.49118041992188,17.643856048583984
336.0,22.5,46.00066375732422,157.2353515625,48.88606262207031,126.3079605102539,17.643856048583984
337.0,22.5,45.39809799194336,157.8487548828125,48.72254180908203,125.5667724609375,17.643856048583984
338.0,22.5,45.19334411621094,158.53726196289062,48.6669807434082,125.1876449584961,17.643856048583984
339.0,22.5,44.939208984375,159.2027587890625,48.598018646240234,124.75173950195312,17.643856048583984
340.0,22.5,44.84715270996094,159.901611328125,48.573036193847656,124.45480346679688,17.643856048583984
341.0,22.5,45.239986419677734,160.73651123046875,48.67964172363281,124.59048461914062,17.643856048583984
342.0,22.5,45.368263244628906,161.49777221679688,48.714447021484375,124.4684829711914,17.643856048583984
343.0,22.5,45.82980728149414,162.36756896972656,48.839698791503906,124.63426208496094,17.643856048583984
344.0,22.5,46.75376892089844,163.4055938720703,49.09042739868164,125.19815063476562,17.643856048583984
