angle,vert_angle,dist,x,y,z,height
280.0,-22.5,49.82286834716797,239.83067321777344,17.934627532958984,66.73001861572266,7.973246097564697
281.0,-22.5,49.59598922729492,240.33364868164062,17.980690002441406,66.01026916503906,7.973246097564697
282.0,-22.5,49.40019989013672,240.84140014648438,18.020448684692383,65.30708312988281,7.973246097564697
283.0,-22.5,49.232391357421875,241.35299682617188,18.054521560668945,64.61744689941406,7.973246097564697
284.0,-22.5,49.093727111816406,241.8701629638672,18.08267593383789,63.94155502319336,7.973246097564697
285.0,-22.5,49.0065803527832,242.4093780517578,18.100372314453125,63.29410934448242,7.973246097564697
286.0,-22.5,48.90455627441406,242.92568969726562,18.12108612060547,62.6282844543457,7.973246097564697
287.0,-22.5,48.888423919677734,243.4905242919922,18.12436294555664,62.01227951049805,7.973246097564697
288.0,-22.5,48.84676742553711,244.0258026123047,18.13282012939453,61.36993408203125,7.973246097564697
289.0,-22.5,48.841224670410156,244.57594299316406,18.133949279785156,60.74214553833008,7.973246097564697
290.0,-22.5,48.877357482910156,245.1461944580078,18.126609802246094,60.131202697753906,7.973246097564697
291.0,-22.5,48.97442626953125,245.7523956298828,18.106901168823242,59.54756546020508,7.973246097564697
292.0,-22.5,49.077064514160156,246.35365295410156,18.0860595703125,58.95549774169922,7.973246097564697
293.0,-22.5,49.24502944946289,246.99658203125,18.051956176757812,58.39020538330078,7.973246097564697
294.0,-22.5,49.43151092529297,247.64588928222656,18.01409149169922,57.822181701660156,7.973246097564697
295.0,-22.5,49.629676818847656,248.29640197753906,17.973854064941406,57.24689483642578,7.973246097564697
296.0,-22.5,49.93534469604492,249.02586364746094,17.911787033081055,56.716575622558594,7.973246097564697
