angle,vert_angle,dist,x,y,z,height
94.0,-22.5,30.75963020324707,256.19586181640625,45.032012939453125,90.65827178955078,20.84926414489746
95.0,-22.5,29.385316848754883,256.94012451171875,44.78462600708008,89.41730499267578,20.84926414489746
96.0,-22.5,28.970535278320312,257.4990234375,44.709964752197266,89.09320068359375,20.84926414489746
97.0,-22.5,28.90606689453125,257.99981689453125,44.69835662841797,89.09999084472656,20.84926414489746
98.0,-22.5,29.413734436035156,258.4353332519531,44.78974151611328,89.65702056884766,20.84926414489746
99.0,-22.5,29.54377555847168,258.9251403808594,44.81315231323242,89.83757019042969,20.84926414489746
100.0,-22.5,29.87126922607422,259.4048156738281,44.872100830078125,90.20335388183594,20.84926414489746
101.0,-22.5,30.552169799804688,259.8748779296875,44.99467086791992,90.90807342529297,20.84926414489746
102.0,-22.5,32.047786712646484,260.3331604003906,45.26388931274414,92.40571594238281,20.84926414489746
