angle,vert_angle,dist,x,y,z,height
250.0,22.5,49.573486328125,271.6741027832031,18.322856903076172,146.5614013671875,8.10783863067627
251.0,22.5,49.12632369995117,270.9250793457031,18.410892486572266,147.1481170654297,8.10783863067627
252.0,22.5,48.75526428222656,270.17822265625,18.483949661254883,147.67332458496094,8.10783863067627
253.0,22.5,48.50071716308594,269.4208679199219,18.53406524658203,148.09886169433594,8.10783863067627
254.0,22.5,48.315879821777344,268.6585693359375,18.570457458496094,148.47024536132812,8.10783863067627
255.0,22.5,48.021759033203125,267.9339599609375,18.62836456298828,148.95750427246094,8.10783863067627
256.0,22.5,47.99619674682617,267.14959716796875,18.63339614868164,149.2030487060547,8.10783863067627
257.0,22.5,47.93659591674805,266.3799133300781,18.645132064819336,149.49400329589844,8.10783863067627
258.0,22.5,48.1102294921875,265.54522705078125,18.610946655273438,149.5807342529297,8.10783863067627
259.0,22.5,48.28392028808594,264.7093200683594,18.57674789428711,149.68292236328125,8.10783863067627
260.0,22.5,48.79612350463867,263.7582702636719,18.47590446472168,149.48907470703125,8.10783863067627
261.0,22.5,49.02716827392578,262.89520263671875,18.430416107177734,149.57205200195312,8.10783863067627
262.0,22.5,49.729949951171875,261.8557434082031,18.292049407958984,149.24313354492188,8.10783863067627
