angle,vert_angle,dist,x,y,z,height
135.0,-22.5,49.77843475341797,245.74728393554688,21.854230880737305,65.62652587890625,7.977623462677002
136.0,-22.5,49.5469970703125,246.39828491210938,21.883041381835938,65.01945495605469,7.977623462677002
137.0,-22.5,49.387489318847656,247.0703125,21.902894973754883,64.46512603759766,7.977623462677002
138.0,-22.5,49.2573356628418,247.7449493408203,21.919097900390625,63.92563247680664,7.977623462677002
139.0,-22.5,49.204750061035156,248.4484405517578,21.925643920898438,63.44118118286133,7.977623462677002
140.0,-22.5,49.155086517333984,249.14413452148438,21.931825637817383,62.94746398925781,7.977623462677002
141.0,-22.5,49.19218063354492,249.8779754638672,21.927207946777344,62.51388931274414,7.977623462677002
142.0,-22.5,49.245948791503906,250.61404418945312,21.920515060424805,62.080841064453125,7.977623462677002
143.0,-22.5,49.418148040771484,251.41152954101562,21.899080276489258,61.73008346557617,7.977623462677002
144.0,-22.5,49.59962844848633,252.21067810058594,21.87649154663086,61.37109375,7.977623462677002
145.0,-22.5,49.81850051879883,253.02853393554688,21.8492431640625,61.025753021240234,7.977623462677002
