angle,vert_angle,dist,x,y,z,height
264.0,22.5,49.737388610839844,50.13290023803711,14.088178634643555,57.90950012207031,7.988552093505859
265.0,22.5,49.41278839111328,50.900917053222656,14.179317474365234,58.3531379699707,7.988552093505859
266.0,22.5,49.14775848388672,51.62983322143555,14.253724098205566,58.81662368774414,7.988552093505859
267.0,22.5,48.920318603515625,52.33694839477539,14.31757640838623,59.28810119628906,7.988552093505859
268.0,22.5,48.75362777709961,53.00691604614258,14.364376068115234,59.78404998779297,7.988552093505859
269.0,22.5,48.61032485961914,53.6673698425293,14.404609680175781,60.28179931640625,7.988552093505859
270.0,22.5,48.47328186035156,54.3304557800293,14.443087577819824,60.770450592041016,7.988552093505859
271.0,22.5,48.36448669433594,54.98147201538086,14.473631858825684,61.265323638916016,7.988552093505859
272.0,22.5,48.339378356933594,55.58485412597656,14.480682373046875,61.80616760253906,7.988552093505859
273.0,22.5,48.271759033203125,56.22463607788086,14.49966812133789,62.30585479736328,7.988552093505859
274.0,22.5,48.261863708496094,56.83576583862305,14.502442359924316,62.835296630859375,7.988552093505859
275.0,22.5,48.33673858642578,57.40353775024414,14.481423377990723,63.4161376953125,7.988552093505859
276.0,22.5,48.381412506103516,58.000606536865234,14.468879699707031,63.96527862548828,7.988552093505859
277.0,22.5,48.499794006347656,58.56412124633789,14.435643196105957,64.56007385253906,7.988552093505859
278.0,22.5,48.64922332763672,59.12155532836914,14.39369010925293,65.16993713378906,7.988552093505859
279.0,22.5,48.77394104003906,59.70549774169922,14.358677864074707,65.75228881835938,7.988552093505859
280.0,22.5,48.98027801513672,60.256195068359375,14.300742149353027,66.38967895507812,7.988552093505859
281.0,22.5,49.21573257446289,60.80514144897461,14.234640121459961,67.04248809814453,7.988552093505859
282.0,22.5,49.512977600097656,61.336299896240234,14.151185989379883,67.73747253417969,7.988552093505859
283.0,22.5,49.79678726196289,61.89057540893555,14.071504592895508,68.41486358642578,7.988552093505859
