angle,vert_angle,dist,x,y,z,height
0.0,22.5,49.78219985961914,144.82220458984375,11.72532844543457,72.70269775390625,8.009502410888672
1.0,22.5,49.6729736328125,145.46868896484375,11.761159896850586,72.18801879882812,8.009502410888672
2.0,22.5,49.63972473144531,146.1435089111328,11.772064208984375,71.723388671875,8.009502410888672
3.0,22.5,49.6163330078125,146.81483459472656,11.779733657836914,71.25509643554688,8.009502410888672
4.0,22.5,49.63456726074219,147.50006103515625,11.773754119873047,70.80763244628906,8.009502410888672
5.0,22.5,49.62726593017578,148.16346740722656,11.77614974975586,70.32855987548828,8.009502410888672
6.0,22.5,49.662696838378906,148.84254455566406,11.764528274536133,69.87035369873047,8.009502410888672
7.0,22.5,49.706382751464844,149.5187530517578,11.750198364257812,69.40617370605469,8.009502410888672
8.0,22.5,49.766456604003906,150.19705200195312,11.730491638183594,68.94186401367188,8.009502410888672
9.0,22.5,49.845664978027344,150.87948608398438,11.704511642456055,68.47904205322266,8.009502410888672
10.0,22.5,49.977569580078125,151.58729553222656,11.661239624023438,68.04118347167969,8.009502410888672
357.0,22.5,49.966739654541016,142.7576141357422,11.664793014526367,74.06365966796875,8.009502410888672
358.0,22.5,49.851287841796875,143.42999267578125,11.702665328979492,73.57691955566406,8.009502410888672
359.0,22.5,49.78900146484375,144.1171112060547,11.72309684753418,73.12301635742188,8.009502410888672
