angle,vert_angle,dist,x,y,z,height
262.0,22.5,49.8494873046875,256.5740966796875,22.497102737426758,61.514923095703125,7.989480495452881
263.0,22.5,49.58259582519531,257.4712219238281,22.526840209960938,61.61005783081055,7.989480495452881
264.0,22.5,49.460304260253906,258.3125915527344,22.54046630859375,61.82134246826172,7.989480495452881
265.0,22.5,49.31336975097656,259.1641540527344,22.556840896606445,61.994224548339844,7.989480495452881
266.0,22.5,49.26116180419922,259.98455810546875,22.56265640258789,62.23999786376953,7.989480495452881
267.0,22.5,49.30785369873047,260.77685546875,22.557453155517578,62.56424331665039,7.989480495452881
268.0,22.5,49.42720413208008,261.55352783203125,22.544157028198242,62.94365692138672,7.989480495452881
269.0,22.5,49.54258728027344,262.3398742675781,22.531299591064453,63.306312561035156,7.989480495452881
270.0,22.5,49.707279205322266,263.12109375,22.51294708251953,63.702919006347656,7.989480495452881
271.0,22.5,49.981407165527344,263.8843688964844,22.482402801513672,64.1917953491211,7.989480495452881
