angle,vert_angle,dist,x,y,z,height
229.0,-16.875,49.967010498046875,40.9798698425293,19.4810848236084,60.50871276855469,7.994210243225098
230.0,-16.875,49.9434814453125,41.837093353271484,19.485122680664062,60.56804275512695,7.994210243225098
231.0,-16.875,49.98594665527344,42.69026184082031,19.47783660888672,60.6772346496582,7.994210243225098
223.0,-22.5,49.778839111328125,35.26615524291992,16.797744750976562,58.8097038269043,7.994210243225098
224.0,-22.5,49.47134017944336,36.154571533203125,16.867265701293945,58.69906234741211,7.994210243225098
225.0,-22.5,49.241573333740234,37.02141189575195,16.919214248657227,58.64623260498047,7.994210243225098
226.0,-22.5,48.99435043334961,37.88629913330078,16.975109100341797,58.560821533203125,7.994210243225098
227.0,-22.5,48.81180191040039,38.73562240600586,17.016380310058594,58.52187728881836,7.994210243225098
228.0,-22.5,48.66523742675781,39.576202392578125,17.049516677856445,58.502376556396484,7.994210243225098
229.0,-22.5,48.59636306762695,40.40470886230469,17.065088272094727,58.54300308227539,7.994210243225098
230.0,-22.5,48.55559539794922,41.229801177978516,17.07430648803711,58.59627151489258,7.994210243225098
231.0,-22.5,48.5507698059082,42.05197525024414,17.075397491455078,58.66994094848633,7.994210243225098
232.0,-22.5,48.59079360961914,42.872222900390625,17.066349029541016,58.772830963134766,7.994210243225098
233.0,-22.5,48.62775421142578,43.69497299194336,17.057994842529297,58.85844802856445,7.994210243225098
234.0,-22.5,48.71559524536133,44.518035888671875,17.038131713867188,58.97925567626953,7.994210243225098
235.0,-22.5,48.85794448852539,45.34372329711914,17.00594711303711,59.13880920410156,7.994210243225098
236.0,-22.5,49.06285095214844,46.174522399902344,16.959619522094727,59.34488296508789,7.994210243225098
237.0,-22.5,49.265140533447266,47.01222229003906,16.91388702392578,59.53384780883789,7.994210243225098
238.0,-22.5,49.57023620605469,47.86012649536133,16.844907760620117,59.80814743041992,7.994210243225098
239.0,-22.5,49.828338623046875,48.715423583984375,16.78655242919922,60.02166748046875,7.994210243225098
