angle,vert_angle,dist,x,y,z,height
178.0,-22.5,49.84898376464844,59.258697509765625,21.425878524780273,74.7048110961914,7.99363899230957
179.0,-22.5,49.74611282348633,59.611576080322266,21.439550399780273,75.49720764160156,7.99363899230957
180.0,-22.5,49.66044616699219,59.961524963378906,21.45093536376953,76.2871322631836,7.99363899230957
181.0,-22.5,49.63263702392578,60.270751953125,21.454631805419922,77.08879852294922,7.99363899230957
182.0,-22.5,49.613590240478516,60.58562088012695,21.457162857055664,77.88756561279297,7.99363899230957
183.0,-22.5,49.71934127807617,60.79939651489258,21.44310760498047,78.72626495361328,7.99363899230957
184.0,-22.5,49.81560134887695,61.037139892578125,21.430313110351562,79.55915832519531,7.99363899230957
185.0,-22.5,49.900970458984375,61.299922943115234,21.418970108032227,80.38496398925781,7.99363899230957
