angle,vert_angle,dist,x,y,z,height
16.0,22.5,32.684852600097656,257.19439697265625,41.935943603515625,83.54530334472656,12.33714771270752
17.0,22.5,31.73310661315918,258.16937255859375,41.62133026123047,83.17425537109375,12.33714771270752
18.0,22.5,31.342561721801758,258.80584716796875,41.49222946166992,83.19915008544922,12.33714771270752
19.0,22.5,31.03162384033203,259.3932189941406,41.389442443847656,83.2697982788086,12.33714771270752
20.0,22.5,30.779199600219727,259.9458312988281,41.30600357055664,83.37239837646484,12.33714771270752
21.0,22.5,30.721092224121094,260.3939208984375,41.28679275512695,83.6148452758789,12.33714771270752
22.0,22.5,30.776004791259766,260.7871398925781,41.30494689941406,83.93827056884766,12.33714771270752
23.0,22.5,30.800851821899414,261.2017822265625,41.31316375732422,84.23123168945312,12.33714771270752
24.0,22.5,30.95427131652832,261.55914306640625,41.36387634277344,84.62103271484375,12.33714771270752
25.0,22.5,31.182849884033203,261.8898620605469,41.43943786621094,85.06719207763672,12.33714771270752
26.0,22.5,31.38066864013672,262.2456970214844,41.50482940673828,85.48400115966797,12.33714771270752
27.0,22.5,31.754642486572266,262.5333251953125,41.628448486328125,86.04276275634766,12.33714771270752
28.0,22.5,32.263710021972656,262.7780456542969,41.79673385620117,86.71277618408203,12.33714771270752
29.0,22.5,32.735198974609375,263.0575256347656,41.95259094238281,87.3503189086914,12.33714771270752
30.0,22.5,33.509246826171875,263.2339782714844,42.208465576171875,88.24483489990234,12.33714771270752
31.0,22.5,34.29452133178711,263.43328857421875,42.468048095703125,89.151123046875,12.33714771270752
32.0,22.5,35.197479248046875,263.6166687011719,42.76653289794922,90.1611328125,12.33714771270752
33.0,22.5,36.278297424316406,263.76824951171875,43.123817443847656,91.32904052734375,12.33714771270752
