angle,vert_angle,dist,x,y,z,height
123.0,22.5,46.563907623291016,164.49078369140625,50.367557525634766,135.09170532226562,25.528993606567383
124.0,22.5,46.37437057495117,163.69268798828125,50.34257507324219,135.3030548095703,25.528993606567383
125.0,22.5,45.87763214111328,162.91854858398438,50.277099609375,135.8321990966797,25.528993606567383
126.0,22.5,45.56533432006836,162.14903259277344,50.23593521118164,136.19187927246094,25.528993606567383
127.0,22.5,45.71186065673828,161.35023498535156,50.2552490234375,136.1115264892578,25.528993606567383
128.0,22.5,46.359031677246094,160.4942169189453,50.340553283691406,135.55198669433594,25.528993606567383
129.0,22.5,46.815635681152344,159.6410369873047,50.40074157714844,135.19619750976562,25.528993606567383
130.0,22.5,48.46125030517578,158.6062774658203,50.61765670776367,133.68975830078125,25.528993606567383
