angle,vert_angle,dist,x,y,z,height
324.0,22.5,49.79640579223633,27.595138549804688,14.900232315063477,59.87866973876953,7.999455451965332
325.0,22.5,49.62358474731445,28.37306022644043,14.94587516784668,59.5282096862793,7.999455451965332
326.0,22.5,49.44105529785156,29.13957977294922,14.994083404541016,59.155860900878906,7.999455451965332
327.0,22.5,49.34929275512695,29.9199161529541,15.018319129943848,58.855342864990234,7.999455451965332
328.0,22.5,49.25895690917969,30.693769454956055,15.042176246643066,58.543006896972656,7.999455451965332
329.0,22.5,49.18226623535156,31.464553833007812,15.062433242797852,58.23020935058594,7.999455451965332
330.0,22.5,49.16218566894531,32.245853424072266,15.06773567199707,57.95618438720703,7.999455451965332
331.0,22.5,49.19618225097656,33.03934860229492,15.058754920959473,57.71784210205078,7.999455451965332
332.0,22.5,49.2698974609375,33.84248352050781,15.039288520812988,57.501380920410156,7.999455451965332
333.0,22.5,49.37005615234375,34.6522216796875,15.012834548950195,57.294227600097656,7.999455451965332
334.0,22.5,49.47088623046875,35.46003723144531,14.986205101013184,57.07294464111328,7.999455451965332
335.0,22.5,49.63734436035156,36.2906494140625,14.942240715026855,56.894981384277344,7.999455451965332
336.0,22.5,49.81836700439453,37.126434326171875,14.894431114196777,56.71418762207031,7.999455451965332
