angle,vert_angle,dist,x,y,z,height
128.0,-22.5,49.935081481933594,155.53103637695312,15.583454132080078,73.73371124267578,7.998035907745361
129.0,-22.5,49.667579650878906,156.3723907470703,15.650248527526855,73.4737548828125,7.998035907745361
130.0,-22.5,49.50444793701172,157.2073516845703,15.690977096557617,73.30025482177734,7.998035907745361
131.0,-22.5,49.350975036621094,158.03677368164062,15.729299545288086,73.12165832519531,7.998035907745361
132.0,-22.5,49.159297943115234,158.8581085205078,15.777156829833984,72.89183044433594,7.998035907745361
133.0,-22.5,49.123958587646484,159.68408203125,15.78598403930664,72.79883575439453,7.998035907745361
134.0,-22.5,49.01694869995117,160.50099182128906,15.812703132629395,72.62242126464844,7.998035907745361
135.0,-22.5,49.071964263916016,161.3308563232422,15.79896354675293,72.58782958984375,7.998035907745361
136.0,-22.5,49.053035736083984,162.15147399902344,15.803693771362305,72.46766662597656,7.998035907745361
137.0,-22.5,49.130863189697266,162.9835205078125,15.784258842468262,72.42589569091797,7.998035907745361
138.0,-22.5,49.22401428222656,163.81845092773438,15.76099967956543,72.384033203125,7.998035907745361
139.0,-22.5,49.343143463134766,164.65870666503906,15.731252670288086,72.35205841064453,7.998035907745361
140.0,-22.5,49.500877380371094,165.50772094726562,15.691868782043457,72.34165954589844,7.998035907745361
141.0,-22.5,49.754703521728516,166.37930297851562,15.628490447998047,72.40670776367188,7.998035907745361
