angle,vert_angle,dist,x,y,z,height
158.0,-22.5,49.88603591918945,27.954044342041016,11.572769165039062,55.51728820800781,7.986347198486328
159.0,-22.5,49.70914840698242,28.727079391479492,11.631196975708008,55.19597625732422,7.986347198486328
160.0,-22.5,49.61872100830078,29.509288787841797,11.66107177734375,54.94147491455078,7.986347198486328
161.0,-22.5,49.53533935546875,30.287052154541016,11.688613891601562,54.68015670776367,7.986347198486328
162.0,-22.5,49.44639205932617,31.057476043701172,11.717998504638672,54.40056228637695,7.986347198486328
163.0,-22.5,49.41465759277344,31.83597755432129,11.728479385375977,54.159969329833984,7.986347198486328
164.0,-22.5,49.44432830810547,32.62619400024414,11.71867561340332,53.961517333984375,7.986347198486328
165.0,-22.5,49.434417724609375,33.402008056640625,11.721952438354492,53.71354293823242,7.986347198486328
166.0,-22.5,49.48783874511719,34.1922721862793,11.704303741455078,53.50878143310547,7.986347198486328
167.0,-22.5,49.542274475097656,34.97998046875,11.686323165893555,53.29087829589844,7.986347198486328
168.0,-22.5,49.626182556152344,35.774391174316406,11.658607482910156,53.084999084472656,7.986347198486328
169.0,-22.5,49.77238082885742,36.587974548339844,11.610311508178711,52.91946029663086,7.986347198486328
170.0,-22.5,49.92913818359375,37.404605865478516,11.558530807495117,52.74805450439453,7.986347198486328
