angle,vert_angle,dist,x,y,z,height
201.0,-22.5,49.87989044189453,25.878721237182617,9.916740417480469,53.349884033203125,8.002140045166016
202.0,-22.5,49.68584442138672,26.683834075927734,9.987283706665039,53.15080642700195,8.002140045166016
203.0,-22.5,49.4937858581543,27.482269287109375,10.057106018066406,52.93968200683594,8.002140045166016
204.0,-22.5,49.330204010009766,28.275545120239258,10.116575241088867,52.741302490234375,8.002140045166016
205.0,-22.5,49.13862991333008,29.060413360595703,10.186223983764648,52.503326416015625,8.002140045166016
206.0,-22.5,48.985565185546875,29.841522216796875,10.241867065429688,52.287662506103516,8.002140045166016
207.0,-22.5,48.91042709350586,30.624881744384766,10.269182205200195,52.130760192871094,8.002140045166016
208.0,-22.5,48.77107238769531,31.396038055419922,10.319847106933594,51.90109634399414,8.002140045166016
209.0,-22.5,48.67314147949219,32.166744232177734,10.355445861816406,51.69647216796875,8.002140045166016
210.0,-22.5,48.66554260253906,32.94650650024414,10.358205795288086,51.56159973144531,8.002140045166016
211.0,-22.5,48.66160202026367,33.72430419921875,10.359642028808594,51.41651916503906,8.002140045166016
212.0,-22.5,48.58142852783203,34.484886169433594,10.388790130615234,51.188377380371094,8.002140045166016
213.0,-22.5,48.6231803894043,35.26523971557617,10.373611450195312,51.058040618896484,8.002140045166016
214.0,-22.5,48.66678237915039,36.04429626464844,10.357757568359375,50.91561508178711,8.002140045166016
215.0,-22.5,48.728607177734375,36.82575607299805,10.33527946472168,50.77585220336914,8.002140045166016
216.0,-22.5,48.79654312133789,37.6071662902832,10.310586929321289,50.62769317626953,8.002140045166016
217.0,-22.5,48.87461853027344,38.38969039916992,10.282203674316406,50.474639892578125,8.002140045166016
218.0,-22.5,49.004737854003906,39.185428619384766,10.234895706176758,50.35375213623047,8.002140045166016
219.0,-22.5,49.17570495605469,39.993228912353516,10.172740936279297,50.25434112548828,8.002140045166016
220.0,-22.5,49.34773635864258,40.802120208740234,10.110200881958008,50.140865325927734,8.002140045166016
221.0,-22.5,49.55268478393555,41.62242889404297,10.035694122314453,50.04098892211914,8.002140045166016
222.0,-22.5,49.750244140625,42.44140625,9.963871002197266,49.91920471191406,8.002140045166016
223.0,-22.5,49.921363830566406,43.25156021118164,9.90165901184082,49.75922775268555,8.002140045166016
