angle,vert_angle,dist,x,y,z,height
72.0,22.5,49.850914001464844,151.68292236328125,19.47024917602539,82.94915771484375,7.974609851837158
73.0,22.5,49.40195083618164,152.47128295898438,19.54753875732422,82.39957427978516,7.974609851837158
74.0,22.5,49.06700897216797,153.2598114013672,19.60519790649414,81.94839477539062,7.974609851837158
75.0,22.5,48.790626525878906,154.044677734375,19.65277862548828,81.5412826538086,7.974609851837158
76.0,22.5,48.51985168457031,154.81869506835938,19.69938850402832,81.12682342529297,7.974609851837158
77.0,22.5,48.29750442504883,155.59071350097656,19.737668991088867,80.74650573730469,7.974609851837158
78.0,22.5,48.177391052246094,156.37484741210938,19.758346557617188,80.45173645019531,7.974609851837158
79.0,22.5,48.072471618652344,157.15533447265625,19.776409149169922,80.15833282470703,7.974609851837158
80.0,22.5,47.96147537231445,157.9272918701172,19.795516967773438,79.84601593017578,7.974609851837158
81.0,22.5,47.92231369018555,158.71131896972656,19.80225944519043,79.58881378173828,7.974609851837158
82.0,22.5,47.98210525512695,159.51856994628906,19.79196548461914,79.41138458251953,7.974609851837158
83.0,22.5,48.03573226928711,160.32171630859375,19.782732009887695,79.21380615234375,7.974609851837158
84.0,22.5,48.12211990356445,161.1326446533203,19.767860412597656,79.032470703125,7.974609851837158
85.0,22.5,48.334266662597656,161.98402404785156,19.731340408325195,78.95293426513672,7.974609851837158
86.0,22.5,48.567771911621094,162.8448486328125,19.691143035888672,78.87691497802734,7.974609851837158
87.0,22.5,48.84453582763672,163.72389221191406,19.643497467041016,78.82393646240234,7.974609851837158
88.0,22.5,49.22713088989258,164.64698791503906,19.5776309967041,78.84977722167969,7.974609851837158
89.0,22.5,49.621315002441406,165.5810546875,19.50977325439453,78.86731719970703,7.974609851837158
