angle,vert_angle,dist,x,y,z,height
250.0,-22.5,49.84925079345703,247.20614624023438,17.91714859008789,57.97580337524414,7.989078521728516
251.0,-22.5,49.51300811767578,247.97915649414062,17.98550796508789,57.494571685791016,7.989078521728516
252.0,-22.5,49.250755310058594,248.7533721923828,18.038827896118164,57.0718994140625,7.989078521728516
253.0,-22.5,49.1160888671875,249.5442352294922,18.066205978393555,56.75837707519531,7.989078521728516
254.0,-22.5,48.91082763671875,250.31033325195312,18.107940673828125,56.36463928222656,7.989078521728516
255.0,-22.5,48.82521057128906,251.09677124023438,18.125343322753906,56.07152557373047,7.989078521728516
256.0,-22.5,48.76848220825195,251.8844451904297,18.136877059936523,55.79228973388672,7.989078521728516
257.0,-22.5,48.72805404663086,252.67091369628906,18.145095825195312,55.51487731933594,7.989078521728516
258.0,-22.5,48.76142883300781,253.474365234375,18.138309478759766,55.29262161254883,7.989078521728516
259.0,-22.5,48.86651611328125,254.29747009277344,18.116945266723633,55.12250518798828,7.989078521728516
260.0,-22.5,49.0865592956543,255.15802001953125,18.072208404541016,55.04307556152344,7.989078521728516
261.0,-22.5,49.24271011352539,255.9979705810547,18.040462493896484,54.88898468017578,7.989078521728516
262.0,-22.5,49.53734588623047,256.8887939453125,17.980560302734375,54.844810485839844,7.989078521728516
263.0,-22.5,49.92842102050781,257.8205871582031,17.90105438232422,54.869930267333984,7.989078521728516
