angle,vert_angle,dist,x,y,z,height
40.0,22.5,49.81606674194336,23.384021759033203,11.7177734375,58.43415069580078,7.993046760559082
41.0,22.5,49.54619216918945,24.1619873046875,11.806259155273438,58.072513580322266,7.993046760559082
42.0,22.5,49.25321578979492,24.92565155029297,11.902322769165039,57.67647933959961,7.993046760559082
43.0,22.5,49.0157470703125,25.68675994873047,11.980186462402344,57.31959915161133,7.993046760559082
44.0,22.5,48.846435546875,26.45012092590332,12.035701751708984,57.01339340209961,7.993046760559082
45.0,22.5,48.65255355834961,27.200410842895508,12.099274635314941,56.671775817871094,7.993046760559082
46.0,22.5,48.4851188659668,27.94717788696289,12.15417194366455,56.34214782714844,7.993046760559082
47.0,22.5,48.41156005859375,28.707075119018555,12.178293228149414,56.08618927001953,7.993046760559082
48.0,22.5,48.25715637207031,29.441253662109375,12.228921890258789,55.74359130859375,7.993046760559082
49.0,22.5,48.2087516784668,30.194740295410156,12.244791984558105,55.485107421875,7.993046760559082
50.0,22.5,48.19923400878906,30.953664779663086,12.247910499572754,55.24885177612305,7.993046760559082
51.0,22.5,48.134521484375,31.691957473754883,12.26913070678711,54.94987869262695,7.993046760559082
52.0,22.5,48.1463508605957,32.447635650634766,12.265251159667969,54.70671463012695,7.993046760559082
53.0,22.5,48.19428253173828,33.21086883544922,12.24953556060791,54.482364654541016,7.993046760559082
54.0,22.5,48.25946044921875,33.97669219970703,12.228163719177246,54.259639739990234,7.993046760559082
55.0,22.5,48.36949157714844,34.7554817199707,12.192085266113281,54.062435150146484,7.993046760559082
56.0,22.5,48.51255798339844,35.544654846191406,12.145176887512207,53.87966537475586,7.993046760559082
57.0,22.5,48.634498596191406,36.32451248168945,12.105195045471191,53.66399383544922,7.993046760559082
58.0,22.5,48.78563690185547,37.11404037475586,12.055636405944824,53.45888137817383,7.993046760559082
59.0,22.5,48.989051818847656,37.92387008666992,11.988941192626953,53.283267974853516,7.993046760559082
60.0,22.5,49.247833251953125,38.75737380981445,11.904088973999023,53.13859558105469,7.993046760559082
61.0,22.5,49.54792022705078,39.610416412353516,11.805694580078125,53.011817932128906,7.993046760559082
62.0,22.5,49.885494232177734,40.482696533203125,11.69500732421875,52.89874267578125,7.993046760559082
