angle,vert_angle,dist,x,y,z,height
266.0,22.5,49.510765075683594,254.29241943359375,18.66320037841797,56.03250503540039,7.972108364105225
267.0,22.5,49.04762268066406,255.25009155273438,18.75102996826172,56.0849723815918,7.972108364105225
268.0,22.5,48.65046691894531,256.16937255859375,18.826343536376953,56.1728515625,7.972108364105225
269.0,22.5,48.395286560058594,257.01666259765625,18.874736785888672,56.36332321166992,7.972108364105225
270.0,22.5,48.17460250854492,257.8474426269531,18.91658592224121,56.56681442260742,7.972108364105225
271.0,22.5,47.954898834228516,258.6778259277344,18.958248138427734,56.754886627197266,7.972108364105225
272.0,22.5,47.852596282958984,259.45758056640625,18.977649688720703,57.03041458129883,7.972108364105225
273.0,22.5,47.749481201171875,260.2408142089844,18.99720573425293,57.29084014892578,7.972108364105225
274.0,22.5,47.69710922241211,261.0066223144531,19.007137298583984,57.58234786987305,7.972108364105225
275.0,22.5,47.74530029296875,261.73809814453125,18.997997283935547,57.95101547241211,7.972108364105225
276.0,22.5,47.7707405090332,262.4850158691406,18.993173599243164,58.286468505859375,7.972108364105225
277.0,22.5,47.839378356933594,263.222900390625,18.98015594482422,58.648597717285156,7.972108364105225
278.0,22.5,47.99285125732422,263.9397277832031,18.951051712036133,59.076515197753906,7.972108364105225
279.0,22.5,48.21329116821289,264.64501953125,18.909252166748047,59.55491638183594,7.972108364105225
280.0,22.5,48.468414306640625,265.3516845703125,18.86086654663086,60.05453872680664,7.972108364105225
281.0,22.5,48.70822525024414,266.07550048828125,18.815391540527344,60.52867889404297,7.972108364105225
282.0,22.5,49.021392822265625,266.7915954589844,18.756004333496094,61.060523986816406,7.972108364105225
283.0,22.5,49.4125862121582,267.50238037109375,18.681819915771484,61.65525436401367,7.972108364105225
284.0,22.5,49.80329513549805,268.22998046875,18.60772705078125,62.23868942260742,7.972108364105225
275.0,16.875,49.98908233642578,260.0641784667969,20.872060775756836,60.05122375488281,7.972108364105225
276.0,16.875,49.95650863647461,260.86981201171875,20.876737594604492,60.36267852783203,7.972108364105225
277.0,16.875,49.975704193115234,261.6612243652344,20.87398338317871,60.70737838745117,7.972108364105225
