angle,vert_angle,dist,x,y,z,height
121.0,22.5,49.963401794433594,168.09913635253906,48.2714729309082,136.7032928466797,28.741073608398438
122.0,22.5,49.13037872314453,167.37510681152344,48.26002883911133,137.66098022460938,28.741073608398438
123.0,22.5,48.76902389526367,166.59640502929688,48.25506591796875,138.16488647460938,28.741073608398438
124.0,22.5,48.6971321105957,165.7752227783203,48.25407791137695,138.3974609375,28.741073608398438
125.0,22.5,48.565731048583984,164.9722900390625,48.25227355957031,138.70216369628906,28.741073608398438
126.0,22.5,48.4709358215332,164.1685028076172,48.25096893310547,138.98472595214844,28.741073608398438
127.0,22.5,48.596126556396484,163.31637573242188,48.252689361572266,139.06790161132812,28.741073608398438
128.0,22.5,48.67758560180664,162.4753875732422,48.253807067871094,139.20863342285156,28.741073608398438
129.0,22.5,48.94819641113281,161.5819549560547,48.25752639770508,139.1830596923828,28.741073608398438
130.0,22.5,49.231224060058594,160.67996215820312,48.26141357421875,139.16261291503906,28.741073608398438
131.0,22.5,49.89149475097656,159.65350341796875,48.270484924316406,138.8016815185547,28.741073608398438
