angle,vert_angle,dist,x,y,z,height
97.0,-16.875,49.89011764526367,36.85771179199219,25.518829345703125,64.85343933105469,7.974455833435059
98.0,-16.875,49.71870040893555,37.7315559387207,25.52753448486328,64.71443939208984,7.974455833435059
99.0,-16.875,49.64136505126953,38.59884262084961,25.531461715698242,64.65410614013672,7.974455833435059
100.0,-16.875,49.60633087158203,39.46389389038086,25.533241271972656,64.62088012695312,7.974455833435059
101.0,-16.875,49.60725784301758,40.32847595214844,25.533193588256836,64.60848999023438,7.974455833435059
102.0,-16.875,49.67167663574219,41.19536590576172,25.529922485351562,64.64435577392578,7.974455833435059
103.0,-16.875,49.79188537597656,42.067161560058594,25.52381706237793,64.72065734863281,7.974455833435059
104.0,-16.875,49.97826385498047,42.947288513183594,25.514352798461914,64.84748077392578,7.974455833435059
95.0,-22.5,49.797359466552734,35.41627502441406,24.721328735351562,64.62628936767578,7.974455833435059
96.0,-22.5,49.538246154785156,36.296390533447266,24.738664627075195,64.42549896240234,7.974455833435059
97.0,-22.5,49.378662109375,37.16438293457031,24.749338150024414,64.30838775634766,7.974455833435059
98.0,-22.5,49.24982833862305,38.026729583740234,24.757957458496094,64.20673370361328,7.974455833435059
99.0,-22.5,49.18143081665039,38.8846321105957,24.762535095214844,64.15030670166016,7.974455833435059
100.0,-22.5,49.14004898071289,39.74055480957031,24.765300750732422,64.10588073730469,7.974455833435059
101.0,-22.5,49.179405212402344,40.597259521484375,24.76266860961914,64.12705993652344,7.974455833435059
102.0,-22.5,49.25784683227539,41.45672607421875,24.757421493530273,64.17221069335938,7.974455833435059
103.0,-22.5,49.390811920166016,42.321754455566406,24.74852752685547,64.2565689086914,7.974455833435059
104.0,-22.5,49.59318923950195,43.19609451293945,24.734989166259766,64.39466857910156,7.974455833435059
105.0,-22.5,49.85484313964844,44.082122802734375,24.717483520507812,64.57601165771484,7.974455833435059
