angle,vert_angle,dist,x,y,z,height
285.0,22.5,49.876556396484375,164.55441284179688,17.497440338134766,75.27934265136719,7.968539237976074
286.0,22.5,49.792510986328125,165.3940887451172,17.515228271484375,75.43518829345703,7.968539237976074
287.0,22.5,49.729698181152344,166.2297821044922,17.528520584106445,75.59607696533203,7.968539237976074
288.0,22.5,49.73484802246094,167.05157470703125,17.527427673339844,75.80667114257812,7.968539237976074
289.0,22.5,49.74665069580078,167.8755645751953,17.524932861328125,76.0092544555664,7.968539237976074
290.0,22.5,49.876861572265625,168.6800537109375,17.497379302978516,76.31085968017578,7.968539237976074
