angle,vert_angle,dist,x,y,z,height
99.0,-11.25,49.96206283569336,39.11161804199219,26.34447479248047,65.13492584228516,7.975090503692627
100.0,-11.25,49.93130874633789,39.983009338378906,26.34552764892578,65.10955810546875,7.975090503692627
101.0,-11.25,49.92404556274414,40.85374450683594,26.345775604248047,65.09246826171875,7.975090503692627
96.0,-16.875,49.82772445678711,36.715545654296875,25.52199935913086,64.87189483642578,7.975090503692627
97.0,-16.875,49.638004302978516,37.5914306640625,25.53163719177246,64.72984313964844,7.975090503692627
98.0,-16.875,49.538414001464844,38.458858489990234,25.536693572998047,64.66238403320312,7.975090503692627
99.0,-16.875,49.49000549316406,39.322696685791016,25.539152145385742,64.63087463378906,7.975090503692627
100.0,-16.875,49.462345123291016,40.18515396118164,25.540557861328125,64.60501861572266,7.975090503692627
101.0,-16.875,49.49609375,41.04801559448242,25.538843154907227,64.62542724609375,7.975090503692627
102.0,-16.875,49.610595703125,41.9150505065918,25.53302764892578,64.71133422851562,7.975090503692627
103.0,-16.875,49.76469802856445,42.787776947021484,25.52519989013672,64.82147979736328,7.975090503692627
94.0,-22.5,49.767269134521484,35.277122497558594,24.723346710205078,64.65190887451172,7.975090503692627
95.0,-22.5,49.50749969482422,36.16012954711914,24.740724563598633,64.46581268310547,7.975090503692627
96.0,-22.5,49.317283630371094,37.0312614440918,24.753448486328125,64.33332061767578,7.975090503692627
97.0,-22.5,49.15482711791992,37.89552688598633,24.76431655883789,64.2131576538086,7.975090503692627
98.0,-22.5,49.077903747558594,38.752811431884766,24.76946258544922,64.16316223144531,7.975090503692627
99.0,-22.5,49.02201461791992,39.60765838623047,24.773202896118164,64.11917877197266,7.975090503692627
100.0,-22.5,49.03932571411133,40.46153259277344,24.772043228149414,64.13331604003906,7.975090503692627
101.0,-22.5,49.09752655029297,41.31704330444336,24.768150329589844,64.17332458496094,7.975090503692627
102.0,-22.5,49.204612731933594,42.17644119262695,24.760986328125,64.24707794189453,7.975090503692627
103.0,-22.5,49.37788391113281,43.04313659667969,24.7493953704834,64.37162017822266,7.975090503692627
104.0,-22.5,49.6108512878418,43.91976547241211,24.733810424804688,64.54015350341797,7.975090503692627
105.0,-22.5,49.9259147644043,44.8114013671875,24.71273422241211,64.77449798583984,7.975090503692627
