angle,vert_angle,dist,x,y,z,height
107.0,22.5,49.97383117675781,243.65353393554688,20.660255432128906,66.05392456054688,7.985527992248535
108.0,22.5,49.83856201171875,244.242431640625,20.68026351928711,65.41114807128906,7.985527992248535
109.0,22.5,49.72367477416992,244.83123779296875,20.697256088256836,64.77507781982422,7.985527992248535
110.0,22.5,49.67620849609375,245.45123291015625,20.70427703857422,64.1803207397461,7.985527992248535
111.0,22.5,49.66412353515625,246.08364868164062,20.706066131591797,63.60129928588867,7.985527992248535
112.0,22.5,49.636993408203125,246.69552612304688,20.7100772857666,63.00062942504883,7.985527992248535
113.0,22.5,49.72330093383789,247.3746795654297,20.697311401367188,62.47014236450195,7.985527992248535
114.0,22.5,49.799285888671875,248.0382843017578,20.686073303222656,61.91964340209961,7.985527992248535
115.0,22.5,49.903907775878906,248.71353149414062,20.670595169067383,61.37632751464844,7.985527992248535
