angle,vert_angle,dist,x,y,z,height
250.0,22.5,49.71796417236328,268.775146484375,28.29317283630371,121.8973159790039,14.119232177734375
251.0,22.5,49.24036407470703,267.9255676269531,28.34476089477539,122.38789367675781,14.119232177734375
252.0,22.5,48.97309494018555,267.0836181640625,28.37363052368164,122.68402862548828,14.119232177734375
253.0,22.5,48.74134063720703,266.2494201660156,28.398664474487305,122.9593276977539,14.119232177734375
254.0,22.5,48.525489807128906,265.4228515625,28.421979904174805,123.23310089111328,14.119232177734375
255.0,22.5,48.51210021972656,264.5854797363281,28.423425674438477,123.32059478759766,14.119232177734375
256.0,22.5,48.51606369018555,263.74798583984375,28.422996520996094,123.40552520751953,14.119232177734375
257.0,22.5,48.56843948364258,262.9057312011719,28.417339324951172,123.45735931396484,14.119232177734375
258.0,22.5,48.690120697021484,262.0533447265625,28.404197692871094,123.45587921142578,14.119232177734375
259.0,22.5,48.85711669921875,261.19146728515625,28.386157989501953,123.42518615722656,14.119232177734375
260.0,22.5,49.17002868652344,260.2997741699219,28.35235595703125,123.26744079589844,14.119232177734375
261.0,22.5,49.48910140991211,259.39892578125,28.317893981933594,123.12031555175781,14.119232177734375
262.0,22.5,49.89585494995117,258.47125244140625,28.273956298828125,122.90501403808594,14.119232177734375
