angle,vert_angle,dist,x,y,z,height
230.0,-22.5,49.999820709228516,38.551170349121094,17.86467170715332,59.2333869934082,7.992265701293945
231.0,-22.5,49.87608337402344,39.41279983520508,17.88988494873047,59.252437591552734,7.992265701293945
232.0,-22.5,49.77412414550781,40.26962661743164,17.910659790039062,59.27727127075195,7.992265701293945
233.0,-22.5,49.69863510131836,41.12193298339844,17.92603874206543,59.31264877319336,7.992265701293945
234.0,-22.5,49.656349182128906,41.97014236450195,17.934654235839844,59.3653450012207,7.992265701293945
235.0,-22.5,49.67063903808594,42.81376266479492,17.931743621826172,59.45835494995117,7.992265701293945
236.0,-22.5,49.727508544921875,43.65630340576172,17.920154571533203,59.5782356262207,7.992265701293945
237.0,-22.5,49.83413314819336,44.499351501464844,17.89842987060547,59.73210144042969,7.992265701293945
238.0,-22.5,49.942222595214844,45.346736907958984,17.87640380859375,59.87274169921875,7.992265701293945
