angle,vert_angle,dist,x,y,z,height
255.0,22.5,49.826576232910156,269.25244140625,18.73922348022461,147.3437957763672,8.10976505279541
256.0,22.5,49.746376037597656,268.4315490722656,18.754249572753906,147.5904998779297,8.10976505279541
257.0,22.5,49.58329772949219,267.6346740722656,18.784799575805664,147.9305419921875,8.10976505279541
258.0,22.5,49.4883918762207,266.8304138183594,18.802581787109375,148.2187957763672,8.10976505279541
259.0,22.5,49.405941009521484,266.02972412109375,18.81802749633789,148.50881958007812,8.10976505279541
260.0,22.5,49.63946533203125,265.1502990722656,18.77427864074707,148.5139617919922,8.10976505279541
261.0,22.5,49.801124572753906,264.2878112792969,18.743995666503906,148.60311889648438,8.10976505279541
