angle,vert_angle,dist,x,y,z,height
100.0,-22.5,49.95585250854492,36.630088806152344,24.710723876953125,64.3670425415039,7.973400115966797
101.0,-22.5,49.834991455078125,37.4962272644043,24.71881103515625,64.22813415527344,7.973400115966797
102.0,-22.5,49.81206130981445,38.36231994628906,24.72034454345703,64.17181396484375,7.973400115966797
103.0,-22.5,49.796749114990234,39.2274055480957,24.72136878967285,64.10799407958984,7.973400115966797
104.0,-22.5,49.83648681640625,40.09547424316406,24.718711853027344,64.08384704589844,7.973400115966797
105.0,-22.5,49.9437255859375,40.970394134521484,24.711536407470703,64.11150360107422,7.973400115966797
