angle,vert_angle,dist,x,y,z,height
332.0,22.5,39.974037170410156,81.26558685302734,27.31793975830078,212.77700805664062,7.974497318267822
333.0,22.5,40.192604064941406,81.80474853515625,27.31392478942871,212.28073120117188,7.974497318267822
