angle,vert_angle,dist,x,y,z,height
322.0,22.5,49.920448303222656,30.499189376831055,16.20444679260254,59.76892852783203,7.975917339324951
323.0,22.5,49.832305908203125,31.287078857421875,16.225366592407227,59.45012664794922,7.975917339324951
324.0,22.5,49.824302673339844,32.091590881347656,16.227266311645508,59.19220733642578,7.975917339324951
325.0,22.5,49.81835174560547,32.89198303222656,16.22867774963379,58.922218322753906,7.975917339324951
326.0,22.5,49.83320236206055,33.694278717041016,16.225154876708984,58.657352447509766,7.975917339324951
327.0,22.5,49.91411590576172,34.51482391357422,16.205951690673828,58.438446044921875,7.975917339324951
