angle,vert_angle,dist,x,y,z,height
111.0,22.5,49.847206115722656,260.1840515136719,35.28645324707031,114.86382293701172,14.310672760009766
112.0,22.5,49.96181869506836,259.3328857421875,35.29020690917969,114.64822387695312,14.310672760009766
