angle,vert_angle,dist,x,y,z,height
305.0,22.5,49.86577224731445,157.8014373779297,20.198993682861328,80.60962677001953,7.996333599090576
306.0,22.5,49.81501007080078,158.62745666503906,20.206989288330078,80.3685302734375,7.996333599090576
307.0,22.5,49.76447296142578,159.44834899902344,20.214946746826172,80.11347961425781,7.996333599090576
308.0,22.5,49.81920623779297,160.2914581298828,20.206327438354492,79.94458770751953,7.996333599090576
309.0,22.5,49.845069885253906,161.12435913085938,20.202255249023438,79.73339080810547,7.996333599090576
