angle,vert_angle,dist,x,y,z,height
266.0,22.5,49.92719650268555,49.26323699951172,13.765103340148926,57.13267517089844,7.9890289306640625
267.0,22.5,49.615081787109375,50.02894592285156,13.854418754577637,57.575279235839844,7.9890289306640625
268.0,22.5,49.32806396484375,50.78086471557617,13.936552047729492,58.01652145385742,7.9890289306640625
269.0,22.5,49.072975158691406,51.514686584472656,14.009549140930176,58.46178436279297,7.9890289306640625
270.0,22.5,48.87055969238281,52.21674346923828,14.067473411560059,58.9259147644043,7.9890289306640625
271.0,22.5,48.72272872924805,52.88726043701172,14.109776496887207,59.41210174560547,7.9890289306640625
272.0,22.5,48.575523376464844,53.56399154663086,14.151900291442871,59.88519287109375,7.9890289306640625
273.0,22.5,48.47041702270508,54.219459533691406,14.181975364685059,60.37408447265625,7.9890289306640625
274.0,22.5,48.38226318359375,54.87112045288086,14.20720386505127,60.86225509643555,7.9890289306640625
275.0,22.5,48.36493682861328,55.48530960083008,14.21216106414795,61.38899230957031,7.9890289306640625
276.0,22.5,48.311126708984375,56.13100051879883,14.227560997009277,61.87807846069336,7.9890289306640625
277.0,22.5,48.31989669799805,56.7464485168457,14.22504997253418,62.40164566040039,7.9890289306640625
278.0,22.5,48.392940521240234,57.332916259765625,14.204148292541504,62.96284484863281,7.9890289306640625
279.0,22.5,48.43568420410156,57.94762420654297,14.191915512084961,63.491355895996094,7.9890289306640625
280.0,22.5,48.55786895751953,58.526973724365234,14.156949996948242,64.07083129882812,7.9890289306640625
281.0,22.5,48.72893142700195,59.09096908569336,14.107999801635742,64.6795425415039,7.9890289306640625
282.0,22.5,48.898216247558594,59.66878890991211,14.05955696105957,65.27853393554688,7.9890289306640625
283.0,22.5,49.08890914916992,60.24810028076172,14.004989624023438,65.8860855102539,7.9890289306640625
284.0,22.5,49.36040496826172,60.799224853515625,13.927298545837402,66.55059814453125,7.9890289306640625
285.0,22.5,49.66352844238281,61.349971771240234,13.840556144714355,67.23368072509766,7.9890289306640625
