angle,vert_angle,dist,x,y,z,height
49.0,22.5,49.8926887512207,23.280385971069336,11.04458236694336,57.396976470947266,7.981069087982178
50.0,22.5,49.697242736816406,23.97847557067871,11.1112060546875,56.934425354003906,7.981069087982178
51.0,22.5,49.623779296875,24.709026336669922,11.136249542236328,56.5670166015625,7.981069087982178
52.0,22.5,49.51343536376953,25.418203353881836,11.17386245727539,56.15554428100586,7.981069087982178
53.0,22.5,49.4835090637207,26.14960289001465,11.184064865112305,55.801368713378906,7.981069087982178
54.0,22.5,49.43666076660156,26.867454528808594,11.200033187866211,55.42030715942383,7.981069087982178
55.0,22.5,49.42291259765625,27.5916690826416,11.204719543457031,55.05500411987305,7.981069087982178
56.0,22.5,49.37531661987305,28.294578552246094,11.220945358276367,54.64894485473633,7.981069087982178
57.0,22.5,49.50103759765625,29.06698226928711,11.178089141845703,54.37443923950195,7.981069087982178
58.0,22.5,49.58159637451172,29.815475463867188,11.150627136230469,54.048492431640625,7.981069087982178
59.0,22.5,49.617095947265625,30.537899017333984,11.138526916503906,53.67232131958008,7.981069087982178
60.0,22.5,49.728546142578125,31.291309356689453,11.100534439086914,53.344276428222656,7.981069087982178
61.0,22.5,49.8826904296875,32.06190490722656,11.047994613647461,53.036075592041016,7.981069087982178
