angle,vert_angle,dist,x,y,z,height
207.0,-22.5,49.98183822631836,27.32040786743164,10.354507446289062,53.585662841796875,8.002138137817383
208.0,-22.5,49.803932189941406,28.124740600585938,10.41749382019043,53.376041412353516,8.002138137817383
209.0,-22.5,49.628177642822266,28.92256736755371,10.479717254638672,53.154632568359375,8.002138137817383
210.0,-22.5,49.44673156738281,29.71302604675293,10.543956756591797,52.91427993774414,8.002138137817383
211.0,-22.5,49.352630615234375,30.50555419921875,10.577274322509766,52.741641998291016,8.002138137817383
212.0,-22.5,49.24308776855469,31.29153823852539,10.616058349609375,52.54106903076172,8.002138137817383
213.0,-22.5,49.139007568359375,32.0728759765625,10.65290641784668,52.332115173339844,8.002138137817383
214.0,-22.5,49.090694427490234,32.857452392578125,10.670011520385742,52.161251068115234,8.002138137817383
215.0,-22.5,49.049190521240234,33.63930130004883,10.68470573425293,51.983116149902344,8.002138137817383
216.0,-22.5,49.030879974365234,34.421600341796875,10.691190719604492,51.81275177001953,8.002138137817383
217.0,-22.5,49.08408737182617,35.2150764465332,10.672351837158203,51.69409942626953,8.002138137817383
218.0,-22.5,49.09652328491211,35.998252868652344,10.667947769165039,51.52436065673828,8.002138137817383
219.0,-22.5,49.083744049072266,36.77262878417969,10.67247200012207,51.31809616088867,8.002138137817383
220.0,-22.5,49.19149398803711,37.57331848144531,10.634326934814453,51.207000732421875,8.002138137817383
221.0,-22.5,49.295494079589844,38.37263870239258,10.597503662109375,51.078102111816406,8.002138137817383
222.0,-22.5,49.37933349609375,39.16550827026367,10.567821502685547,50.91679382324219,8.002138137817383
223.0,-22.5,49.58592224121094,39.9932975769043,10.494680404663086,50.85007858276367,8.002138137817383
224.0,-22.5,49.753353118896484,40.81072235107422,10.435401916503906,50.733314514160156,8.002138137817383
225.0,-22.5,49.989261627197266,41.651039123535156,10.351879119873047,50.66133117675781,8.002138137817383
