angle,vert_angle,dist,x,y,z,height
86.0,-22.5,44.37327194213867,-0.2758881449699402,22.5,113.31027221679688,17.06027603149414
87.0,-22.5,44.37327575683594,0.2865336537361145,22.5,113.83755493164062,17.06027603149414
88.0,-22.5,45.14121627807617,0.3499982953071594,22.42709732055664,114.92616271972656,17.06027603149414
89.0,-22.5,46.05177688598633,0.3499981462955475,22.340656280517578,116.12997436523438,17.06027603149414
90.0,-22.5,47.01445007324219,0.34999799728393555,22.249263763427734,117.38375854492188,17.06027603149414
91.0,-22.5,48.03316116333008,0.3499978482723236,22.15255355834961,118.69146728515625,17.06027603149414
92.0,-22.5,49.11228942871094,0.3500024676322937,22.05010986328125,120.0575180053711,17.06027603149414
347.0,-22.5,49.45621871948242,0.3500021994113922,22.017459869384766,42.21076965332031,17.06027603149414
348.0,-22.5,48.35760498046875,0.3500020503997803,22.121753692626953,43.595680236816406,17.06027603149414
349.0,-22.5,47.32083511352539,0.35000187158584595,22.220178604125977,44.920814514160156,17.06027603149414
350.0,-22.5,46.34142303466797,0.350001722574234,22.31315803527832,46.19068145751953,17.06027603149414
351.0,-22.5,45.415252685546875,0.35000157356262207,22.401081085205078,47.409446716308594,17.06027603149414
352.0,-22.5,44.5386962890625,0.3500014543533325,22.484296798706055,48.58077621459961,17.06027603149414
353.0,-22.5,44.373287200927734,-0.1043192595243454,22.5,49.226749420166016,17.06027603149414
