angle,vert_angle,dist,x,y,z,height
48.0,22.5,48.657901763916016,-0.04624926671385765,22.5,98.94075775146484,16.906354904174805
49.0,22.5,49.28822326660156,0.3500000834465027,22.44342041015625,99.92144775390625,16.906354904174805
291.0,22.5,49.5545539855957,0.35000061988830566,22.41951560974121,15.538543701171875,16.906354904174805
292.0,22.5,48.65790939331055,0.08682672679424286,22.5,16.745525360107422,16.906354904174805
