angle,vert_angle,dist,x,y,z,height
115.0,-16.875,49.742088317871094,0.34999892115592957,22.435579299926758,29.6295166015625,17.098812103271484
116.0,-16.875,49.032535552978516,0.03622118756175041,22.5,30.696136474609375,17.098812103271484
227.0,-16.875,49.032527923583984,0.24364914000034332,22.5,111.18009185791016,17.098812103271484
116.0,-22.5,49.23015594482422,0.3499988615512848,21.78104019165039,30.32662010192871,17.098812103271484
117.0,-22.5,48.00014877319336,0.34999868273735046,21.910226821899414,31.81258773803711,17.098812103271484
118.0,-22.5,46.844017028808594,0.34999850392341614,22.031652450561523,33.22654724121094,17.098812103271484
119.0,-22.5,45.75590133666992,0.3499983549118042,22.145936965942383,34.574363708496094,17.098812103271484
120.0,-22.5,44.73048400878906,0.34999820590019226,22.25363540649414,35.86139678955078,17.098812103271484
121.0,-22.5,43.76308059692383,0.3499980568885803,22.355239868164062,37.09234619140625,17.098812103271484
122.0,-22.5,42.84938430786133,0.3499979078769684,22.451202392578125,38.271568298339844,17.098812103271484
123.0,-22.5,42.3847770690918,0.08904611319303513,22.5,39.103736877441406,17.098812103271484
221.0,-22.5,42.3847770690918,0.19976775348186493,22.5,102.7261962890625,17.098812103271484
222.0,-22.5,43.02748107910156,0.34999963641166687,22.432498931884766,103.69331359863281,17.098812103271484
223.0,-22.5,43.95155334472656,0.34999948740005493,22.3354434967041,104.88251495361328,17.098812103271484
224.0,-22.5,44.93019104003906,0.3499993681907654,22.2326602935791,106.12430572509766,17.098812103271484
225.0,-22.5,45.96771240234375,0.34999918937683105,22.123689651489258,107.42305755615234,17.098812103271484
226.0,-22.5,47.068965911865234,0.3499990403652191,22.008026123046875,108.78364562988281,17.098812103271484
227.0,-22.5,48.23933410644531,0.3499988615512848,21.88510513305664,110.21146392822266,17.098812103271484
228.0,-22.5,49.48482894897461,0.34999868273735046,21.754291534423828,111.71253967285156,17.098812103271484
